voyage_id,MMSI,vessel_name,vessel_class,t_start,t_end,n_points,duration_hours,avg_sog,std_sog,max_sog,lat_start,lon_start,lat_end,lon_end,stopped_ratio,course_std,n_signal_conflict,max_gap_hours,n_gaps,draft_n,draft_min,draft_max,draft_mean,draft_std,draft_range,draft_reliable_vessel,draft_class
229645000_1,229645000,PENELOPE M,Tanker,2017-01-28 09:46:11+00:00,2017-01-28 15:40:31+00:00,299,5.905555555555556,10.238795986622074,1.6333663991307468,13.6,19.60464,-153.97744,19.76846,-155.03032,0.0,2.573679941447585,1,19.08888888888889,1,299.0,8.8,8.8,8.8,0.0,0.0,False,证据缺失_该船吃水字段不更新
229645000_2,229645000,PENELOPE M,Tanker,2017-01-29 10:45:51+00:00,2017-01-31 23:59:22+00:00,2111,61.22527777777778,10.413169114163903,4.36329335043017,15.6,19.79889,-155.04927,21.14886,-157.97066,0.0246328754144955,15.262998335853464,0,4.55,9,2111.0,8.8,8.8,8.8,0.0,0.0,False,证据缺失_该船吃水字段不更新
240944000_1,240944000,ASAHI PRINCESS,Tanker,2017-01-29 11:22:26+00:00,2017-01-31 23:58:48+00:00,1841,60.60611111111111,4.15703422053232,4.488816502228189,10.2,20.43,-160.4233,21.27797,-158.07263,0.48071700162954917,30.541819137195926,0,,0,1841.0,14.8,14.8,14.8,0.0,0.0,False,证据缺失_该船吃水字段不更新
240969000_1,240969000,UNITED EMBLEM,Tanker,2017-01-01 00:00:13+00:00,2017-01-07 14:36:44+00:00,4771,158.60861111111112,2.181701949276881,4.243464640499824,14.6,21.26987,-158.09085,21.2404,-159.91715,0.6055334311465101,28.29943386952103,0,,0,4771.0,17.0,17.0,17.0,0.0,0.0,False,证据缺失_该船吃水字段不更新
241291000_1,241291000,MARAN GAS EFESSOS,Tanker,2017-01-01 00:00:06+00:00,2017-01-01 04:08:41+00:00,196,4.143055555555556,17.169897959183675,0.37163807841655444,18.0,21.1502,-158.38689,21.34997,-159.63745,0.0,1.7134270944926957,0,0.5116666666666667,1,196.0,11.5,11.5,11.5,0.0,0.0,False,证据缺失_该船吃水字段不更新
244128000_1,244128000,WESTERDAM,Passenger,2017-01-20 08:15:36+00:00,2017-01-20 16:39:13+00:00,357,8.393611111111111,13.162745098039217,0.5208423110043592,14.0,20.49632,-153.22336,19.81717,-155.05574,0.0,1.4677177935295551,1,11.905,1,357.0,8.0,8.0,8.0,0.0,0.0,False,证据缺失_该船吃水字段不更新
244128000_2,244128000,WESTERDAM,Passenger,2017-01-21 04:33:31+00:00,2017-01-25 16:19:38+00:00,3573,107.76861111111111,7.497760985166527,6.609491759855287,18.4,19.77321,-155.02265,21.84336,-154.52462,0.40470193115029385,24.478242279400863,0,5.800833333333333,1,3573.0,8.0,8.0,8.0,0.0,0.0,False,证据缺失_该船吃水字段不更新
244370000_1,244370000,AMSTERDAM,Passenger,2017-01-25 11:47:26+00:00,2017-01-25 15:41:04+00:00,195,3.8938888888888887,15.348205128205128,1.1406429544156664,16.4,20.17763,-154.06576,19.82013,-155.05687,0.0,1.5966245576526314,1,11.911388888888888,1,195.0,8.1,8.1,8.1,0.0,0.0,False,证据缺失_该船吃水字段不更新
244370000_2,244370000,AMSTERDAM,Passenger,2017-01-26 03:35:45+00:00,2017-01-28 13:43:28+00:00,1748,58.12861111111111,10.245366132723113,7.969066284004186,20.1,19.82061,-155.06318,19.83244,-161.09027,0.35640732265446223,26.960962343732472,0,,0,1748.0,8.1,8.1,8.1,0.0,0.0,False,证据缺失_该船吃水字段不更新
247313300_1,247313300,CYRENAICA G,Cargo,2017-01-19 06:11:06+00:00,2017-01-21 14:08:43+00:00,2058,55.960277777777776,8.858989310009719,4.541755644607674,13.0,20.83989,-161.69464,22.36271,-155.09359,0.1933916423712342,5.985472471117691,0,1.0447222222222223,1,2058.0,13.0,13.0,13.0,0.0,0.0,False,证据缺失_该船吃水字段不更新
249933000_1,249933000,VECTIS CASTLE,Cargo,2017-01-18 04:28:15+00:00,2017-01-21 01:13:55+00:00,2353,68.7611111111111,7.68801529961751,2.9910681969740356,12.3,18.15199,-154.70045,21.46365,-161.26993,0.06629834254143646,6.882392751260989,0,4.522777777777778,7,2353.0,7.9,7.9,7.9,0.0,0.0,False,证据缺失_该船吃水字段不更新
303031000_1,303031000,POLAR ADVENTURE,Tanker,2017-01-15 13:22:53+00:00,2017-01-18 14:22:39+00:00,2367,72.9961111111111,7.316265314744402,6.100582119078798,15.7,22.98151,-158.20147,24.07088,-157.89842,0.34600760456273766,17.640612059579308,0,,0,2367.0,17.5,17.5,17.5,0.0,0.0,False,证据缺失_该船吃水字段不更新
303165000_1,303165000,KAIMIKAI-O-KANALOA,Research Vessel,2017-01-01 00:00:54+00:00,2017-01-31 23:58:29+00:00,14671,743.9597222222222,0.01954876968168496,0.04020517662384614,0.8,21.31549,-157.87726,21.31674,-157.87648,0.9999318383204963,1.585744289797786,0,,0,14671.0,4.0,4.0,4.0,0.0,0.0,False,证据缺失_该船吃水字段不更新
303174000_1,303174000,GAIL ANN,Fishing,2017-01-05 06:20:25+00:00,2017-01-20 13:24:45+00:00,8009,367.0722222222222,1.0846922212510923,2.382895762737973,8.7,20.43616,-159.08404,20.45513,-158.95983,0.8231989012361094,6.4791234071424,0,,0,,,,,,,,证据缺失_无吃水数据
303584000_1,303584000,MAUNALEI,Cargo,2017-01-22 20:44:06+00:00,2017-01-24 23:13:20+00:00,2622,50.48722222222222,6.457055682684974,8.767584597140544,19.8,22.43678,-155.05714,21.34672,-161.13298,0.6342486651411137,61.919970614148106,0,0.5616666666666666,1,2622.0,11.4,11.4,11.4,0.0,0.0,False,证据缺失_该船吃水字段不更新
303890000_1,303890000,BRITTIN,Cargo,2017-01-02 22:02:09+00:00,2017-01-09 09:16:41+00:00,4108,155.2422222222222,4.8906280428432325,6.105823721350284,16.9,22.95642,-155.38618,20.98774,-154.2275,0.5666991236611489,4.91118569028861,0,1.5333333333333334,2,4108.0,10.9,10.9,10.9,0.0,0.0,False,证据缺失_该船吃水字段不更新
303925000_1,303925000,PATHFINDER,"Public Vessel, Unclassified",2017-01-24 13:46:35+00:00,2017-01-24 21:14:26+00:00,392,7.464166666666666,1.3885204081632652,2.4467622229267647,11.4,21.26156,-157.96866,21.35168,-157.94365,0.5153061224489796,25.56543108781883,0,,0,392.0,5.8,5.8,5.8,0.0,0.0,False,证据缺失_该船吃水字段不更新
303966000_1,303966000,USS MICHAEL MURPHY,"Public Vessel, Unclassified",2017-01-05 16:52:01+00:00,2017-01-06 03:24:26+00:00,159,10.540277777777778,2.8144654088050314,2.9156243545697778,9.1,21.3531,-157.95212,21.35223,-157.94683,0.4025157232704403,65.6056055080574,0,14.149722222222222,3,,,,,,,,证据缺失_无吃水数据
303966000_2,303966000,USS MICHAEL MURPHY,"Public Vessel, Unclassified",2017-01-06 17:33:25+00:00,2017-01-07 01:56:18+00:00,125,8.381388888888889,9.131200000000002,5.265505765616628,19.5,21.35225,-157.94683,21.35233,-157.947,0.096,29.84942897350943,1,160.6352777777778,2,,,,,,,,证据缺失_无吃水数据
303966000_3,303966000,USS MICHAEL MURPHY,"Public Vessel, Unclassified",2017-01-13 18:34:25+00:00,2017-01-13 19:51:16+00:00,58,1.2808333333333333,8.253448275862068,5.833815985563654,21.0,21.35233,-157.94698,21.24608,-157.9241,0.15517241379310345,46.92197450799916,0,,0,,,,,,,,证据缺失_无吃水数据
303999000_1,303999000,OSCAR ELTON SETTE,Research Vessel,2017-01-17 16:46:32+00:00,2017-01-31 23:57:09+00:00,6603,343.1769444444444,9.086778736937757e-05,0.003013286726990581,0.1,21.36585,-157.96643,21.36588,-157.96643,1.0,0.9830667522389686,0,,0,6603.0,4.6,4.6,4.6,0.0,0.0,False,证据缺失_该船吃水字段不更新
303999004_1,303999004,STEEL TOE,Diving,2017-01-26 23:02:22+00:00,2017-01-27 00:53:56+00:00,31,1.8594444444444445,0.0032258064516129032,0.01796053020267749,0.1,21.36528,-157.96378,21.36522,-157.96383,1.0,39.773300118281,0,,0,,,,,,,,证据缺失_无吃水数据
304643000_1,304643000,SUZANNE,Cargo,2017-01-01 16:58:06+00:00,2017-01-03 16:23:45+00:00,1649,47.4275,6.6805942995755,6.861308034738314,16.1,19.66961,-159.0769,19.74879,-159.02907,0.47725894481503944,7.849944381225599,0,495.3355555555556,2,1649.0,8.3,8.3,8.3,0.0,0.0,False,证据缺失_该船吃水字段不更新
304643000_2,304643000,SUZANNE,Cargo,2017-01-24 07:43:53+00:00,2017-01-26 16:08:31+00:00,2028,56.410555555555554,6.87258382642998,6.8416912998542285,15.5,18.20464,-160.08578,19.41389,-159.25815,0.4373767258382643,11.295828091329204,0,2.6733333333333333,3,2028.0,8.3,8.3,8.3,0.0,0.0,False,证据缺失_该船吃水字段不更新
305789000_1,305789000,EIT PALOMA,Cargo,2017-01-11 05:36:03+00:00,2017-01-13 15:17:26+00:00,1880,57.68972222222222,8.90627659574468,5.8695861419245015,15.0,18.50933,-159.924,22.948,-155.57317,0.28138297872340423,53.61417399535458,0,1.0475,4,1880.0,7.2,7.2,7.2,0.0,0.0,False,证据缺失_该船吃水字段不更新
308322000_1,308322000,SILVER WHISPER,Passenger,2017-01-12 12:29:31+00:00,2017-01-12 16:47:55+00:00,202,4.306666666666667,15.336138613861387,0.39085432717153906,16.2,20.3154,-154.01707,19.78588,-155.04052,0.0,0.8507532512587673,1,12.001666666666667,1,202.0,6.1,6.1,6.099999999999999,0.0,0.0,False,证据缺失_该船吃水字段不更新
308322000_2,308322000,SILVER WHISPER,Passenger,2017-01-13 04:48:01+00:00,2017-01-15 18:57:39+00:00,2226,62.160555555555554,8.483647798742139,6.030570986061024,16.5,19.81095,-155.05137,18.89466,-158.87058,0.28796046720575025,48.639212444571875,0,,0,2226.0,6.1,6.1,6.1,0.0,0.0,False,证据缺失_该船吃水字段不更新
310327000_1,310327000,GRAND PRINCESS,Passenger,2017-01-14 12:08:57+00:00,2017-01-14 16:44:19+00:00,209,4.589444444444444,14.473205741626794,2.023527422968449,16.7,20.31641,-153.98168,19.81711,-155.04513,0.0,1.4894830588525323,1,10.962222222222222,1,209.0,8.5,8.5,8.5,0.0,0.0,False,证据缺失_该船吃水字段不更新
310327000_2,310327000,GRAND PRINCESS,Passenger,2017-01-15 03:42:03+00:00,2017-01-18 16:38:23+00:00,3281,84.93888888888888,10.965498323681805,6.924704678263973,21.1,19.80654,-155.05777,22.05147,-153.00338,0.2151782992989942,29.728272237858302,0,0.6280555555555556,2,3281.0,8.5,8.5,8.5,0.0,0.0,False,证据缺失_该船吃水字段不更新
310361000_1,310361000,STAR PRINCESS,Passenger,2017-01-09 13:51:54+00:00,2017-01-09 17:29:18+00:00,187,3.6233333333333335,15.872727272727271,1.1101460455382623,16.5,20.19431,-154.10525,19.80651,-155.03612,0.0,0.9935286101059697,1,11.160277777777777,1,187.0,8.4,8.4,8.4,0.0,0.0,False,证据缺失_该船吃水字段不更新
310361000_2,310361000,STAR PRINCESS,Passenger,2017-01-10 04:38:55+00:00,2017-01-13 14:01:14+00:00,3007,81.37194444444444,10.671566345194547,7.162575049855688,19.2,19.81855,-155.06515,21.67069,-154.50638,0.2643831060857998,25.305413291692382,0,359.2652777777778,1,3007.0,8.4,8.4,8.4,0.0,0.0,False,证据缺失_该船吃水字段不更新
310361000_3,310361000,STAR PRINCESS,Passenger,2017-01-28 13:17:09+00:00,2017-01-28 17:14:27+00:00,212,3.955,16.358018867924528,0.35530087326488086,16.9,20.23505,-154.00256,19.79853,-155.05052,0.0,0.8219533515468879,1,11.351944444444445,1,212.0,8.4,8.4,8.4,0.0,0.0,False,证据缺失_该船吃水字段不更新
310361000_4,310361000,STAR PRINCESS,Passenger,2017-01-29 04:35:34+00:00,2017-01-31 23:57:38+00:00,2439,67.36777777777777,10.516277162771628,6.804315808098598,19.9,19.80922,-155.06041,20.85844,-156.68438,0.25174251742517423,21.180969595715787,0,,0,2439.0,8.4,8.4,8.4,0.0,0.0,False,证据缺失_该船吃水字段不更新
310459000_1,310459000,ARCADIA,Passenger,2017-01-31 08:42:07+00:00,2017-01-31 23:57:44+00:00,598,15.260277777777778,16.293645484949835,8.95571234872489,22.9,21.92942,-154.67858,21.30235,-157.86503,0.20066889632107024,28.82525510779174,0,,0,598.0,8.0,8.0,8.0,0.0,0.0,False,证据缺失_该船吃水字段不更新
311000261_1,311000261,SEISHU MARU,Tanker,2017-01-10 18:23:54+00:00,2017-01-11 16:14:49+00:00,649,21.84861111111111,17.803389830508475,0.4050844721632552,18.7,23.50025,-155.17477,21.85546,-161.39319,0.0,1.5162458787005737,0,1.246388888888889,2,649.0,12.5,12.5,12.5,0.0,0.0,False,证据缺失_该船吃水字段不更新
311000410_1,311000410,WORLD ODYSSEY,Passenger,2017-01-12 02:29:19+00:00,2017-01-13 15:30:47+00:00,1322,37.02444444444444,10.251210287443268,6.250786055855601,16.5,21.86815,-154.7799,20.92758,-159.53252,0.24735249621785174,32.61541551868632,0,0.73,1,1322.0,5.8,5.8,5.8,0.0,0.0,False,证据缺失_该船吃水字段不更新
311050600_1,311050600,SEVEN SEAS NAVIGATOR,Passenger,2017-01-27 11:41:41+00:00,2017-01-30 15:38:34+00:00,3275,75.94805555555556,12.431725190839694,5.4845908916555315,19.5,21.88167,-154.56944,19.81072,-155.0389,0.11969465648854961,32.9861491495197,1,13.219166666666666,1,3275.0,7.3,7.3,7.3,0.0,0.0,False,证据缺失_该船吃水字段不更新
311050600_2,311050600,SEVEN SEAS NAVIGATOR,Passenger,2017-01-31 04:51:43+00:00,2017-01-31 06:53:19+00:00,92,2.026666666666667,18.257608695652173,0.37540708911915527,19.1,19.77994,-155.01681,19.40369,-154.5185,0.0,2.1412022914118256,0,,0,92.0,7.3,7.3,7.3,0.0,0.0,False,证据缺失_该船吃水字段不更新
311476000_1,311476000,LIMERICK SPIRIT,Tanker,2017-01-01 00:02:13+00:00,2017-01-03 11:28:31+00:00,2237,59.43833333333333,1.9742959320518552,2.768881513761627,14.3,21.28714,-157.92723,21.26888,-158.0903,0.29906124273580686,20.68765633365187,0,43.643055555555556,1,2237.0,14.9,14.9,14.900000000000002,0.0,0.0,False,证据缺失_该船吃水字段不更新
311476000_2,311476000,LIMERICK SPIRIT,Tanker,2017-01-05 07:07:06+00:00,2017-01-05 17:52:55+00:00,524,10.76361111111111,10.192748091603054,4.873531046566857,14.0,21.26792,-158.08617,20.87935,-159.62405,0.013358778625954198,10.953815158808197,0,,0,524.0,14.9,14.9,14.9,0.0,0.0,False,证据缺失_该船吃水字段不更新
316017865_1,316017865,FORTY,Pleasure Craft/Sailing,2017-01-16 21:32:30+00:00,2017-01-17 02:51:00+00:00,182,5.308333333333334,4.946703296703297,2.396259772000148,7.6,21.32944,-158.11887,21.28401,-157.83939,0.15384615384615385,20.086960410037804,0,68.19194444444445,1,182.0,1.8,1.8,1.8,0.0,0.0,False,证据缺失_该船吃水字段不更新
316017865_2,316017865,FORTY,Pleasure Craft/Sailing,2017-01-19 23:02:31+00:00,2017-01-20 01:56:01+00:00,105,2.8916666666666666,5.3257142857142865,2.0094502008982738,8.0,21.25423,-157.94419,21.32864,-158.11955,0.0761904761904762,35.78320477056211,0,,0,105.0,1.8,1.8,1.8,0.0,0.0,False,证据缺失_该船吃水字段不更新
319005600_1,319005600,FALKOR,Research Vessel,2017-01-15 23:33:54+00:00,2017-01-27 18:42:32+00:00,7487,283.1438888888889,3.4788967543742486,4.249876327147035,18.0,20.0469,-160.70532,21.74852,-154.77648,0.42620542273273676,58.27874335624192,0,85.00722222222223,3,7487.0,4.8,4.8,4.8,0.0,0.0,False,证据缺失_该船吃水字段不更新
319005600_2,319005600,FALKOR,Research Vessel,2017-01-31 07:42:58+00:00,2017-01-31 23:59:37+00:00,769,16.2775,10.820936280884265,1.687204034955463,12.0,21.48038,-154.77405,21.25508,-157.86845,0.0,5.002817490005406,0,0.7997222222222222,1,769.0,4.8,4.8,4.8,0.0,0.0,False,证据缺失_该船吃水字段不更新
319073300_1,319073300,T/T ASAHI,Pleasure Craft/Sailing,2017-01-03 23:43:47+00:00,2017-01-04 00:32:16+00:00,35,0.8080555555555555,37.82,5.383187334874467,44.5,21.16849,-157.5221,21.26532,-158.04734,0.0,6.337465346901147,0,,0,,,,,,,,证据缺失_无吃水数据
319266000_1,319266000,ASAHI,Pleasure Craft/Sailing,2017-01-01 00:00:04+00:00,2017-01-12 11:08:32+00:00,8290,275.1411111111111,1.7946079613992763,4.473452327225181,15.6,20.72843,-156.89815,22.48713,-155.19801,0.8402895054282268,31.659341209578525,0,,0,8290.0,4.0,4.0,4.0,0.0,0.0,False,证据缺失_该船吃水字段不更新
319329000_1,319329000,INVICTUS,Pleasure Craft/Sailing,2017-01-01 00:01:43+00:00,2017-01-20 15:36:21+00:00,10302,471.57722222222225,1.8871384197243253,4.4816718497389125,17.0,20.70846,-156.45123,18.28063,-157.22859,0.7984857309260338,35.29003928533906,0,,0,10302.0,4.0,4.0,4.0,0.0,0.0,False,证据缺失_该船吃水字段不更新
338060159_1,338060159,SHINE EXP WVGL1,Other,2017-01-24 01:26:42+00:00,2017-01-25 00:30:00+00:00,820,23.055,0.13097560975609757,0.25585504975707785,2.5,20.03781,-155.83091,20.03795,-155.83094,0.9036585365853659,79.72285401164146,0,1.9577777777777778,1,,,,,,,,证据缺失_无吃水数据
338070127_1,338070127,HONOLULU,Pilot vessel,2017-01-01 00:01:20+00:00,2017-01-27 05:37:25+00:00,11908,629.6013888888889,0.2086496472959355,1.627251986888993,25.4,21.31315,-157.86714,21.31309,-157.86716,0.9779140073899899,81.72206467304244,0,21.75138888888889,1,,,,,,,,证据缺失_无吃水数据
338070127_2,338070127,HONOLULU,Pilot vessel,2017-01-28 03:22:30+00:00,2017-01-28 09:35:27+00:00,96,6.215833333333333,0.24270833333333333,1.3353292353074082,8.0,21.31309,-157.86717,21.3131,-157.86717,0.96875,73.88158336542543,0,45.71722222222222,1,,,,,,,,证据缺失_无吃水数据
338070127_3,338070127,HONOLULU,Pilot vessel,2017-01-30 07:18:29+00:00,2017-01-31 23:59:55+00:00,871,40.690555555555555,2.24247990815155,5.3573934564846315,22.9,21.31308,-157.86716,21.31313,-157.86715,0.7921928817451206,83.55638044775448,0,,0,,,,,,,,证据缺失_无吃水数据
338070129_1,338070129,KAWIKA,Pilot vessel,2017-01-01 00:03:46+00:00,2017-01-07 18:11:12+00:00,3178,162.1238888888889,0.3777533039647577,2.6167517508760803,32.4,21.32878,-158.1207,21.32871,-158.12074,0.9562617998741346,59.532929518919715,0,70.19888888888889,1,,,,,,,,证据缺失_无吃水数据
338070129_2,338070129,KAWIKA,Pilot vessel,2017-01-10 16:23:08+00:00,2017-01-10 21:00:21+00:00,125,4.620277777777778,3.0744000000000002,5.4750740752096,26.5,21.3287,-158.12074,21.32877,-158.12074,0.536,74.66038862095655,0,23.981666666666666,1,,,,,,,,证据缺失_无吃水数据
338070129_3,338070129,KAWIKA,Pilot vessel,2017-01-11 20:59:15+00:00,2017-01-11 22:04:44+00:00,42,1.091388888888889,7.630952380952381,10.077080686806513,28.9,21.32876,-158.12075,21.32874,-158.12073,0.2857142857142857,75.21463872178593,0,26.053333333333335,1,,,,,,,,证据缺失_无吃水数据
338070129_4,338070129,KAWIKA,Pilot vessel,2017-01-13 00:07:56+00:00,2017-01-13 01:35:51+00:00,48,1.4652777777777777,4.158333333333333,6.550258508243983,30.6,21.32877,-158.12074,21.32874,-158.12074,0.375,76.19626254306648,0,39.55083333333334,1,,,,,,,,证据缺失_无吃水数据
338070129_5,338070129,KAWIKA,Pilot vessel,2017-01-14 17:08:54+00:00,2017-01-14 17:59:51+00:00,37,0.8491666666666666,9.989189189189188,10.4460727278454,30.8,21.3287,-158.12074,21.32871,-158.12074,0.10810810810810811,64.9601509107638,0,291.915,1,,,,,,,,证据缺失_无吃水数据
338070129_6,338070129,KAWIKA,Pilot vessel,2017-01-26 21:54:45+00:00,2017-01-31 23:58:54+00:00,2300,122.06916666666666,0.19256521739130433,1.8961079232807097,30.9,21.32442,-158.11869,21.32876,-158.12071,0.9760869565217392,68.91013396438103,0,0.9497222222222222,2,,,,,,,,证据缺失_无吃水数据
338070726_1,338070726,PAUKA'A,Industrial Vessel,2017-01-04 09:55:52+00:00,2017-01-04 11:51:52+00:00,43,1.9333333333333333,5.523255813953488,6.046322660817515,26.6,20.89529,-156.46533,20.8953,-156.46533,0.27906976744186046,57.565407378016374,0,18.336111111111112,1,,,,,,,,证据缺失_无吃水数据
338070726_2,338070726,PAUKA'A,Industrial Vessel,2017-01-05 06:12:02+00:00,2017-01-05 07:48:09+00:00,36,1.6019444444444444,3.072222222222222,4.079818701231788,15.3,20.89529,-156.46535,20.89529,-156.46533,0.4722222222222222,84.78672402816713,0,331.8625,1,,,,,,,,证据缺失_无吃水数据
338070726_3,338070726,PAUKA'A,Industrial Vessel,2017-01-19 03:39:54+00:00,2017-01-19 04:43:24+00:00,30,1.0583333333333333,4.4,4.8939089517058045,18.1,20.89531,-156.46532,20.89529,-156.46533,0.23333333333333334,73.29251267212159,0,13.291666666666666,1,,,,,,,,证据缺失_无吃水数据
338070726_4,338070726,PAUKA'A,Industrial Vessel,2017-01-19 18:00:54+00:00,2017-01-19 19:09:24+00:00,26,1.1416666666666666,8.038461538461538,7.9452666121698865,30.2,20.89528,-156.46534,20.89529,-156.46533,0.15384615384615385,45.746662173321454,0,,0,,,,,,,,证据缺失_无吃水数据
338100643_1,338100643,PANACEA,Pleasure Craft/Sailing,2017-01-27 19:12:12+00:00,2017-01-28 01:15:29+00:00,4,6.054722222222222,2.525,2.007278422807027,5.5,21.07405,-157.03051,21.04631,-156.99721,0.0,62.13262696308064,1,3.973333333333333,2,,,,,,,,证据缺失_无吃水数据
338114024_1,338114024,LUCKY STAR,Pleasure Craft/Sailing,2017-01-12 16:25:25+00:00,2017-01-12 19:13:26+00:00,9,2.8002777777777776,0.18888888888888888,0.0927960727138337,0.3,21.94962,-159.35295,21.94957,-159.35286,1.0,107.9126026997244,0,131.59083333333334,3,,,,,,,,证据缺失_无吃水数据
338114024_2,338114024,LUCKY STAR,Pleasure Craft/Sailing,2017-01-18 06:48:53+00:00,2017-01-18 10:09:54+00:00,5,3.350277777777778,0.24,0.08944271909999157,0.3,21.94927,-159.35311,21.94928,-159.35313,1.0,134.17190465965666,0,1.9502777777777778,2,,,,,,,,证据缺失_无吃水数据
338125615_1,338125615,FIDELIA,Research Vessel,2017-01-15 21:35:32+00:00,2017-01-16 00:16:22+00:00,16,2.6805555555555554,3.50625,0.8895457642340087,4.4,21.95069,-159.35442,21.92871,-159.30203,0.0,72.58121756251505,2,311.18833333333333,2,,,,,,,,证据缺失_无吃水数据
338125615_2,338125615,FIDELIA,Research Vessel,2017-01-28 23:27:40+00:00,2017-01-29 00:29:40+00:00,5,1.0333333333333334,5.2,1.0606601717798212,6.0,21.90759,-159.33284,21.90976,-159.32065,0.0,86.15077384059494,0,0.625,1,,,,,,,,证据缺失_无吃水数据
338126027_1,338126027,TRITON,Pleasure Craft/Sailing,2017-01-14 00:19:06+00:00,2017-01-14 00:19:06+00:00,1,0.0,0.0,,0.0,21.32808,-158.12015,21.32808,-158.12015,1.0,,0,24.115555555555556,1,,,,,,,,证据缺失_无吃水数据
338126027_2,338126027,TRITON,Pleasure Craft/Sailing,2017-01-15 00:26:02+00:00,2017-01-15 01:52:31+00:00,34,1.4413888888888888,0.40588235294117647,1.1465207385484002,4.5,21.32809,-158.12016,21.32805,-158.12016,0.8823529411764706,80.77582275450166,0,14.486944444444445,1,,,,,,,,证据缺失_无吃水数据
338126027_3,338126027,TRITON,Pleasure Craft/Sailing,2017-01-15 16:21:44+00:00,2017-01-15 23:52:58+00:00,285,7.520555555555555,6.659999999999999,2.80169968532685,13.8,21.32804,-158.12015,21.3281,-158.12012,0.12982456140350876,35.150007396260946,0,208.71277777777777,1,,,,,,,,证据缺失_无吃水数据
338126027_4,338126027,TRITON,Pleasure Craft/Sailing,2017-01-24 16:35:44+00:00,2017-01-24 22:33:31+00:00,207,5.963055555555556,5.645893719806764,3.728604992826833,20.1,21.32804,-158.12015,21.32809,-158.12013,0.2463768115942029,58.36876519318873,0,72.94305555555556,1,,,,,,,,证据缺失_无吃水数据
338126027_5,338126027,TRITON,Pleasure Craft/Sailing,2017-01-27 23:30:06+00:00,2017-01-27 23:39:05+00:00,5,0.14972222222222223,0.04,0.05477225575051662,0.1,21.32814,-158.12016,21.32811,-158.12015,1.0,21.618741869035762,0,,0,,,,,,,,证据缺失_无吃水数据
338126481_1,338126481,ONE EYED JACK,Pleasure Craft/Sailing,2017-01-01 22:28:50+00:00,2017-01-02 03:07:13+00:00,108,4.639722222222222,4.932407407407408,1.8892132914272453,7.5,21.3103,-157.89387,21.31591,-157.89162,0.018518518518518517,41.506576271039364,0,256.97277777777776,2,,,,,,,,证据缺失_无吃水数据
338126481_2,338126481,ONE EYED JACK,Pleasure Craft/Sailing,2017-01-12 20:05:35+00:00,2017-01-12 20:46:33+00:00,28,0.6827777777777778,4.95,1.9188152208724663,7.0,21.31423,-157.89161,21.31592,-157.89161,0.10714285714285714,35.670202716319984,0,310.05583333333334,1,,,,,,,,证据缺失_无吃水数据
338126481_3,338126481,ONE EYED JACK,Pleasure Craft/Sailing,2017-01-25 18:49:54+00:00,2017-01-25 19:35:45+00:00,23,0.7641666666666667,1.891304347826087,2.4396186444677745,6.3,21.3159,-157.89163,21.3159,-157.89162,0.5652173913043478,60.42264633791035,0,119.07888888888888,1,,,,,,,,证据缺失_无吃水数据
338126481_4,338126481,ONE EYED JACK,Pleasure Craft/Sailing,2017-01-30 18:40:29+00:00,2017-01-30 19:43:34+00:00,44,1.051388888888889,5.1477272727272725,2.2914896786033925,7.8,21.3159,-157.89162,21.31591,-157.89162,0.13636363636363635,47.08582277643427,0,,0,,,,,,,,证据缺失_无吃水数据
338141077_1,338141077,POMAIKAI,Pleasure Craft/Sailing,2017-01-01 01:53:40+00:00,2017-01-01 08:19:37+00:00,159,6.4325,2.791194968553459,2.85316576667505,9.7,21.29152,-157.85641,21.29149,-157.85638,0.3710691823899371,72.37957165784121,0,,0,,,,,,,,证据缺失_无吃水数据
338143427_1,338143427,KOA,Pleasure Craft/Sailing,2017-01-03 14:17:29+00:00,2017-01-03 22:54:59+00:00,334,8.625,6.470958083832336,1.1479558715048424,8.8,20.83408,-157.05088,21.29206,-157.85618,0.017964071856287425,11.547039623376325,0,,0,,,,,,,,证据缺失_无吃水数据
338149019_1,338149019,PO'OKELA,Research Vessel,2017-01-21 01:02:26+00:00,2017-01-21 01:35:56+00:00,20,0.5583333333333333,8.285,8.015398010277336,18.0,20.00466,-155.87896,20.039,-155.83131,0.15,91.24011089568725,0,88.675,1,,,,,,,,证据缺失_无吃水数据
338149019_2,338149019,PO'OKELA,Research Vessel,2017-01-24 18:16:26+00:00,2017-01-25 01:57:26+00:00,89,7.683333333333334,1.9606741573033708,4.761102287799827,16.1,20.03894,-155.83132,20.03898,-155.83128,0.7752808988764045,94.05122755803038,0,15.7875,3,,,,,,,,证据缺失_无吃水数据
338149019_3,338149019,PO'OKELA,Research Vessel,2017-01-25 17:44:41+00:00,2017-01-25 21:14:42+00:00,79,3.500277777777778,3.1265822784810124,4.703046172177203,14.8,20.03895,-155.83129,19.99574,-155.86861,0.34177215189873417,71.53156009234029,0,,0,,,,,,,,证据缺失_无吃水数据
338155309_1,338155309,SWEET LEILANI,Pleasure Craft/Sailing,2017-01-02 21:56:16+00:00,2017-01-02 22:49:14+00:00,28,0.8827777777777778,3.225,2.394070607579082,6.6,21.28605,-157.84145,21.26084,-157.83252,0.2857142857142857,51.75473828040225,0,,0,,,,,,,,证据缺失_无吃水数据
338161427_1,338161427,CANTAMAR,Pleasure Craft/Sailing,2017-01-01 00:41:12+00:00,2017-01-01 03:16:10+00:00,23,2.582777777777778,4.334782608695653,1.8157414452634577,6.3,21.44412,-157.79042,21.50346,-157.84847,0.08695652173913043,43.0180310529317,0,15.133888888888889,2,,,,,,,,证据缺失_无吃水数据
338161427_2,338161427,CANTAMAR,Pleasure Craft/Sailing,2017-01-01 18:24:12+00:00,2017-01-01 23:26:21+00:00,7,5.035833333333334,2.7857142857142856,2.776945907184469,6.8,21.50348,-157.84826,21.4451,-157.79183,0.42857142857142855,27.339934162320148,2,113.3561111111111,4,,,,,,,,证据缺失_无吃水数据
338161427_3,338161427,CANTAMAR,Pleasure Craft/Sailing,2017-01-06 16:47:43+00:00,2017-01-06 18:57:05+00:00,30,2.156111111111111,3.6866666666666665,2.2307774017350885,5.9,21.44975,-157.79897,21.45088,-157.80136,0.23333333333333334,56.757352771214215,0,0.5166666666666667,1,,,,,,,,证据缺失_无吃水数据
338164045_1,338164045,WOOFIE,Pleasure Craft/Sailing,2017-01-05 02:53:34+00:00,2017-01-05 05:45:59+00:00,102,2.873611111111111,2.618627450980392,1.6362073019885248,5.7,21.32149,-157.89382,21.32144,-157.89382,0.17647058823529413,64.49305037393295,0,36.47222222222222,1,,,,,,,,证据缺失_无吃水数据
338164045_2,338164045,WOOFIE,Pleasure Craft/Sailing,2017-01-06 18:14:19+00:00,2017-01-06 20:53:05+00:00,40,2.6461111111111113,0.0075000000000000015,0.02667467828369185,0.1,21.3215,-157.89381,21.32149,-157.89378,1.0,38.463077270161556,0,31.184166666666666,1,,,,,,,,证据缺失_无吃水数据
338164045_3,338164045,WOOFIE,Pleasure Craft/Sailing,2017-01-08 04:04:08+00:00,2017-01-08 10:04:41+00:00,107,6.009166666666666,0.017757009345794394,0.04721105585289525,0.3,21.3215,-157.89381,21.3215,-157.8938,1.0,26.265697073698536,0,69.45444444444445,1,,,,,,,,证据缺失_无吃水数据
338164045_4,338164045,WOOFIE,Pleasure Craft/Sailing,2017-01-11 07:31:57+00:00,2017-01-11 08:50:32+00:00,15,1.3097222222222222,0.013333333333333334,0.05163977794943223,0.2,21.32149,-157.8938,21.3215,-157.89382,1.0,0.0,0,17.884722222222223,2,,,,,,,,证据缺失_无吃水数据
338164045_5,338164045,WOOFIE,Pleasure Craft/Sailing,2017-01-12 02:43:37+00:00,2017-01-12 08:06:17+00:00,119,5.377777777777778,1.1016806722689074,0.6286902167928728,3.0,21.3215,-157.8938,21.32146,-157.89383,0.09243697478991597,54.18758695395838,0,162.61638888888888,1,,,,,,,,证据缺失_无吃水数据
338164045_6,338164045,WOOFIE,Pleasure Craft/Sailing,2017-01-19 02:43:16+00:00,2017-01-19 05:10:35+00:00,81,2.455277777777778,2.8617283950617285,1.3092524490367177,5.3,21.32154,-157.89384,21.32149,-157.89381,0.06172839506172839,84.66838177168289,0,73.45083333333334,1,,,,,,,,证据缺失_无吃水数据
338164045_7,338164045,WOOFIE,Pleasure Craft/Sailing,2017-01-22 06:37:38+00:00,2017-01-22 06:57:39+00:00,7,0.33361111111111114,0.028571428571428574,0.048795003647426664,0.1,21.32149,-157.89382,21.32146,-157.89383,1.0,61.44136771481138,0,91.98194444444445,1,,,,,,,,证据缺失_无吃水数据
338164045_8,338164045,WOOFIE,Pleasure Craft/Sailing,2017-01-26 02:56:34+00:00,2017-01-26 05:38:00+00:00,114,2.6905555555555556,3.1903508771929823,1.1039726572737536,5.6,21.32142,-157.89413,21.32149,-157.89383,0.008771929824561403,72.91731007602472,0,,0,,,,,,,,证据缺失_无吃水数据
338175331_1,338175331,NININI,Pilot vessel,2017-01-05 17:30:31+00:00,2017-01-05 18:06:01+00:00,4,0.5916666666666667,5.65,0.38729833462074187,6.2,21.95209,-159.33475,21.98728,-159.3137,0.0,3.847510017314215,1,129.5175,1,,,,,,,,证据缺失_无吃水数据
338175331_2,338175331,NININI,Pilot vessel,2017-01-11 03:37:04+00:00,2017-01-11 03:47:04+00:00,2,0.16666666666666666,7.9,4.242640687119285,10.9,21.95047,-159.35574,21.95,-159.33729,0.0,,1,12.713888888888889,1,,,,,,,,证据缺失_无吃水数据
338175331_3,338175331,NININI,Pilot vessel,2017-01-11 16:29:54+00:00,2017-01-11 16:29:54+00:00,1,0.0,7.9,,7.9,21.95285,-159.35694,21.95285,-159.35694,0.0,,1,10.9875,1,,,,,,,,证据缺失_无吃水数据
338175331_4,338175331,NININI,Pilot vessel,2017-01-12 03:29:09+00:00,2017-01-12 03:33:40+00:00,2,0.07527777777777778,4.2,1.4142135623730951,5.2,21.95155,-159.35101,21.9539,-159.34871,0.0,,1,119.68055555555556,1,,,,,,,,证据缺失_无吃水数据
338175331_5,338175331,NININI,Pilot vessel,2017-01-17 03:14:30+00:00,2017-01-17 03:14:30+00:00,1,0.0,4.1,,4.1,21.95381,-159.34887,21.95381,-159.34887,0.0,,1,301.94416666666666,1,,,,,,,,证据缺失_无吃水数据
338175331_6,338175331,NININI,Pilot vessel,2017-01-29 17:11:09+00:00,2017-01-29 17:13:07+00:00,2,0.03277777777777778,5.15,0.07071067811865482,5.2,21.94829,-159.31547,21.94813,-159.31307,0.0,,1,24.406111111111112,1,,,,,,,,证据缺失_无吃水数据
338175331_7,338175331,NININI,Pilot vessel,2017-01-30 17:37:29+00:00,2017-01-30 17:37:29+00:00,1,0.0,2.7,,2.7,21.95336,-159.35835,21.95336,-159.35835,0.0,,1,9.605555555555556,1,,,,,,,,证据缺失_无吃水数据
338175331_8,338175331,NININI,Pilot vessel,2017-01-31 03:13:49+00:00,2017-01-31 03:13:49+00:00,1,0.0,4.2,,4.2,21.9509,-159.35154,21.9509,-159.35154,0.0,,1,13.860277777777778,1,,,,,,,,证据缺失_无吃水数据
338175331_9,338175331,NININI,Pilot vessel,2017-01-31 17:05:26+00:00,2017-01-31 17:05:26+00:00,1,0.0,4.3,,4.3,21.95095,-159.35178,21.95095,-159.35178,0.0,,0,,0,,,,,,,,证据缺失_无吃水数据
338177179_1,338177179,LAURA LYNN,Pleasure Craft/Sailing,2017-01-01 00:00:01+00:00,2017-01-16 01:04:42+00:00,7324,361.0780555555556,0.3950436919716002,2.296595455821254,29.7,21.32779,-158.11951,21.32779,-158.11951,0.9613599126160568,14.323745652566634,0,0.6002777777777778,2,,,,,,,,证据缺失_无吃水数据
338179903_1,338179903,BARUCH HASHEM,Pleasure Craft/Sailing,2017-01-01 00:01:16+00:00,2017-01-31 23:54:27+00:00,14011,743.8863888888889,0.10092784240953535,0.9882192557855036,34.9,21.32931,-158.12004,21.32919,-158.12001,0.988580401113411,7.767514160194221,0,1.0,2,,,,,,,,证据缺失_无吃水数据
338180994_1,338180994,STARDUST,Pleasure Craft/Sailing,2017-01-01 06:24:59+00:00,2017-01-01 07:13:56+00:00,32,0.8158333333333333,5.21875,1.8520150316396877,6.8,21.26658,-157.89672,21.28717,-157.84324,0.09375,36.519608225530526,0,,0,,,,,,,,证据缺失_无吃水数据
338199855_1,338199855,AHUA POINT,Passenger,2017-01-01 00:00:01+00:00,2017-01-31 23:59:12+00:00,38548,743.9863888888889,1.5074219155338797,4.9984317632728015,38.2,21.31329,-157.86711,21.31329,-157.86712,0.8614454705821314,27.529198360200667,0,1.5958333333333334,3,,,,,,,,证据缺失_无吃水数据
338207837_1,338207837,34 TIME,Pleasure Craft/Sailing,2017-01-15 12:06:10+00:00,2017-01-16 20:18:11+00:00,1006,32.20027777777778,4.480914512922466,1.2056556436201604,8.4,21.44028,-155.36548,21.28612,-157.84332,0.02584493041749503,15.388276247399709,0,81.85277777777777,2,,,,,,,,证据缺失_无吃水数据
338207837_10,338207837,34 TIME,Pleasure Craft/Sailing,2017-01-28 07:03:51+00:00,2017-01-28 09:23:21+00:00,39,2.325,0.030769230769230774,0.046757190011951805,0.1,21.28613,-157.84331,21.28612,-157.84331,1.0,26.56585057522545,0,11.596666666666666,1,,,,,,,,证据缺失_无吃水数据
338207837_11,338207837,34 TIME,Pleasure Craft/Sailing,2017-01-28 20:59:09+00:00,2017-01-29 02:55:09+00:00,107,5.933333333333334,0.041121495327102804,0.04943696391887843,0.1,21.28613,-157.84333,21.28612,-157.84332,1.0,24.307346066082168,0,18.18638888888889,1,,,,,,,,证据缺失_无吃水数据
338207837_12,338207837,34 TIME,Pleasure Craft/Sailing,2017-01-29 21:06:20+00:00,2017-01-30 06:42:24+00:00,156,9.601111111111111,3.3814102564102564,3.276028368209513,9.0,21.28553,-157.84404,21.28613,-157.84332,0.46153846153846156,31.64966760603791,0,38.56,2,,,,,,,,证据缺失_无吃水数据
338207837_13,338207837,34 TIME,Pleasure Craft/Sailing,2017-01-31 21:16:00+00:00,2017-01-31 23:59:28+00:00,118,2.7244444444444444,5.843220338983051,1.0076187392488067,8.7,21.28638,-157.84317,21.18695,-158.09713,0.0,17.82777841379107,0,,0,,,,,,,,证据缺失_无吃水数据
338207837_2,338207837,34 TIME,Pleasure Craft/Sailing,2017-01-20 06:09:21+00:00,2017-01-20 07:47:20+00:00,30,1.6330555555555555,0.07666666666666667,0.056832077715593544,0.2,21.28612,-157.84333,21.28613,-157.84332,1.0,34.635408218513234,0,18.694444444444443,1,,,,,,,,证据缺失_无吃水数据
338207837_3,338207837,34 TIME,Pleasure Craft/Sailing,2017-01-21 02:29:00+00:00,2017-01-21 08:30:21+00:00,109,6.0225,0.062385321100917435,0.05053233439662041,0.2,21.28616,-157.84332,21.28611,-157.84332,1.0,21.44571491294659,0,22.20277777777778,1,,,,,,,,证据缺失_无吃水数据
338207837_4,338207837,34 TIME,Pleasure Craft/Sailing,2017-01-22 06:42:31+00:00,2017-01-22 07:23:30+00:00,15,0.6830555555555555,0.06666666666666667,0.04879500364742667,0.1,21.28612,-157.84333,21.28613,-157.84331,1.0,43.37870103284218,0,22.67,1,,,,,,,,证据缺失_无吃水数据
338207837_5,338207837,34 TIME,Pleasure Craft/Sailing,2017-01-23 06:03:42+00:00,2017-01-23 06:35:11+00:00,11,0.5247222222222222,0.03636363636363637,0.050452497910951306,0.1,21.28612,-157.84331,21.28611,-157.84332,1.0,37.536530355256744,0,14.323055555555555,1,,,,,,,,证据缺失_无吃水数据
338207837_6,338207837,34 TIME,Pleasure Craft/Sailing,2017-01-23 20:54:34+00:00,2017-01-24 02:22:22+00:00,142,5.463333333333333,3.261267605633803,2.961091628100521,6.9,21.28613,-157.84332,21.28612,-157.84332,0.43661971830985913,31.341296305407397,0,22.67361111111111,1,,,,,,,,证据缺失_无吃水数据
338207837_7,338207837,34 TIME,Pleasure Craft/Sailing,2017-01-25 01:02:47+00:00,2017-01-25 02:01:47+00:00,20,0.9833333333333333,0.045,0.05104177855340405,0.1,21.28617,-157.84331,21.28612,-157.84333,1.0,30.67867995055804,0,21.845555555555556,1,,,,,,,,证据缺失_无吃水数据
338207837_8,338207837,34 TIME,Pleasure Craft/Sailing,2017-01-25 23:52:31+00:00,2017-01-26 00:15:01+00:00,9,0.375,0.1111111111111111,0.11666666666666668,0.4,21.28615,-157.84332,21.28613,-157.84331,1.0,31.545013189771485,0,29.851666666666667,1,,,,,,,,证据缺失_无吃水数据
338207837_9,338207837,34 TIME,Pleasure Craft/Sailing,2017-01-27 06:06:07+00:00,2017-01-27 07:02:45+00:00,19,0.9438888888888889,0.05789473684210527,0.07685331969757724,0.3,21.28612,-157.84332,21.28612,-157.84331,1.0,16.623521606092826,0,24.018333333333334,1,,,,,,,,证据缺失_无吃水数据
338209628_1,338209628,RV ALOHA,Pleasure Craft/Sailing,2017-01-02 01:40:39+00:00,2017-01-02 03:12:05+00:00,55,1.5238888888888888,5.96,1.8423616084515806,7.3,21.41764,-157.76743,21.41761,-157.76743,0.05454545454545454,32.434957114921865,0,124.84444444444445,1,,,,,,,,证据缺失_无吃水数据
338209628_10,338209628,RV ALOHA,Pleasure Craft/Sailing,2017-01-27 21:08:38+00:00,2017-01-27 22:16:39+00:00,17,1.1336111111111111,0.011764705882352941,0.03321055820775358,0.1,21.41744,-157.76751,21.41749,-157.76755,1.0,9.25,0,20.85472222222222,1,,,,,,,,证据缺失_无吃水数据
338209628_11,338209628,RV ALOHA,Pleasure Craft/Sailing,2017-01-28 19:07:56+00:00,2017-01-29 01:43:18+00:00,147,6.589444444444444,2.426530612244898,2.4096360928745795,6.4,21.41741,-157.7675,21.41742,-157.76749,0.46938775510204084,31.220612838905723,0,,0,,,,,,,,证据缺失_无吃水数据
338209628_2,338209628,RV ALOHA,Pleasure Craft/Sailing,2017-01-07 08:02:45+00:00,2017-01-07 08:41:45+00:00,16,0.65,4.075,1.3309144725839197,5.7,21.41891,-157.77272,21.41748,-157.76748,0.0625,51.64646117964862,0,15.108611111111111,1,,,,,,,,证据缺失_无吃水数据
338209628_3,338209628,RV ALOHA,Pleasure Craft/Sailing,2017-01-07 23:48:16+00:00,2017-01-08 03:28:06+00:00,55,3.6638888888888888,2.1018181818181816,2.02489056943377,6.7,21.41743,-157.76751,21.41742,-157.76749,0.34545454545454546,68.85189304660133,0,112.19,2,,,,,,,,证据缺失_无吃水数据
338209628_4,338209628,RV ALOHA,Pleasure Craft/Sailing,2017-01-12 19:39:30+00:00,2017-01-12 23:47:15+00:00,101,4.129166666666666,1.8772277227722771,2.4403639559753714,6.8,21.41741,-157.76748,21.41703,-157.76639,0.5643564356435643,33.81418541608736,0,26.58361111111111,1,,,,,,,,证据缺失_无吃水数据
338209628_5,338209628,RV ALOHA,Pleasure Craft/Sailing,2017-01-14 02:22:16+00:00,2017-01-14 07:40:20+00:00,119,5.301111111111111,2.8941176470588235,2.823487869418556,6.9,21.41707,-157.76639,21.41737,-157.76757,0.4369747899159664,58.74596309344931,0,64.47055555555555,2,,,,,,,,证据缺失_无吃水数据
338209628_6,338209628,RV ALOHA,Pleasure Craft/Sailing,2017-01-17 00:08:34+00:00,2017-01-17 04:50:54+00:00,123,4.705555555555556,4.252845528455285,2.654699674386701,7.3,21.41744,-157.76749,21.4174,-157.76751,0.23577235772357724,59.412850934095545,0,69.72222222222223,1,,,,,,,,证据缺失_无吃水数据
338209628_7,338209628,RV ALOHA,Pleasure Craft/Sailing,2017-01-20 02:34:14+00:00,2017-01-20 04:15:44+00:00,65,1.6916666666666667,5.298461538461538,2.2293841854094705,7.5,21.41744,-157.76749,21.41741,-157.76751,0.1076923076923077,41.647837382401406,0,141.25555555555556,1,,,,,,,,证据缺失_无吃水数据
338209628_8,338209628,RV ALOHA,Pleasure Craft/Sailing,2017-01-26 01:31:04+00:00,2017-01-26 03:29:30+00:00,80,1.9738888888888888,5.8237499999999995,1.984448636877524,9.5,21.41747,-157.7675,21.41743,-157.76751,0.05,28.586381502390168,0,24.374166666666667,1,,,,,,,,证据缺失_无吃水数据
338209628_9,338209628,RV ALOHA,Pleasure Craft/Sailing,2017-01-27 03:51:57+00:00,2017-01-27 04:45:53+00:00,33,0.8988888888888888,2.706060606060606,1.0942861240151598,4.3,21.42412,-157.77308,21.41744,-157.7675,0.06060606060606061,31.16224306986199,0,16.379166666666666,1,,,,,,,,证据缺失_无吃水数据
338210969_1,338210969,TALISKER,Pleasure Craft/Sailing,2017-01-11 02:48:16+00:00,2017-01-11 05:02:31+00:00,60,2.2375,2.2016666666666667,2.24586185688835,6.3,21.28548,-157.84178,21.28546,-157.84178,0.35,76.35589755715799,0,53.670833333333334,1,,,,,,,,证据缺失_无吃水数据
338210969_2,338210969,TALISKER,Pleasure Craft/Sailing,2017-01-13 10:42:46+00:00,2017-01-13 23:18:34+00:00,509,12.596666666666666,5.783889980353635,1.3465235917530167,7.6,21.28547,-157.84178,20.88645,-156.72434,0.015717092337917484,13.474234483403038,1,21.84888888888889,1,,,,,,,,证据缺失_无吃水数据
338210969_3,338210969,TALISKER,Pleasure Craft/Sailing,2017-01-14 21:09:30+00:00,2017-01-15 06:11:46+00:00,271,9.037777777777778,5.194464944649447,1.4584894486813123,7.3,20.8623,-156.68293,20.85184,-156.67161,0.014760147601476014,31.360552453235027,1,34.19444444444444,2,,,,,,,,证据缺失_无吃水数据
338210969_4,338210969,TALISKER,Pleasure Craft/Sailing,2017-01-16 16:23:26+00:00,2017-01-17 03:28:54+00:00,443,11.091111111111111,6.032731376975169,1.1575791901742913,8.7,20.9098,-156.77086,21.28546,-157.84178,0.013544018058690745,17.211596737092137,0,,0,,,,,,,,证据缺失_无吃水数据
338213083_1,338213083,LELA,Pleasure Craft/Sailing,2017-01-02 22:06:34+00:00,2017-01-03 02:09:58+00:00,81,4.056666666666667,0.020987654320987658,0.040975753143523946,0.1,21.28497,-157.84123,21.28497,-157.84121,1.0,5.4224648454369895,0,124.38138888888889,1,,,,,,,,证据缺失_无吃水数据
338213083_2,338213083,LELA,Pleasure Craft/Sailing,2017-01-08 06:32:51+00:00,2017-01-08 09:04:50+00:00,49,2.5330555555555554,0.022448979591836737,0.04215697907053756,0.1,21.28496,-157.84121,21.28497,-157.84123,1.0,0.0,0,17.53611111111111,1,,,,,,,,证据缺失_无吃水数据
338213083_3,338213083,LELA,Pleasure Craft/Sailing,2017-01-09 02:37:00+00:00,2017-01-09 05:19:34+00:00,34,2.7094444444444443,0.0029411764705882353,0.017149858514250885,0.1,21.28498,-157.84122,21.28497,-157.84121,1.0,0.0,0,139.2238888888889,2,,,,,,,,证据缺失_无吃水数据
338213083_4,338213083,LELA,Pleasure Craft/Sailing,2017-01-15 00:33:00+00:00,2017-01-15 04:39:21+00:00,151,4.105833333333333,2.8410596026490067,1.7308676638487341,5.8,21.28498,-157.84121,21.28496,-157.84122,0.17880794701986755,31.727324718304896,0,20.86861111111111,1,,,,,,,,证据缺失_无吃水数据
338213083_5,338213083,LELA,Pleasure Craft/Sailing,2017-01-16 01:31:28+00:00,2017-01-16 04:43:16+00:00,108,3.1966666666666668,3.0120370370370373,1.7432227965012408,6.1,21.28495,-157.84123,21.28496,-157.84121,0.1574074074074074,53.17851009396361,0,331.9116666666667,1,,,,,,,,证据缺失_无吃水数据
338213083_6,338213083,LELA,Pleasure Craft/Sailing,2017-01-30 00:37:58+00:00,2017-01-30 03:08:30+00:00,50,2.508888888888889,0.036000000000000004,0.04848732213850612,0.1,21.28502,-157.84124,21.285,-157.84123,1.0,13.572198286443161,0,,0,,,,,,,,证据缺失_无吃水数据
338225777_1,338225777,AUGUST MOON,Pleasure Craft/Sailing,2017-01-01 00:02:33+00:00,2017-01-01 01:21:27+00:00,22,1.315,3.8954545454545455,2.4585085050217073,6.8,21.4629,-157.80979,21.41894,-157.79019,0.18181818181818182,46.50607794379446,0,169.2925,1,,,,,,,,证据缺失_无吃水数据
338225777_2,338225777,AUGUST MOON,Pleasure Craft/Sailing,2017-01-08 02:39:00+00:00,2017-01-08 21:16:23+00:00,347,18.623055555555556,0.6757925072046109,1.583583279485194,6.8,21.42341,-157.78146,21.43297,-157.779,0.8703170028818443,46.78624358907766,0,,0,,,,,,,,证据缺失_无吃水数据
338500000_1,338500000,EAGLE BAY,Tanker,2017-01-25 22:03:22+00:00,2017-01-29 00:00:02+00:00,2189,73.94444444444444,5.814892645043399,5.887455077118424,58.0,23.47251,-158.16199,22.06899,-158.57897,0.4476930105070809,62.85588763976528,1,22.186666666666667,2,2189.0,15.0,15.0,15.0,0.0,0.0,False,证据缺失_该船吃水字段不更新
338500000_2,338500000,EAGLE BAY,Tanker,2017-01-29 22:11:14+00:00,2017-01-29 22:11:14+00:00,1,0.0,13.7,,13.7,22.06967,-158.57877,22.06967,-158.57877,0.0,,0,,0,1.0,15.0,15.0,15.0,,0.0,False,证据缺失_该船吃水字段不更新
338752000_1,338752000,OCEAN RANGER,Tug Tow,2017-01-13 19:03:22+00:00,2017-01-17 22:24:07+00:00,4905,99.34583333333333,3.788032619775739,3.907371821355415,12.7,22.33724,-155.31054,22.58821,-154.81321,0.49398572884811415,69.84089936740216,2,6.327222222222222,4,,,,,,,,证据缺失_无吃水数据
338752000_2,338752000,OCEAN RANGER,Tug Tow,2017-01-18 04:43:45+00:00,2017-01-18 04:55:15+00:00,5,0.19166666666666668,7.32,0.08366600265340729,7.4,22.91607,-154.04315,22.92547,-154.02013,0.0,1.951708653120822,0,8.078055555555556,1,,,,,,,,证据缺失_无吃水数据
338752000_3,338752000,OCEAN RANGER,Tug Tow,2017-01-18 12:59:56+00:00,2017-01-18 12:59:56+00:00,1,0.0,7.4,,7.4,23.40934,-153.05548,23.40934,-153.05548,0.0,,0,,0,,,,,,,,证据缺失_无吃水数据
338926534_1,338926534,CG24304,Military,2017-01-04 22:11:40+00:00,2017-01-04 22:12:50+00:00,2,0.019444444444444445,1.95,2.6162950903902256,3.8,21.30827,-157.87347,21.3083,-157.87373,0.5,,1,116.3463888888889,1,,,,,,,,证据缺失_无吃水数据
338926534_2,338926534,CG24304,Military,2017-01-09 18:33:37+00:00,2017-01-09 19:21:52+00:00,4,0.8041666666666667,0.32499999999999996,0.33040379335998343,0.7,21.30831,-157.87345,21.30831,-157.87359,0.5,108.59393782957376,0,0.7683333333333333,1,,,,,,,,证据缺失_无吃水数据
351621000_1,351621000,BAO HANG,Cargo,2017-01-05 22:06:23+00:00,2017-01-09 03:46:31+00:00,2230,77.66888888888889,4.854932735426009,5.572334434888504,13.1,21.31322,-160.13725,21.30461,-159.73985,0.46367713004484307,4.945621999530497,0,6.3,2,2230.0,8.7,8.7,8.7,0.0,0.0,False,证据缺失_该船吃水字段不更新
351621000_2,351621000,BAO HANG,Cargo,2017-01-09 10:04:31+00:00,2017-01-09 12:37:30+00:00,9,2.549722222222222,12.088888888888889,0.21473497877875272,12.6,21.35438,-161.09438,21.36903,-161.65052,0.0,2.037461656080921,0,1.5,1,9.0,8.7,8.7,8.7,0.0,0.0,False,证据缺失_该船吃水字段不更新
352255000_1,352255000,G SYMPHONY,Tanker,2017-01-19 08:23:26+00:00,2017-01-20 01:14:13+00:00,814,16.84638888888889,12.77076167076167,5.585126105423768,19.1,21.54751,-161.70086,21.31345,-157.87779,0.0085995085995086,9.078322471651383,0,13.641111111111112,1,814.0,11.6,11.6,11.6,0.0,0.0,False,证据缺失_该船吃水字段不更新
352255000_2,352255000,G SYMPHONY,Tanker,2017-01-20 14:52:41+00:00,2017-01-21 06:21:12+00:00,747,15.475277777777778,13.820883534136547,3.9139220500024354,16.1,21.31344,-157.87782,21.4936,-154.45428,0.04685408299866131,7.352571820623196,0,,0,747.0,11.6,11.6,11.599999999999998,0.0,0.0,False,证据缺失_该船吃水字段不更新
352690000_1,352690000,NAVIOS HARMONY,Cargo,2017-01-01 00:00:34+00:00,2017-01-11 08:19:15+00:00,5303,248.3113888888889,1.6846313407505187,4.289274506598931,13.9,21.32425,-158.11231,22.98017,-155.74518,0.8630963605506318,3.929983579746782,0,0.6225,1,5303.0,14.4,14.4,14.399999999999999,0.0,0.0,False,证据缺失_该船吃水字段不更新
352894000_1,352894000,TUNA QUEEN,Cargo,2017-01-19 07:11:06+00:00,2017-01-20 08:51:23+00:00,453,25.671388888888888,12.028918322295807,0.5108364864419586,14.1,24.06727,-158.65844,20.51844,-154.44511,0.0,2.9738431792733153,0,5.855555555555555,7,453.0,6.9,6.9,6.9,0.0,0.0,False,证据缺失_该船吃水字段不更新
354277000_1,354277000,CARNIVAL MIRACLE,Passenger,2017-01-19 08:01:20+00:00,2017-01-24 10:06:11+00:00,4028,122.08083333333333,9.558018867924527,7.511374554677864,20.4,22.1819,-153.05146,20.91846,-154.11902,0.32497517378351537,31.537119966438212,0,0.5766666666666667,2,4028.0,7.8,7.8,7.8,0.0,0.0,False,证据缺失_该船吃水字段不更新
366135000_1,366135000,CAPTAIN J 3,Fishing,2017-01-01 00:00:26+00:00,2017-01-04 02:05:49+00:00,1451,74.08972222222222,0.0,0.0,0.0,21.31617,-157.87871,21.31617,-157.87871,1.0,0.0,0,164.57111111111112,1,,,,,,,,证据缺失_无吃水数据
366135000_2,366135000,CAPTAIN J 3,Fishing,2017-01-10 22:40:05+00:00,2017-01-11 09:10:18+00:00,470,10.50361111111111,8.205106382978723,0.801794023447375,9.5,21.31361,-157.86647,22.30618,-158.69416,0.00425531914893617,8.750023407265019,0,145.06333333333333,1,,,,,,,,证据缺失_无吃水数据
366135000_3,366135000,CAPTAIN J 3,Fishing,2017-01-17 10:14:06+00:00,2017-01-17 16:29:16+00:00,61,6.252777777777778,2.5508196721311474,0.8080063842197601,4.5,23.84782,-161.19945,24.05427,-161.26745,0.01639344262295082,57.953687212997245,0,8.687777777777777,5,,,,,,,,证据缺失_无吃水数据
366135000_4,366135000,CAPTAIN J 3,Fishing,2017-01-18 01:10:32+00:00,2017-01-18 17:32:09+00:00,124,16.360277777777778,3.260483870967742,2.0722643264704734,8.3,23.88627,-161.1064,24.04524,-161.4178,0.03225806451612903,56.44037318896569,0,1.8622222222222222,8,,,,,,,,证据缺失_无吃水数据
366339000_1,366339000,SAFARI EXPLORER,Passenger,2017-01-01 00:00:07+00:00,2017-01-31 23:59:51+00:00,22060,743.9955555555556,3.361187669990934,4.174825353157214,11.9,20.03428,-155.82736,20.71951,-156.54277,0.5551223934723482,59.95392901369443,0,1.6502777777777777,6,,,,,,,,证据缺失_无吃水数据
366364000_1,366364000,KAUAI,Cargo,2017-01-10 18:27:35+00:00,2017-01-12 19:42:56+00:00,1628,49.255833333333335,10.947235872235872,9.234457450311497,21.5,22.3925,-155.29114,22.59408,-154.88516,0.38267813267813267,63.41298020869511,1,322.43611111111113,2,1628.0,10.4,10.4,10.4,0.0,0.0,False,证据缺失_该船吃水字段不更新
366364000_2,366364000,KAUAI,Cargo,2017-01-26 06:09:06+00:00,2017-01-28 09:15:38+00:00,1650,51.10888888888889,10.526909090909092,9.595250531860618,22.4,22.18982,-155.06152,22.43745,-155.19639,0.4078787878787879,65.53158336810785,0,,0,1650.0,10.4,10.4,10.4,0.0,0.0,False,证据缺失_该船吃水字段不更新
366365000_1,366365000,MATSONIA,Cargo,2017-01-04 21:27:03+00:00,2017-01-07 12:03:24+00:00,2739,62.60583333333334,6.152610441767068,8.60177306953989,20.6,22.49856,-155.09448,22.23028,-155.614,0.6283315078495801,28.08928698633813,1,315.5686111111111,1,2739.0,10.1,10.1,10.1,0.0,0.0,False,证据缺失_该船吃水字段不更新
366365000_2,366365000,MATSONIA,Cargo,2017-01-20 15:37:31+00:00,2017-01-23 03:37:55+00:00,1995,60.00666666666667,8.886315789473684,9.098895973376626,20.3,22.41833,-155.23883,22.36283,-155.342,0.4616541353383459,65.55759459035919,0,,0,1995.0,10.1,10.1,10.1,0.0,0.0,False,证据缺失_该船吃水字段不更新
366375000_1,366375000,MAUI,Cargo,2017-01-03 14:55:01+00:00,2017-01-05 17:42:36+00:00,1722,50.793055555555554,10.182171893147503,8.597545785685986,21.6,22.6865,-155.25583,22.325,-155.47217,0.36875725900116146,61.49430298075771,0,279.7552777777778,1,1722.0,10.4,10.4,10.4,0.0,0.0,False,证据缺失_该船吃水字段不更新
366375000_2,366375000,MAUI,Cargo,2017-01-17 09:27:55+00:00,2017-01-19 21:32:28+00:00,1921,60.075833333333335,12.277095262883915,7.911553793857926,21.8,23.50567,-153.08833,23.3925,-153.3155,0.2576782925559604,52.77612162273642,0,285.7894444444444,4,1921.0,10.4,10.4,10.4,0.0,0.0,False,证据缺失_该船吃水字段不更新
366375000_3,366375000,MAUI,Cargo,2017-01-31 19:19:50+00:00,2017-01-31 23:59:31+00:00,231,4.661388888888889,20.01038961038961,3.896762906810161,22.0,22.1535,-154.8505,21.61383,-156.425,0.0,0.7178327401245779,0,,0,231.0,10.4,10.4,10.4,0.0,0.0,False,证据缺失_该船吃水字段不更新
366562000_1,366562000,MANOA,Cargo,2017-01-07 06:37:33+00:00,2017-01-09 03:25:33+00:00,1442,44.8,11.682177531206658,10.00598821270568,22.4,22.64217,-155.48417,23.79533,-156.61983,0.3786407766990291,53.45303503694729,0,293.7733333333333,1,1442.0,10.7,10.7,10.7,0.0,0.0,False,证据缺失_该船吃水字段不更新
366562000_2,366562000,MANOA,Cargo,2017-01-21 09:11:57+00:00,2017-01-23 13:42:23+00:00,1691,52.507222222222225,10.368480189237136,10.025263649356283,22.5,22.533,-154.991,22.99033,-156.08767,0.4435245416913069,62.18849656656071,0,0.5036111111111111,1,1691.0,10.7,10.7,10.699999999999998,0.0,0.0,False,证据缺失_该船吃水字段不更新
366563000_1,366563000,MAHIMAHI,Cargo,2017-01-01 00:00:00+00:00,2017-01-01 03:16:24+00:00,150,3.2733333333333334,17.666,0.44928429289140265,19.6,22.07067,-156.91733,22.90117,-156.39833,0.0,1.1466083393374569,0,319.32444444444445,1,150.0,10.7,10.7,10.7,0.0,0.0,False,证据缺失_该船吃水字段不更新
366563000_2,366563000,MAHIMAHI,Cargo,2017-01-14 10:35:52+00:00,2017-01-16 13:58:21+00:00,1287,51.374722222222225,13.146853146853147,9.587121381739944,23.1,23.06267,-154.5565,24.06467,-156.3475,0.3006993006993007,50.19772281112801,0,284.4663888888889,3,1287.0,10.7,10.7,10.7,0.0,0.0,False,证据缺失_该船吃水字段不更新
366563000_3,366563000,MAHIMAHI,Cargo,2017-01-28 10:26:20+00:00,2017-01-30 16:28:51+00:00,1833,54.04194444444445,9.039989088925259,9.708763396082098,21.9,22.78683,-155.297,24.00917,-156.83367,0.5051827605019095,66.54677799634537,0,0.5169444444444444,1,1833.0,10.7,10.7,10.7,0.0,0.0,False,证据缺失_该船吃水字段不更新
366576000_1,366576000,R J PFEIFFER,Cargo,2017-01-29 21:08:22+00:00,2017-01-31 21:38:40+00:00,2025,48.505,7.737333333333334,9.035033308044314,20.9,22.53117,-154.738,19.78267,-158.88267,0.5506172839506173,60.37003171120862,0,,0,2025.0,11.6,11.6,11.6,0.0,0.0,False,证据缺失_该船吃水字段不更新
366606000_1,366606000,HAWAII RESPONDER,Oil Recovery,2017-01-01 00:02:25+00:00,2017-01-31 23:54:39+00:00,14971,743.8705555555556,0.1889586533965667,1.0130169780525624,10.7,21.31146,-157.86564,21.31147,-157.86565,0.9545788524480663,4.8255454526652946,0,,0,14971.0,4.4,4.4,4.4,0.0,0.0,False,证据缺失_该船吃水字段不更新
366758000_1,366758000,HORIZON ENTERPRISE,Cargo,2017-01-11 19:03:52+00:00,2017-01-14 00:11:44+00:00,1706,53.13111111111111,10.60398593200469,9.343715968034212,102.3,22.10866,-154.93292,22.96185,-155.05935,0.3886283704572098,59.065152289118295,0,297.7363888888889,2,1706.0,10.3,10.3,10.300000000000002,0.0,0.0,False,证据缺失_该船吃水字段不更新
366758000_2,366758000,HORIZON ENTERPRISE,Cargo,2017-01-26 09:55:55+00:00,2017-01-28 20:10:49+00:00,1747,58.248333333333335,10.928677733257013,10.39595516895361,22.7,22.00172,-154.67237,22.4709,-155.1846,0.4384659416141958,61.737099129546294,0,,0,1747.0,10.3,10.3,10.3,0.0,0.0,False,证据缺失_该船吃水字段不更新
366791000_1,366791000,HORIZON RELIANCE,Cargo,2017-01-02 05:45:45+00:00,2017-01-04 05:39:42+00:00,1685,47.899166666666666,10.341008902077151,7.79143799997169,19.0,22.34681,-155.29686,22.36718,-155.26881,0.3305637982195846,6.264205189797998,1,277.8522222222222,1,1685.0,12.4,12.4,12.4,0.0,0.0,False,证据缺失_该船吃水字段不更新
366791000_2,366791000,HORIZON RELIANCE,Cargo,2017-01-15 19:30:50+00:00,2017-01-17 20:09:24+00:00,1720,48.64277777777778,10.488779069767443,7.242745801545806,19.9,22.35946,-155.27525,21.92577,-154.56918,0.2779069767441861,5.297083276295018,0,287.56944444444446,1,1720.0,12.4,12.4,12.4,0.0,0.0,False,证据缺失_该船吃水字段不更新
366791000_3,366791000,HORIZON RELIANCE,Cargo,2017-01-29 19:43:34+00:00,2017-01-31 19:50:42+00:00,1734,48.11888888888889,10.494579008073817,7.467919040582659,20.1,22.36327,-155.26845,22.46709,-155.05423,0.290080738177624,6.099216822572642,0,,0,1734.0,12.4,12.4,12.400000000000002,0.0,0.0,False,证据缺失_该船吃水字段不更新
366792000_1,366792000,MATSON NAVIGATOR,Cargo,2017-01-11 17:38:05+00:00,2017-01-14 21:39:26+00:00,2358,76.0225,10.074809160305344,8.144547532136697,21.9,22.64091,-154.65131,21.29185,-154.22132,0.33969465648854963,9.20869903141202,0,281.9488888888889,2,2358.0,11.1,11.1,11.1,0.0,0.0,False,证据缺失_该船吃水字段不更新
366792000_2,366792000,MATSON NAVIGATOR,Cargo,2017-01-26 15:36:22+00:00,2017-01-29 00:00:15+00:00,1796,56.39805555555556,11.114922048997773,9.519528677065624,22.3,22.48807,-154.97817,21.92561,-154.82637,0.37806236080178174,7.341601518633268,0,22.183055555555555,1,1796.0,11.1,11.1,11.1,0.0,0.0,False,证据缺失_该船吃水字段不更新
366792000_3,366792000,MATSON NAVIGATOR,Cargo,2017-01-29 22:11:14+00:00,2017-01-29 22:11:14+00:00,1,0.0,21.1,,21.1,21.92561,-154.82637,21.92561,-154.82637,0.0,,0,,0,1.0,11.1,11.1,11.1,,0.0,False,证据缺失_该船吃水字段不更新
366799000_1,366799000,HORIZON PACIFIC,Cargo,2017-01-04 20:25:34+00:00,2017-01-07 04:15:21+00:00,1786,55.82972222222222,10.5,9.742700492427865,21.8,22.44646,-155.03215,22.74226,-155.37022,0.4232922732362822,32.81022793298965,0,278.27,1,1786.0,10.1,10.1,10.1,0.0,0.0,False,证据缺失_该船吃水字段不更新
366799000_2,366799000,HORIZON PACIFIC,Cargo,2017-01-18 18:31:33+00:00,2017-01-21 11:43:11+00:00,3009,65.19388888888889,6.345762711864407,9.330735723785839,21.6,23.36515,-153.01638,22.87757,-155.16713,0.6663343303423064,36.093690172992815,0,4.264722222222222,1,3009.0,10.1,10.1,10.1,0.0,0.0,False,证据缺失_该船吃水字段不更新
366827010_1,366827010,KAWIKA,Fishing,2017-01-17 06:06:55+00:00,2017-01-26 12:30:20+00:00,4589,222.39027777777778,2.05491392460231,3.815548927812594,11.2,23.9136,-159.34929,20.40151,-158.54361,0.7720636304205709,26.106316999199333,0,0.6758333333333333,1,,,,,,,,证据缺失_无吃水数据
366828690_1,366828690,SEARCHER,Research Vessel,2017-01-19 19:46:44+00:00,2017-01-19 20:01:27+00:00,7,0.2452777777777778,0.05714285714285714,0.11338934190276817,0.3,21.29389,-157.85677,21.29387,-157.85673,1.0,7.526220831200728,0,170.97861111111112,1,,,,,,,,证据缺失_无吃水数据
366828690_2,366828690,SEARCHER,Research Vessel,2017-01-26 23:00:10+00:00,2017-01-26 23:34:08+00:00,20,0.5661111111111111,0.8699999999999999,0.5740896684041797,2.0,21.2598,-157.86259,21.2643,-157.87111,0.25,29.69274528916142,0,,0,,,,,,,,证据缺失_无吃水数据
366837840_1,366837840,MAKANI OLU,School Ship,2017-01-06 21:35:33+00:00,2017-01-07 00:44:51+00:00,69,3.155,4.728985507246377,0.9486990239386599,6.1,21.44766,-157.79563,21.42064,-157.77975,0.0,30.981768797231254,1,96.24361111111111,1,,,,,,,,证据缺失_无吃水数据
366837840_10,366837840,MAKANI OLU,School Ship,2017-01-22 15:12:18+00:00,2017-01-22 18:09:16+00:00,4,2.9494444444444445,0.15000000000000002,0.17320508075688776,0.4,21.41734,-157.7805,21.41735,-157.78049,1.0,110.93756502345512,0,23.3975,3,,,,,,,,证据缺失_无吃水数据
366837840_11,366837840,MAKANI OLU,School Ship,2017-01-23 17:33:07+00:00,2017-01-23 18:24:04+00:00,2,0.8491666666666666,0.05,0.07071067811865477,0.1,21.41757,-157.78054,21.41758,-157.78051,1.0,,0,45.39083333333333,2,,,,,,,,证据缺失_无吃水数据
366837840_12,366837840,MAKANI OLU,School Ship,2017-01-25 15:47:31+00:00,2017-01-31 23:29:24+00:00,3787,151.69805555555556,3.3319250066015313,2.4351520965666755,9.3,21.42027,-157.7782,20.88682,-156.69171,0.2920517560073937,59.59565639003805,1,2.7827777777777776,8,,,,,,,,证据缺失_无吃水数据
366837840_2,366837840,MAKANI OLU,School Ship,2017-01-11 00:59:28+00:00,2017-01-11 01:44:28+00:00,2,0.75,0.0,0.0,0.0,21.41846,-157.77815,21.4185,-157.77816,1.0,,0,18.97138888888889,2,,,,,,,,证据缺失_无吃水数据
366837840_3,366837840,MAKANI OLU,School Ship,2017-01-11 20:42:45+00:00,2017-01-11 21:06:49+00:00,5,0.4011111111111111,0.0,0.0,0.0,21.41844,-157.77802,21.41846,-157.77802,1.0,49.27764875343248,0,21.691111111111113,1,,,,,,,,证据缺失_无吃水数据
366837840_4,366837840,MAKANI OLU,School Ship,2017-01-12 18:48:17+00:00,2017-01-12 19:34:47+00:00,10,0.775,0.0,0.0,0.0,21.41864,-157.77784,21.41844,-157.77782,1.0,68.78874867625115,0,23.174444444444443,1,,,,,,,,证据缺失_无吃水数据
366837840_5,366837840,MAKANI OLU,School Ship,2017-01-13 18:45:15+00:00,2017-01-14 02:03:27+00:00,208,7.303333333333334,5.056730769230769,1.3147446564659186,6.4,21.41857,-157.77797,21.41819,-157.77895,0.04326923076923077,27.0032961402661,0,89.06138888888889,2,,,,,,,,证据缺失_无吃水数据
366837840_6,366837840,MAKANI OLU,School Ship,2017-01-17 19:07:08+00:00,2017-01-18 01:35:37+00:00,22,6.474722222222222,0.05454545454545456,0.05958006000151016,0.2,21.41843,-157.77916,21.41828,-157.77917,1.0,85.52378226746835,0,16.9375,3,,,,,,,,证据缺失_无吃水数据
366837840_7,366837840,MAKANI OLU,School Ship,2017-01-18 18:31:52+00:00,2017-01-19 00:21:18+00:00,15,5.823888888888889,0.1,0.09258200997725514,0.3,21.41849,-157.77924,21.41848,-157.77928,1.0,109.95375251580865,0,43.14416666666666,6,,,,,,,,证据缺失_无吃水数据
366837840_8,366837840,MAKANI OLU,School Ship,2017-01-20 19:29:57+00:00,2017-01-20 21:17:55+00:00,18,1.7994444444444444,0.01666666666666667,0.038348249442368525,0.1,21.41856,-157.77887,21.41837,-157.77884,1.0,77.04566732101927,0,34.908055555555556,1,,,,,,,,证据缺失_无吃水数据
366837840_9,366837840,MAKANI OLU,School Ship,2017-01-22 08:12:24+00:00,2017-01-22 08:12:24+00:00,1,0.0,0.4,,0.4,21.41715,-157.78039,21.41715,-157.78039,1.0,,0,6.998333333333333,1,,,,,,,,证据缺失_无吃水数据
366853890_1,366853890,NEIL ABERCROMBIE,Tug Tow,2017-01-03 16:42:08+00:00,2017-01-03 23:43:09+00:00,364,7.016944444444444,2.7914835164835163,3.623873853345575,11.5,21.35967,-157.942,21.35971,-157.942,0.5027472527472527,34.692478021789256,0,40.31138888888889,1,,,,,,,,证据缺失_无吃水数据
366853890_10,366853890,NEIL ABERCROMBIE,Tug Tow,2017-01-17 16:32:11+00:00,2017-01-18 02:52:52+00:00,525,10.344722222222222,1.6640000000000001,2.920469218809755,10.8,21.35967,-157.94195,21.35969,-157.94197,0.6666666666666666,32.165960125759696,0,37.535833333333336,1,,,,,,,,证据缺失_无吃水数据
366853890_11,366853890,NEIL ABERCROMBIE,Tug Tow,2017-01-19 16:25:01+00:00,2017-01-19 23:34:04+00:00,139,7.150833333333333,0.0,0.0,0.0,21.35966,-157.94198,21.35978,-157.94197,1.0,6.9330105624932115,0,15.518611111111111,1,,,,,,,,证据缺失_无吃水数据
366853890_12,366853890,NEIL ABERCROMBIE,Tug Tow,2017-01-20 15:05:11+00:00,2017-01-21 02:41:14+00:00,224,11.600833333333334,0.0008928571428571429,0.009427901670929753,0.1,21.35966,-157.94197,21.35973,-157.94196,1.0,7.768706304185404,0,61.339444444444446,1,,,,,,,,证据缺失_无吃水数据
366853890_13,366853890,NEIL ABERCROMBIE,Tug Tow,2017-01-23 16:01:36+00:00,2017-01-24 02:28:16+00:00,528,10.444444444444445,1.503787878787879,2.776908176611692,10.5,21.35966,-157.94199,21.3597,-157.94197,0.6723484848484849,26.06632540197441,0,14.233888888888888,1,,,,,,,,证据缺失_无吃水数据
366853890_14,366853890,NEIL ABERCROMBIE,Tug Tow,2017-01-24 16:42:18+00:00,2017-01-25 00:25:29+00:00,399,7.719722222222222,0.3606516290726817,1.3165474020140144,7.6,21.35972,-157.94197,21.35977,-157.94212,0.9022556390977443,17.92443733510863,0,17.036944444444444,1,,,,,,,,证据缺失_无吃水数据
366853890_15,366853890,NEIL ABERCROMBIE,Tug Tow,2017-01-25 17:27:42+00:00,2017-01-26 01:52:34+00:00,438,8.414444444444445,0.5840182648401827,1.912375766057457,10.1,21.35964,-157.94198,21.35971,-157.94193,0.8904109589041096,26.703397846589297,0,14.414722222222222,1,,,,,,,,证据缺失_无吃水数据
366853890_16,366853890,NEIL ABERCROMBIE,Tug Tow,2017-01-26 16:17:27+00:00,2017-01-27 03:54:33+00:00,503,11.618333333333334,0.7612326043737574,1.7426190595833855,9.0,21.35966,-157.942,21.3597,-157.94197,0.7276341948310139,49.133774846973395,0,108.44555555555556,1,,,,,,,,证据缺失_无吃水数据
366853890_17,366853890,NEIL ABERCROMBIE,Tug Tow,2017-01-31 16:21:17+00:00,2017-01-31 23:58:56+00:00,343,7.6275,0.5927113702623907,1.7695869429369746,9.2,21.35969,-157.94194,21.35968,-157.94193,0.8571428571428571,20.937151865932105,0,,0,,,,,,,,证据缺失_无吃水数据
366853890_2,366853890,NEIL ABERCROMBIE,Tug Tow,2017-01-05 16:01:50+00:00,2017-01-06 01:50:28+00:00,255,9.810555555555556,1.6176470588235294,2.7964900583759724,9.5,21.35967,-157.942,21.35966,-157.94195,0.6823529411764706,35.017867880960246,0,14.717777777777778,1,,,,,,,,证据缺失_无吃水数据
366853890_3,366853890,NEIL ABERCROMBIE,Tug Tow,2017-01-06 16:33:32+00:00,2017-01-07 02:17:14+00:00,468,9.728333333333333,2.965811965811966,3.454306498620087,10.0,21.35967,-157.94196,21.35967,-157.94197,0.4423076923076923,45.45297335139896,0,39.10861111111111,1,,,,,,,,证据缺失_无吃水数据
366853890_4,366853890,NEIL ABERCROMBIE,Tug Tow,2017-01-08 17:23:45+00:00,2017-01-08 19:51:15+00:00,128,2.4583333333333335,3.2125,3.463897036166831,10.2,21.35966,-157.94197,21.35966,-157.94197,0.3671875,34.00244701414343,0,19.236944444444443,1,,,,,,,,证据缺失_无吃水数据
366853890_5,366853890,NEIL ABERCROMBIE,Tug Tow,2017-01-09 15:05:28+00:00,2017-01-10 02:44:39+00:00,607,11.653055555555556,1.3331136738056013,2.834873707222567,10.2,21.35966,-157.94196,21.35973,-157.94194,0.7578253706754531,31.02466235248323,0,13.110277777777778,1,,,,,,,,证据缺失_无吃水数据
366853890_6,366853890,NEIL ABERCROMBIE,Tug Tow,2017-01-10 15:51:16+00:00,2017-01-11 02:35:28+00:00,314,10.736666666666666,1.6394904458598725,2.815299550778087,11.1,21.35968,-157.94199,21.35557,-157.9447,0.6178343949044586,34.00224267850605,1,16.38861111111111,1,,,,,,,,证据缺失_无吃水数据
366853890_7,366853890,NEIL ABERCROMBIE,Tug Tow,2017-01-11 18:58:47+00:00,2017-01-11 19:26:07+00:00,25,0.45555555555555555,3.5,2.9047375096555625,8.2,21.35842,-157.94263,21.35968,-157.942,0.16,64.8215879230798,0,20.495833333333334,1,,,,,,,,证据缺失_无吃水数据
366853890_8,366853890,NEIL ABERCROMBIE,Tug Tow,2017-01-12 15:55:52+00:00,2017-01-13 02:20:21+00:00,495,10.408055555555556,2.209090909090909,3.4936463703921765,10.9,21.35967,-157.94198,21.35972,-157.942,0.6606060606060606,35.57901774708495,0,19.692777777777778,1,,,,,,,,证据缺失_无吃水数据
366853890_9,366853890,NEIL ABERCROMBIE,Tug Tow,2017-01-13 22:01:55+00:00,2017-01-14 02:29:38+00:00,149,4.461944444444445,3.635570469798658,3.7084285632666303,10.9,21.35571,-157.94892,21.35978,-157.94202,0.3959731543624161,49.254017636690264,0,86.0425,1,,,,,,,,证据缺失_无吃水数据
366873510_1,366873510,AMERICAN CHALLENGER,Tug Tow,2017-01-01 00:01:32+00:00,2017-01-25 02:43:11+00:00,12429,578.6941666666667,0.9917853407353769,2.6280601774636376,10.3,21.32195,-158.11748,21.31009,-157.86497,0.8718320057929037,66.8487937461925,0,17.195833333333333,2,12429.0,4.1,4.1,4.1,0.0,0.0,False,证据缺失_该船吃水字段不更新
366873510_2,366873510,AMERICAN CHALLENGER,Tug Tow,2017-01-25 19:54:56+00:00,2017-01-31 23:59:13+00:00,3992,148.0713888888889,3.098296593186373,3.5101759369299237,12.0,21.31008,-157.86499,21.32116,-158.11581,0.5350701402805611,69.04240485654739,0,0.9094444444444445,1,3992.0,4.1,4.1,4.1,0.0,0.0,False,证据缺失_该船吃水字段不更新
366894540_1,366894540,PUA'ENA,Pleasure Craft/Sailing,2017-01-19 01:37:22+00:00,2017-01-19 03:37:26+00:00,15,2.0011111111111113,4.073333333333333,2.409643324722759,7.5,21.28721,-157.84255,21.2812,-157.84529,0.2,64.87944568603737,1,1.3586111111111112,1,,,,,,,,证据缺失_无吃水数据
366909880_1,366909880,CAROLEIGH,Fishing,2017-01-16 20:18:08+00:00,2017-01-16 20:18:08+00:00,1,0.0,6.8,,6.8,23.49704,-159.83105,23.49704,-159.83105,0.0,,0,8.658055555555556,1,,,,,,,,证据缺失_无吃水数据
366909880_2,366909880,CAROLEIGH,Fishing,2017-01-17 04:57:37+00:00,2017-01-22 09:11:46+00:00,2786,124.23583333333333,3.0264895908111984,3.811168745387198,10.8,22.48511,-159.08846,19.37143,-157.79672,0.6055276381909548,15.594311165458675,0,1.0333333333333334,2,,,,,,,,证据缺失_无吃水数据
366913520_1,366913520,BLACK DIAMOND,Pleasure Craft/Sailing,2017-01-01 00:03:52+00:00,2017-01-31 23:57:53+00:00,10711,743.9002777777778,0.004836149752590795,0.02255709105667032,0.3,21.32786,-158.11923,21.32784,-158.11923,1.0,20.933795890063507,0,0.5502777777777778,1,,,,,,,,证据缺失_无吃水数据
366914410_1,366914410,ASD PATSY MINK,Tug Tow,2017-01-03 15:40:48+00:00,2017-01-04 03:38:24+00:00,445,11.96,2.5591011235955055,3.4931256945791938,11.6,21.35945,-157.94209,21.35947,-157.94219,0.5168539325842697,43.21887597413114,0,35.67027777777778,2,,,,,,,,证据缺失_无吃水数据
366914410_10,366914410,ASD PATSY MINK,Tug Tow,2017-01-18 17:09:01+00:00,2017-01-19 00:05:52+00:00,326,6.9475,0.656441717791411,1.9840762023150047,9.3,21.35943,-157.94216,21.35948,-157.94218,0.8619631901840491,31.376673517529564,0,17.488055555555555,1,,,,,,,,证据缺失_无吃水数据
366914410_11,366914410,ASD PATSY MINK,Tug Tow,2017-01-19 17:35:09+00:00,2017-01-20 19:51:56+00:00,1201,26.279722222222222,0.43297252289758537,1.700586734064956,10.5,21.3595,-157.94217,21.35948,-157.94218,0.9217318900915903,14.303672204441419,0,68.58638888888889,2,,,,,,,,证据缺失_无吃水数据
366914410_12,366914410,ASD PATSY MINK,Tug Tow,2017-01-23 16:27:07+00:00,2017-01-23 23:16:42+00:00,256,6.826388888888889,1.51171875,2.8169270169153218,9.5,21.35945,-157.94219,21.35963,-157.94233,0.703125,23.459013706244885,1,17.34861111111111,2,,,,,,,,证据缺失_无吃水数据
366914410_13,366914410,ASD PATSY MINK,Tug Tow,2017-01-24 16:37:37+00:00,2017-01-25 01:42:08+00:00,471,9.075277777777778,1.480891719745223,2.909846828416607,11.4,21.35947,-157.94217,21.35954,-157.94221,0.7070063694267515,34.11676709327796,0,16.19611111111111,1,,,,,,,,证据缺失_无吃水数据
366914410_14,366914410,ASD PATSY MINK,Tug Tow,2017-01-25 17:53:54+00:00,2017-01-26 04:23:54+00:00,544,10.5,0.5922794117647059,1.9063949632852666,9.2,21.35944,-157.94215,21.35946,-157.94222,0.8897058823529411,25.151108221151226,0,12.78888888888889,1,,,,,,,,证据缺失_无吃水数据
366914410_15,366914410,ASD PATSY MINK,Tug Tow,2017-01-26 17:11:14+00:00,2017-01-27 04:36:55+00:00,592,11.428055555555556,1.6557432432432433,2.969529543080868,11.5,21.35783,-157.94297,21.35947,-157.94217,0.6587837837837838,41.34991338777251,0,12.319722222222222,1,,,,,,,,证据缺失_无吃水数据
366914410_16,366914410,ASD PATSY MINK,Tug Tow,2017-01-27 16:56:06+00:00,2017-01-28 02:26:55+00:00,391,9.51361111111111,1.4700767263427108,2.9778928609897757,10.4,21.35868,-157.94249,21.35946,-157.94217,0.7468030690537084,29.739708815040558,0,22.183333333333334,1,,,,,,,,证据缺失_无吃水数据
366914410_17,366914410,ASD PATSY MINK,Tug Tow,2017-01-29 00:37:55+00:00,2017-01-29 04:58:45+00:00,230,4.347222222222222,2.048695652173913,2.7118489870938567,10.5,21.35947,-157.94216,21.35947,-157.94217,0.48695652173913045,44.84197056742575,0,17.54722222222222,1,,,,,,,,证据缺失_无吃水数据
366914410_18,366914410,ASD PATSY MINK,Tug Tow,2017-01-29 22:31:35+00:00,2017-01-30 02:40:16+00:00,216,4.144722222222223,2.1847222222222222,2.3971102596458147,9.1,21.35946,-157.94219,21.35951,-157.9422,0.3333333333333333,63.33957363225356,0,39.34111111111111,1,,,,,,,,证据缺失_无吃水数据
366914410_19,366914410,ASD PATSY MINK,Tug Tow,2017-01-31 18:00:44+00:00,2017-01-31 19:32:24+00:00,80,1.5277777777777777,0.3125,1.0551111285883048,5.7,21.35944,-157.94222,21.35947,-157.94218,0.925,42.94844686316905,0,,0,,,,,,,,证据缺失_无吃水数据
366914410_2,366914410,ASD PATSY MINK,Tug Tow,2017-01-05 15:18:37+00:00,2017-01-06 03:40:57+00:00,606,12.372222222222222,2.9384488448844883,3.823090814388901,11.2,21.35947,-157.94221,21.35948,-157.94215,0.5363036303630363,40.35138661335015,1,13.4575,2,,,,,,,,证据缺失_无吃水数据
366914410_3,366914410,ASD PATSY MINK,Tug Tow,2017-01-06 17:08:24+00:00,2017-01-07 03:09:15+00:00,522,10.014166666666666,2.17088122605364,3.2032005930956755,10.8,21.35945,-157.94217,21.35946,-157.94221,0.553639846743295,46.194389460984475,0,37.981944444444444,1,,,,,,,,证据缺失_无吃水数据
366914410_4,366914410,ASD PATSY MINK,Tug Tow,2017-01-08 17:08:10+00:00,2017-01-08 20:10:49+00:00,160,3.0441666666666665,4.3931249999999995,4.384393733681966,11.1,21.35946,-157.94218,21.35944,-157.94217,0.34375,52.8912972284304,0,18.58861111111111,1,,,,,,,,证据缺失_无吃水数据
366914410_5,366914410,ASD PATSY MINK,Tug Tow,2017-01-09 14:46:08+00:00,2017-01-09 17:44:09+00:00,157,2.9669444444444446,4.615286624203822,3.5873918388965365,10.4,21.35946,-157.94217,21.3595,-157.94213,0.2611464968152866,39.28664481888084,0,23.745555555555555,1,,,,,,,,证据缺失_无吃水数据
366914410_6,366914410,ASD PATSY MINK,Tug Tow,2017-01-10 17:28:53+00:00,2017-01-10 18:55:04+00:00,75,1.436388888888889,1.7186666666666668,2.5538891028291637,8.3,21.35949,-157.94221,21.3593,-157.9422,0.5866666666666667,47.580250901227586,1,21.95138888888889,1,,,,,,,,证据缺失_无吃水数据
366914410_7,366914410,ASD PATSY MINK,Tug Tow,2017-01-11 16:52:09+00:00,2017-01-11 17:47:48+00:00,49,0.9275,2.163265306122449,2.914239028570968,8.0,21.35947,-157.9422,21.35938,-157.94216,0.5510204081632653,30.990195701381573,1,23.10472222222222,1,,,,,,,,证据缺失_无吃水数据
366914410_8,366914410,ASD PATSY MINK,Tug Tow,2017-01-12 16:54:05+00:00,2017-01-13 03:13:36+00:00,539,10.325277777777778,2.9730983302411875,3.836728180811859,11.0,21.35951,-157.94215,21.35947,-157.94216,0.5528756957328386,42.10591970999998,0,111.24416666666667,1,,,,,,,,证据缺失_无吃水数据
366914410_9,366914410,ASD PATSY MINK,Tug Tow,2017-01-17 18:28:15+00:00,2017-01-17 21:27:35+00:00,156,2.988888888888889,1.8628205128205129,3.5726780043008666,11.4,21.35945,-157.94216,21.35945,-157.9422,0.75,25.49335377543982,0,19.690555555555555,1,,,,,,,,证据缺失_无吃水数据
366914420_1,366914420,SEAS THE DAY,Pleasure Craft/Sailing,2017-01-03 16:14:21+00:00,2017-01-04 00:59:44+00:00,245,8.756388888888889,1.686938775510204,3.005267373120254,10.9,21.35902,-157.94257,21.35908,-157.94262,0.6938775510204082,40.138310973332516,0,22.302777777777777,1,,,,,,,,证据缺失_无吃水数据
366914420_10,366914420,SEAS THE DAY,Pleasure Craft/Sailing,2017-01-19 15:57:00+00:00,2017-01-20 01:59:22+00:00,522,10.039444444444445,0.4599616858237548,1.7166304087197952,10.9,21.35898,-157.94252,21.35906,-157.94255,0.9118773946360154,17.89564835664883,0,13.861666666666666,1,,,,,,,,证据缺失_无吃水数据
366914420_11,366914420,SEAS THE DAY,Pleasure Craft/Sailing,2017-01-20 15:51:04+00:00,2017-01-21 00:16:47+00:00,334,8.428611111111111,2.661377245508982,3.7826027260054658,11.2,21.35901,-157.94255,21.35907,-157.94253,0.6077844311377245,31.709860083127953,0,63.198055555555555,1,,,,,,,,证据缺失_无吃水数据
366914420_12,366914420,SEAS THE DAY,Pleasure Craft/Sailing,2017-01-23 15:28:40+00:00,2017-01-24 02:40:24+00:00,425,11.195555555555556,3.7809411764705882,3.836153618378151,11.8,21.35908,-157.94263,21.35902,-157.94259,0.35764705882352943,32.16928477931861,0,14.918611111111112,1,,,,,,,,证据缺失_无吃水数据
366914420_13,366914420,SEAS THE DAY,Pleasure Craft/Sailing,2017-01-24 17:35:31+00:00,2017-01-24 23:10:25+00:00,175,5.581666666666667,1.9291428571428573,2.948057388269777,9.2,21.359,-157.94257,21.35904,-157.94257,0.6171428571428571,38.2663109117402,0,16.637777777777778,1,,,,,,,,证据缺失_无吃水数据
366914420_14,366914420,SEAS THE DAY,Pleasure Craft/Sailing,2017-01-25 15:48:41+00:00,2017-01-26 04:19:35+00:00,390,12.515,2.1515384615384616,3.2586661507531676,10.9,21.35903,-157.94259,21.35451,-157.94858,0.6,32.63058665801944,1,14.336388888888889,1,,,,,,,,证据缺失_无吃水数据
366914420_15,366914420,SEAS THE DAY,Pleasure Craft/Sailing,2017-01-26 18:39:46+00:00,2017-01-27 04:09:26+00:00,371,9.494444444444444,1.8126684636118597,2.843451679675851,10.7,21.35904,-157.94258,21.35845,-157.94271,0.5876010781671159,43.50571826626158,1,15.540555555555555,1,,,,,,,,证据缺失_无吃水数据
366914420_16,366914420,SEAS THE DAY,Pleasure Craft/Sailing,2017-01-27 19:41:52+00:00,2017-01-28 02:31:31+00:00,153,6.8275,2.4705882352941178,3.6857456996148152,11.1,21.35907,-157.94259,21.35901,-157.94258,0.5620915032679739,39.89283186436184,0,61.17111111111111,1,,,,,,,,证据缺失_无吃水数据
366914420_17,366914420,SEAS THE DAY,Pleasure Craft/Sailing,2017-01-30 15:41:47+00:00,2017-01-31 03:11:00+00:00,335,11.486944444444445,2.3456716417910446,3.3680833867707793,11.3,21.35901,-157.94252,21.3569,-157.94353,0.5970149253731343,37.164494994432324,1,14.62,1,,,,,,,,证据缺失_无吃水数据
366914420_18,366914420,SEAS THE DAY,Pleasure Craft/Sailing,2017-01-31 17:48:12+00:00,2017-01-31 23:57:21+00:00,180,6.1525,0.14055555555555557,0.4332154975152658,2.7,21.35902,-157.94253,21.35904,-157.94254,0.9277777777777778,36.81324109242259,0,,0,,,,,,,,证据缺失_无吃水数据
366914420_2,366914420,SEAS THE DAY,Pleasure Craft/Sailing,2017-01-04 23:17:54+00:00,2017-01-04 23:17:54+00:00,1,0.0,0.0,,0.0,21.35905,-157.94256,21.35905,-157.94256,1.0,,0,16.399722222222223,1,,,,,,,,证据缺失_无吃水数据
366914420_3,366914420,SEAS THE DAY,Pleasure Craft/Sailing,2017-01-05 15:41:53+00:00,2017-01-06 03:39:12+00:00,475,11.955277777777777,3.1065263157894734,4.066973539751666,11.3,21.35902,-157.94257,21.359,-157.94256,0.5242105263157895,50.1464974539868,0,12.276666666666667,1,,,,,,,,证据缺失_无吃水数据
366914420_4,366914420,SEAS THE DAY,Pleasure Craft/Sailing,2017-01-06 15:55:48+00:00,2017-01-07 01:10:18+00:00,330,9.241666666666667,1.6206060606060604,2.8018447455343876,11.1,21.35903,-157.94253,21.35904,-157.94257,0.6666666666666666,40.88959364584711,0,39.384166666666665,1,,,,,,,,证据缺失_无吃水数据
366914420_5,366914420,SEAS THE DAY,Pleasure Craft/Sailing,2017-01-08 16:33:21+00:00,2017-01-08 19:29:18+00:00,127,2.9325,2.1283464566929133,2.7121682779473715,8.4,21.359,-157.94255,21.35905,-157.94257,0.44881889763779526,56.62579694242792,0,19.241666666666667,1,,,,,,,,证据缺失_无吃水数据
366914420_6,366914420,SEAS THE DAY,Pleasure Craft/Sailing,2017-01-09 14:43:48+00:00,2017-01-10 03:02:38+00:00,379,12.313888888888888,3.372295514511873,3.6292459544861977,11.1,21.35902,-157.94257,21.35903,-157.94253,0.45382585751978893,34.82870004071011,0,61.155277777777776,1,,,,,,,,证据缺失_无吃水数据
366914420_7,366914420,SEAS THE DAY,Pleasure Craft/Sailing,2017-01-12 16:11:57+00:00,2017-01-13 02:25:19+00:00,500,10.222777777777777,1.6334000000000002,3.2004421726068415,12.0,21.35901,-157.94255,21.35906,-157.94255,0.732,40.21865102839901,0,13.778611111111111,1,,,,,,,,证据缺失_无吃水数据
366914420_8,366914420,SEAS THE DAY,Pleasure Craft/Sailing,2017-01-13 16:12:02+00:00,2017-01-14 02:32:03+00:00,542,10.33361111111111,2.3841328413284133,3.3983750445622616,10.4,21.35901,-157.94255,21.35905,-157.94256,0.5756457564575646,40.4188454244808,0,86.10722222222222,1,,,,,,,,证据缺失_无吃水数据
366914420_9,366914420,SEAS THE DAY,Pleasure Craft/Sailing,2017-01-17 16:38:29+00:00,2017-01-18 01:47:09+00:00,474,9.144444444444444,0.37763713080168776,1.4401102212827024,8.2,21.359,-157.94254,21.35905,-157.94255,0.9177215189873418,26.407801806915632,0,38.16416666666667,1,,,,,,,,证据缺失_无吃水数据
366914430_1,366914430,ASD KAIMANA HILA,Tug Tow,2017-01-03 16:30:15+00:00,2017-01-04 02:19:46+00:00,509,9.825277777777778,1.4776031434184675,2.728222531388798,11.1,21.35922,-157.94235,21.35926,-157.94237,0.6797642436149313,29.147156720717707,0,14.329444444444444,1,,,,,,,,证据缺失_无吃水数据
366914430_10,366914430,ASD KAIMANA HILA,Tug Tow,2017-01-17 16:03:37+00:00,2017-01-18 03:03:16+00:00,572,10.994166666666667,1.3414335664335664,2.5344173879719385,9.5,21.35925,-157.94237,21.3592,-157.94235,0.7097902097902098,29.707919598402526,1,12.015833333333333,1,,,,,,,,证据缺失_无吃水数据
366914430_11,366914430,ASD KAIMANA HILA,Tug Tow,2017-01-18 15:04:13+00:00,2017-01-19 01:53:33+00:00,506,10.822222222222223,0.7891304347826087,2.043405339371727,10.6,21.35924,-157.94238,21.35928,-157.94234,0.8241106719367589,32.69880460937813,0,13.242777777777778,1,,,,,,,,证据缺失_无吃水数据
366914430_12,366914430,ASD KAIMANA HILA,Tug Tow,2017-01-19 15:08:07+00:00,2017-01-20 01:19:37+00:00,526,10.191666666666666,0.3197718631178707,1.1612918689964573,8.8,21.35925,-157.94238,21.35928,-157.94232,0.8612167300380228,40.38774989009692,0,17.018333333333334,1,,,,,,,,证据缺失_无吃水数据
366914430_13,366914430,ASD KAIMANA HILA,Tug Tow,2017-01-20 18:20:43+00:00,2017-01-21 02:19:24+00:00,222,7.978055555555556,2.821171171171171,3.9412716414329183,11.3,21.34969,-157.98926,21.35925,-157.94238,0.5945945945945946,32.19694079736727,0,61.78611111111111,1,,,,,,,,证据缺失_无吃水数据
366914430_14,366914430,ASD KAIMANA HILA,Tug Tow,2017-01-23 16:06:34+00:00,2017-01-24 02:06:48+00:00,284,10.00388888888889,2.2915492957746477,2.8684956956330314,10.7,21.35925,-157.94238,21.35928,-157.94239,0.4823943661971831,46.649865169223624,0,13.841944444444444,1,,,,,,,,证据缺失_无吃水数据
366914430_15,366914430,ASD KAIMANA HILA,Tug Tow,2017-01-24 15:57:19+00:00,2017-01-25 02:01:38+00:00,257,10.071944444444444,2.0101167315175097,3.2155832094575802,11.2,21.35924,-157.94234,21.35929,-157.94234,0.6264591439688716,29.434109903769908,0,14.105277777777777,1,,,,,,,,证据缺失_无吃水数据
366914430_16,366914430,ASD KAIMANA HILA,Tug Tow,2017-01-25 16:07:57+00:00,2017-01-26 04:30:22+00:00,364,12.373611111111112,2.828846153846154,3.539928527777897,11.4,21.35924,-157.94238,21.35922,-157.94238,0.49725274725274726,42.900858601923666,0,18.183611111111112,1,,,,,,,,证据缺失_无吃水数据
366914430_17,366914430,ASD KAIMANA HILA,Tug Tow,2017-01-26 22:41:23+00:00,2017-01-27 02:52:09+00:00,147,4.179444444444444,1.4448979591836735,2.3972068127750235,10.4,21.35922,-157.94233,21.35926,-157.94239,0.5850340136054422,42.569495316562644,0,13.26388888888889,1,,,,,,,,证据缺失_无吃水数据
366914430_18,366914430,ASD KAIMANA HILA,Tug Tow,2017-01-27 16:07:59+00:00,2017-01-28 02:31:10+00:00,444,10.386388888888888,1.45,2.716852348162406,11.4,21.35919,-157.94236,21.35921,-157.94237,0.6756756756756757,34.34749064610037,0,21.90888888888889,1,,,,,,,,证据缺失_无吃水数据
366914430_19,366914430,ASD KAIMANA HILA,Tug Tow,2017-01-29 00:25:42+00:00,2017-01-29 05:00:22+00:00,241,4.5777777777777775,3.017842323651452,3.8629723432914425,11.5,21.35927,-157.94234,21.35925,-157.94236,0.4107883817427386,42.42958427632687,0,17.078333333333333,1,,,,,,,,证据缺失_无吃水数据
366914430_2,366914430,ASD KAIMANA HILA,Tug Tow,2017-01-04 16:39:32+00:00,2017-01-05 02:55:43+00:00,532,10.269722222222223,0.681390977443609,1.7793044254883732,7.9,21.35922,-157.94237,21.35927,-157.94235,0.8327067669172933,24.22291311420818,0,14.219722222222222,1,,,,,,,,证据缺失_无吃水数据
366914430_20,366914430,ASD KAIMANA HILA,Tug Tow,2017-01-29 22:05:04+00:00,2017-01-30 02:44:45+00:00,243,4.661388888888889,2.6448559670781897,2.8772555435066707,9.4,21.35927,-157.94233,21.35928,-157.94237,0.3950617283950617,32.98301877667521,0,13.373611111111112,1,,,,,,,,证据缺失_无吃水数据
366914430_21,366914430,ASD KAIMANA HILA,Tug Tow,2017-01-30 16:07:10+00:00,2017-01-31 01:35:13+00:00,487,9.4675,0.7728952772073922,2.194035225632235,11.4,21.35926,-157.94239,21.35931,-157.94234,0.8501026694045175,16.081387136015476,0,14.516388888888889,1,,,,,,,,证据缺失_无吃水数据
366914430_22,366914430,ASD KAIMANA HILA,Tug Tow,2017-01-31 16:06:12+00:00,2017-01-31 23:59:13+00:00,410,7.883611111111111,0.3829268292682927,1.5237488256371223,8.1,21.35925,-157.94235,21.35355,-157.9427,0.9243902439024391,22.111236177679984,0,,0,,,,,,,,证据缺失_无吃水数据
366914430_3,366914430,ASD KAIMANA HILA,Tug Tow,2017-01-05 17:08:54+00:00,2017-01-06 01:58:55+00:00,461,8.83361111111111,0.8672451193058569,2.2910199936982303,11.3,21.35925,-157.94237,21.35927,-157.94235,0.8459869848156182,24.20456020810666,0,14.080277777777777,1,,,,,,,,证据缺失_无吃水数据
366914430_4,366914430,ASD KAIMANA HILA,Tug Tow,2017-01-06 16:03:44+00:00,2017-01-07 02:16:06+00:00,528,10.206111111111111,1.0291666666666666,2.5172614081253952,11.1,21.35927,-157.94239,21.35921,-157.94232,0.7973484848484849,27.79035932735479,0,61.810833333333335,1,,,,,,,,证据缺失_无吃水数据
366914430_5,366914430,ASD KAIMANA HILA,Tug Tow,2017-01-09 16:04:45+00:00,2017-01-10 01:53:46+00:00,512,9.816944444444445,0.8146484375,2.2336162077317088,10.5,21.35924,-157.94238,21.35929,-157.94238,0.845703125,19.132697055550473,0,14.279166666666667,1,,,,,,,,证据缺失_无吃水数据
366914430_6,366914430,ASD KAIMANA HILA,Tug Tow,2017-01-10 16:10:31+00:00,2017-01-11 02:43:31+00:00,542,10.55,0.9581180811808118,2.3407659774659466,11.3,21.35925,-157.94237,21.35927,-157.94237,0.8081180811808119,23.29828775017799,0,13.332777777777778,1,,,,,,,,证据缺失_无吃水数据
366914430_7,366914430,ASD KAIMANA HILA,Tug Tow,2017-01-11 16:03:29+00:00,2017-01-12 03:11:41+00:00,581,11.136666666666667,1.1636833046471602,2.30030871905912,11.0,21.35926,-157.94238,21.35928,-157.94239,0.7246127366609294,37.014803183266665,0,13.915833333333333,1,,,,,,,,证据缺失_无吃水数据
366914430_8,366914430,ASD KAIMANA HILA,Tug Tow,2017-01-12 17:06:38+00:00,2017-01-13 01:59:30+00:00,463,8.88111111111111,0.9414686825053995,2.0482194787444037,7.8,21.35922,-157.94238,21.3592,-157.94235,0.7883369330453563,32.986067095774956,0,14.087222222222222,1,,,,,,,,证据缺失_无吃水数据
366914430_9,366914430,ASD KAIMANA HILA,Tug Tow,2017-01-13 16:04:44+00:00,2017-01-14 01:38:54+00:00,498,9.569444444444445,0.7240963855421687,1.7810035170977274,8.1,21.35924,-157.94241,21.35927,-157.94235,0.821285140562249,30.88318318047644,0,86.41194444444444,1,,,,,,,,证据缺失_无吃水数据
366914870_1,366914870,IKAIKA,Pleasure Craft/Sailing,2017-01-07 01:11:41+00:00,2017-01-08 04:28:10+00:00,399,27.274722222222223,0.6340852130325815,1.765695188943487,6.9,21.32036,-157.89221,21.28623,-157.8427,0.8721804511278195,25.269669373999644,0,18.3225,3,,,,,,,,证据缺失_无吃水数据
366914870_2,366914870,IKAIKA,Pleasure Craft/Sailing,2017-01-08 22:47:31+00:00,2017-01-09 02:49:55+00:00,148,4.04,5.107432432432432,2.502463852993609,8.0,21.2863,-157.84268,21.28607,-157.84259,0.1554054054054054,27.40615320050343,0,24.558333333333334,1,,,,,,,,证据缺失_无吃水数据
366914870_3,366914870,IKAIKA,Pleasure Craft/Sailing,2017-01-10 03:23:25+00:00,2017-01-16 04:41:49+00:00,2564,145.30666666666667,0.15405616224648985,0.6083589330816603,5.8,21.28612,-157.84254,21.28612,-157.84255,0.967628705148206,15.776218598793532,0,47.365833333333335,1,,,,,,,,证据缺失_无吃水数据
366914870_4,366914870,IKAIKA,Pleasure Craft/Sailing,2017-01-18 04:03:46+00:00,2017-01-18 04:36:11+00:00,19,0.5402777777777777,4.252631578947368,3.046194059086525,7.7,21.28611,-157.84256,21.2861,-157.84256,0.2631578947368421,68.12060647222536,0,47.30638888888889,1,,,,,,,,证据缺失_无吃水数据
366914870_5,366914870,IKAIKA,Pleasure Craft/Sailing,2017-01-20 03:54:34+00:00,2017-01-20 04:26:33+00:00,12,0.5330555555555555,0.125,0.08660254037844388,0.3,21.28613,-157.84259,21.28614,-157.84236,1.0,53.39812901046424,0,22.028055555555557,1,,,,,,,,证据缺失_无吃水数据
366914870_6,366914870,IKAIKA,Pleasure Craft/Sailing,2017-01-21 02:28:14+00:00,2017-01-21 05:42:12+00:00,59,3.2327777777777778,0.04576271186440678,0.05669651177710502,0.2,21.28614,-157.84255,21.2861,-157.84256,1.0,3.768494623074036,0,164.6186111111111,1,,,,,,,,证据缺失_无吃水数据
366914870_7,366914870,IKAIKA,Pleasure Craft/Sailing,2017-01-28 02:19:19+00:00,2017-01-28 08:25:17+00:00,107,6.099444444444444,1.889719626168224,2.7190083715249016,8.4,21.28612,-157.84256,21.28611,-157.84255,0.6542056074766355,27.659299439116552,0,18.967222222222222,1,,,,,,,,证据缺失_无吃水数据
366914870_8,366914870,IKAIKA,Pleasure Craft/Sailing,2017-01-29 03:23:19+00:00,2017-01-31 23:59:14+00:00,1242,68.59861111111111,0.3679549114331723,1.2751592482353833,7.6,21.28608,-157.84257,21.28613,-157.84254,0.9315619967793881,17.332806851183634,0,,0,,,,,,,,证据缺失_无吃水数据
366920620_1,366920620,PACIFIC SUN,Fishing,2017-01-24 23:19:38+00:00,2017-01-31 23:57:36+00:00,3057,168.6327777777778,0.01763166503107622,0.03862684472129925,0.2,21.31666,-157.87729,21.31664,-157.87727,1.0,9.453549896239887,0,,0,,,,,,,,证据缺失_无吃水数据
366932130_1,366932130,BARBARA FOSS,Tug Tow,2017-01-01 00:00:07+00:00,2017-01-04 16:53:12+00:00,4640,88.88472222222222,1.9276077586206897,2.9853675431279982,9.6,21.31052,-157.86748,20.78418,-157.01085,0.6896551724137931,10.099066734737725,1,9.610833333333334,1,4640.0,4.2,4.2,4.2,0.0,0.0,False,证据缺失_该船吃水字段不更新
366932130_2,366932130,BARBARA FOSS,Tug Tow,2017-01-05 02:29:51+00:00,2017-01-09 03:08:33+00:00,4198,96.645,5.481586469747499,3.8464260348262775,9.6,20.78644,-156.99128,19.83561,-155.05534,0.30443068127679845,13.702450231215906,2,30.794444444444444,7,4198.0,4.2,4.2,4.2,0.0,0.0,False,证据缺失_该船吃水字段不更新
366932130_3,366932130,BARBARA FOSS,Tug Tow,2017-01-10 09:56:13+00:00,2017-01-12 07:50:13+00:00,2357,45.9,8.157403478998727,1.3907442202349556,10.2,19.84397,-155.05916,19.83194,-155.0618,0.01103097157403479,8.665118496627086,1,24.359444444444446,1,2357.0,4.2,4.2,4.2,0.0,0.0,False,证据缺失_该船吃水字段不更新
366932130_4,366932130,BARBARA FOSS,Tug Tow,2017-01-13 08:11:47+00:00,2017-01-20 22:26:14+00:00,8638,182.24083333333334,3.1408543644362124,3.8905006652164436,11.2,19.82966,-155.06071,22.03009,-159.90922,0.5836999305394768,11.086588634477863,0,202.27833333333334,1,8638.0,4.2,4.2,4.2,0.0,0.0,False,证据缺失_该船吃水字段不更新
366932130_5,366932130,BARBARA FOSS,Tug Tow,2017-01-29 08:42:56+00:00,2017-01-31 23:59:15+00:00,1819,63.27194444444444,3.6286421110500275,3.6828055970977402,11.7,21.68469,-159.44697,21.31909,-157.96681,0.4639912039582188,7.6858856542289855,0,,0,1819.0,4.2,4.2,4.2,0.0,0.0,False,证据缺失_该船吃水字段不更新
366932980_1,366932980,DREW FOSS,Tug Tow,2017-01-01 00:00:05+00:00,2017-01-02 21:09:53+00:00,2352,45.163333333333334,8.503401360544218e-05,0.002915438977409596,0.1,21.31017,-157.86765,21.31016,-157.86767,1.0,67.66704085477744,0,66.90055555555556,1,2352.0,4.2,4.2,4.2,0.0,0.0,False,证据缺失_该船吃水字段不更新
366932980_2,366932980,DREW FOSS,Tug Tow,2017-01-05 16:03:55+00:00,2017-01-31 23:59:39+00:00,15609,631.9288888888889,0.7332372349285669,2.2240420815671875,12.7,21.31021,-157.86768,21.31015,-157.86779,0.8960215260426677,88.02919266645605,1,2.6008333333333336,2,15609.0,4.2,4.2,4.2,0.0,0.0,False,证据缺失_该船吃水字段不更新
366939140_1,366939140,CAROLYN,Tug Tow,2017-01-03 16:38:49+00:00,2017-01-04 00:25:17+00:00,405,7.774444444444445,0.008888888888888889,0.028493528881463788,0.1,21.37288,-157.96691,21.37294,-157.96696,1.0,23.973568569653636,0,16.20861111111111,1,,,,,,,,证据缺失_无吃水数据
366939140_10,366939140,CAROLYN,Tug Tow,2017-01-17 17:17:34+00:00,2017-01-18 00:26:06+00:00,371,7.142222222222222,0.011590296495956873,0.03205408120354949,0.1,21.3729,-157.96695,21.37292,-157.96693,1.0,16.591780617586252,0,15.80888888888889,1,,,,,,,,证据缺失_无吃水数据
366939140_11,366939140,CAROLYN,Tug Tow,2017-01-18 16:14:38+00:00,2017-01-19 00:28:07+00:00,383,8.224722222222223,0.08877284595300261,0.3471715300865153,3.4,21.37288,-157.96691,21.3729,-157.96691,0.9451697127937336,33.330574455368954,0,16.066111111111113,1,,,,,,,,证据缺失_无吃水数据
366939140_12,366939140,CAROLYN,Tug Tow,2017-01-19 16:32:05+00:00,2017-01-20 00:24:15+00:00,409,7.8694444444444445,0.008801955990220049,0.02836703409973811,0.1,21.37287,-157.96693,21.37295,-157.96692,1.0,23.320343594177256,0,14.593055555555555,1,,,,,,,,证据缺失_无吃水数据
366939140_13,366939140,CAROLYN,Tug Tow,2017-01-20 14:59:50+00:00,2017-01-20 23:26:30+00:00,443,8.444444444444445,0.7146726862302484,1.493041648941512,4.7,21.37288,-157.9669,21.37293,-157.96688,0.801354401805869,29.481176436151085,0,65.15972222222223,1,,,,,,,,证据缺失_无吃水数据
366939140_14,366939140,CAROLYN,Tug Tow,2017-01-23 16:36:05+00:00,2017-01-24 00:35:14+00:00,412,7.985833333333333,0.010679611650485438,0.030922936500198197,0.1,21.37288,-157.96692,21.37292,-157.96687,1.0,24.913549885455513,0,16.4575,1,,,,,,,,证据缺失_无吃水数据
366939140_15,366939140,CAROLYN,Tug Tow,2017-01-24 17:02:41+00:00,2017-01-25 00:18:41+00:00,378,7.266666666666667,0.011375661375661376,0.031793625642953766,0.1,21.37288,-157.96691,21.37291,-157.96692,1.0,23.80714241677245,0,16.514166666666668,1,,,,,,,,证据缺失_无吃水数据
366939140_16,366939140,CAROLYN,Tug Tow,2017-01-25 16:49:32+00:00,2017-01-26 00:27:01+00:00,395,7.624722222222222,0.014177215189873419,0.034925867645683895,0.1,21.37291,-157.9669,21.3729,-157.9669,1.0,28.260376309770958,0,15.916666666666666,1,,,,,,,,证据缺失_无吃水数据
366939140_17,366939140,CAROLYN,Tug Tow,2017-01-26 16:22:01+00:00,2017-01-27 00:25:31+00:00,418,8.058333333333334,0.010047846889952153,0.030099716095373128,0.1,21.37287,-157.9669,21.37292,-157.96689,1.0,22.406921183118282,0,16.013055555555557,1,,,,,,,,证据缺失_无吃水数据
366939140_18,366939140,CAROLYN,Tug Tow,2017-01-27 16:26:18+00:00,2017-01-28 00:28:30+00:00,350,8.036666666666667,0.008285714285714287,0.027606082370961075,0.1,21.37289,-157.96689,21.37294,-157.96691,1.0,20.597952207635643,0,64.03805555555556,1,,,,,,,,证据缺失_无吃水数据
366939140_19,366939140,CAROLYN,Tug Tow,2017-01-30 16:30:47+00:00,2017-01-31 00:27:37+00:00,406,7.947222222222222,0.00812807881773399,0.02736030015274125,0.1,21.3729,-157.96689,21.37291,-157.96689,1.0,26.078004232120087,0,15.811388888888889,1,,,,,,,,证据缺失_无吃水数据
366939140_2,366939140,CAROLYN,Tug Tow,2017-01-04 16:37:48+00:00,2017-01-05 00:25:34+00:00,401,7.796111111111111,0.008728179551122194,0.02826001466609104,0.1,21.37287,-157.96689,21.37292,-157.9669,1.0,17.564402038924136,0,16.095,1,,,,,,,,证据缺失_无吃水数据
366939140_20,366939140,CAROLYN,Tug Tow,2017-01-31 16:16:18+00:00,2017-01-31 23:59:47+00:00,392,7.724722222222222,0.009948979591836736,0.02997010358558222,0.1,21.3729,-157.96692,21.37291,-157.96689,1.0,26.199659645099405,0,,0,,,,,,,,证据缺失_无吃水数据
366939140_3,366939140,CAROLYN,Tug Tow,2017-01-05 16:31:16+00:00,2017-01-06 00:29:16+00:00,401,7.966666666666667,0.007980049875311722,0.02713226125846324,0.1,21.37288,-157.96691,21.37292,-157.96693,1.0,21.726660914328633,0,15.874166666666667,1,,,,,,,,证据缺失_无吃水数据
366939140_4,366939140,CAROLYN,Tug Tow,2017-01-06 16:21:43+00:00,2017-01-07 00:27:54+00:00,420,8.103055555555555,0.00880952380952381,0.02837713800908302,0.1,21.37288,-157.96694,21.37291,-157.96692,1.0,15.774434217785155,0,63.986111111111114,1,,,,,,,,证据缺失_无吃水数据
366939140_5,366939140,CAROLYN,Tug Tow,2017-01-09 16:27:04+00:00,2017-01-10 00:28:05+00:00,417,8.016944444444444,0.009112709832134294,0.028813546103063907,0.1,21.37287,-157.96693,21.37294,-157.96692,1.0,18.068816654957587,0,15.851111111111111,1,,,,,,,,证据缺失_无吃水数据
366939140_6,366939140,CAROLYN,Tug Tow,2017-01-10 16:19:09+00:00,2017-01-11 00:27:08+00:00,420,8.133055555555556,0.013095238095238096,0.0337750593072476,0.1,21.37288,-157.96692,21.37292,-157.96693,1.0,20.24414518128916,0,15.904722222222222,1,,,,,,,,证据缺失_无吃水数据
366939140_7,366939140,CAROLYN,Tug Tow,2017-01-11 16:21:25+00:00,2017-01-12 00:26:34+00:00,420,8.085833333333333,0.010238095238095237,0.030351016877201466,0.1,21.37288,-157.96691,21.37291,-157.96688,1.0,20.854938136820113,0,16.079444444444444,1,,,,,,,,证据缺失_无吃水数据
366939140_8,366939140,CAROLYN,Tug Tow,2017-01-12 16:31:20+00:00,2017-01-13 00:28:20+00:00,415,7.95,0.010602409638554218,0.030824005545209646,0.1,21.37288,-157.96692,21.37292,-157.96694,1.0,16.068713590584505,0,16.305,1,,,,,,,,证据缺失_无吃水数据
366939140_9,366939140,CAROLYN,Tug Tow,2017-01-13 16:46:38+00:00,2017-01-14 00:29:59+00:00,402,7.7225,0.009452736318407961,0.029292556568168916,0.1,21.37289,-157.96693,21.3729,-157.96693,1.0,18.960866146156636,0,88.79305555555555,1,,,,,,,,证据缺失_无吃水数据
366953000_1,366953000,CG WALNUT,"Public Vessel, Unclassified",2017-01-01 19:45:35+00:00,2017-01-02 00:35:57+00:00,55,4.839444444444444,1.1236363636363635,1.9329466697979092,7.4,21.22222,-157.84091,21.3065,-157.87186,0.6363636363636364,88.83621926865352,2,113.84666666666666,3,55.0,4.0,4.0,4.0,0.0,0.0,False,证据缺失_该船吃水字段不更新
366953000_2,366953000,CG WALNUT,"Public Vessel, Unclassified",2017-01-06 18:26:45+00:00,2017-01-06 23:11:10+00:00,85,4.740277777777778,0.021176470588235293,0.04109836529902498,0.1,21.30649,-157.87185,21.30651,-157.87186,1.0,109.38090332564938,0,118.39583333333333,1,85.0,4.0,4.0,4.0,0.0,0.0,False,证据缺失_该船吃水字段不更新
366953000_3,366953000,CG WALNUT,"Public Vessel, Unclassified",2017-01-11 21:34:55+00:00,2017-01-16 19:07:56+00:00,2552,117.55027777777778,0.678448275862069,1.9854107886469197,11.7,21.30651,-157.87185,21.27635,-157.89301,0.8710815047021944,97.46617759282802,0,208.6627777777778,1,2552.0,4.0,4.0,4.0,0.0,0.0,False,证据缺失_该船吃水字段不更新
366953000_4,366953000,CG WALNUT,"Public Vessel, Unclassified",2017-01-25 11:47:42+00:00,2017-01-25 23:08:04+00:00,360,11.339444444444444,6.750277777777778,5.5473148344478584,13.3,21.36492,-157.94225,21.5305,-158.49333,0.3611111111111111,60.94807319932127,1,77.02305555555556,1,360.0,4.0,4.0,4.0,0.0,0.0,False,证据缺失_该船吃水字段不更新
366953000_5,366953000,CG WALNUT,"Public Vessel, Unclassified",2017-01-29 04:09:27+00:00,2017-01-29 06:58:20+00:00,93,2.814722222222222,3.686021505376344,1.3124480443422166,5.6,21.24194,-158.03999,21.30639,-157.87176,0.08602150537634409,26.674939610970533,1,1.1291666666666667,1,93.0,4.0,4.0,4.0,0.0,0.0,False,证据缺失_该船吃水字段不更新
366972620_1,366972620,MIKIOI,Tug Tow,2017-01-01 00:00:00+00:00,2017-01-31 23:58:30+00:00,24175,743.975,1.172095139607032,2.3696412408577667,53.8,21.31026,-157.86933,21.31007,-157.86885,0.7404756980351603,33.03124779088075,0,,0,24175.0,2.4,2.4,2.4,0.0,0.0,False,证据缺失_该船吃水字段不更新
366981180_1,366981180,JENNIFER,Fishing,2017-01-07 17:49:00+00:00,2017-01-08 09:00:24+00:00,702,15.19,6.391168091168091,0.6789952741082969,8.7,21.27653,-157.88243,22.54916,-158.23507,0.0,6.0065246061176225,0,96.17777777777778,1,,,,,,,,证据缺失_无吃水数据
366981180_2,366981180,JENNIFER,Fishing,2017-01-12 09:11:04+00:00,2017-01-12 15:16:32+00:00,73,6.091111111111111,6.86986301369863,0.8562977369510322,8.9,24.06236,-157.66797,23.4868,-157.25766,0.0,4.6406240136760415,0,7.937777777777778,4,,,,,,,,证据缺失_无吃水数据
366981180_3,366981180,JENNIFER,Fishing,2017-01-12 23:12:48+00:00,2017-01-13 13:41:05+00:00,79,14.471388888888889,6.1645569620253164,0.819010969320665,8.0,23.00942,-156.65554,22.12457,-155.53056,0.0,6.414125998217709,2,8.648888888888889,6,,,,,,,,证据缺失_无吃水数据
366981180_4,366981180,JENNIFER,Fishing,2017-01-13 22:20:01+00:00,2017-01-14 08:31:55+00:00,50,10.198333333333334,3.986,1.3688979628347253,6.0,22.37534,-155.75735,22.19507,-155.49561,0.02,36.74755973202171,3,12.830277777777777,5,,,,,,,,证据缺失_无吃水数据
366981180_5,366981180,JENNIFER,Fishing,2017-01-14 21:21:44+00:00,2017-01-15 03:45:45+00:00,36,6.400277777777778,4.372222222222223,1.9786880373637357,8.3,22.08692,-155.49491,22.07474,-155.50069,0.0,50.097152336923365,1,282.7502777777778,3,,,,,,,,证据缺失_无吃水数据
366981180_6,366981180,JENNIFER,Fishing,2017-01-26 22:30:46+00:00,2017-01-27 09:08:38+00:00,456,10.63111111111111,7.110964912280702,0.6405443691705021,8.6,19.97365,-158.41212,21.12895,-157.91707,0.0,8.609970921215236,0,,0,,,,,,,,证据缺失_无吃水数据
366985000_1,366985000,FISHER,Cargo,2017-01-23 05:35:54+00:00,2017-01-27 12:31:54+00:00,2665,102.93333333333334,6.32656660412758,8.58429975938745,23.2,22.27598,-155.30949,21.1801,-161.13068,0.6101313320825515,6.300510949721689,0,1.0566666666666666,1,2665.0,10.9,10.9,10.9,0.0,0.0,False,证据缺失_该船吃水字段不更新
366994450_1,366994450,PRIDE OF AMERICA,Passenger,2017-01-01 00:02:53+00:00,2017-01-03 16:34:01+00:00,1890,64.5188888888889,7.585555555555556,7.085143369977957,19.6,21.30215,-157.8653,19.78895,-155.0387,0.39735449735449735,55.49866857523835,1,12.309722222222222,3,1890.0,8.0,8.0,8.0,0.0,0.0,False,证据缺失_该船吃水字段不更新
366994450_2,366994450,PRIDE OF AMERICA,Passenger,2017-01-04 04:52:36+00:00,2017-01-10 16:32:15+00:00,4019,155.66083333333333,9.867454590694203,6.923291983702801,20.0,19.76323,-155.00888,19.79175,-155.0348,0.25255038566807664,44.24772361022105,1,12.218055555555555,5,4019.0,8.0,8.0,8.0,0.0,0.0,False,证据缺失_该船吃水字段不更新
366994450_3,366994450,PRIDE OF AMERICA,Passenger,2017-01-11 04:45:20+00:00,2017-01-17 16:35:15+00:00,4807,155.83194444444445,8.134179321822343,6.70082563247004,18.7,19.76327,-155.01237,19.78698,-155.0417,0.35697940503432496,47.01995607596608,1,12.500277777777777,6,4807.0,8.0,8.0,8.0,0.0,0.0,False,证据缺失_该船吃水字段不更新
366994450_4,366994450,PRIDE OF AMERICA,Passenger,2017-01-18 05:05:16+00:00,2017-01-24 16:36:40+00:00,4692,155.52333333333334,8.392007672634271,6.62716691755766,18.5,19.76315,-155.01527,19.7899,-155.03752,0.3386615515771526,48.416595385091284,1,12.247777777777777,4,4692.0,8.0,8.0,8.0,0.0,0.0,False,证据缺失_该船吃水字段不更新
366994450_5,366994450,PRIDE OF AMERICA,Passenger,2017-01-25 04:51:32+00:00,2017-01-31 16:39:59+00:00,4484,155.8075,8.44250669045495,6.568376408413669,18.6,19.76322,-155.00365,19.78598,-155.04348,0.32917038358608386,53.78930999507631,0,4.7122222222222225,3,4484.0,8.0,8.0,8.0,0.0,0.0,False,证据缺失_该船吃水字段不更新
366999649_1,366999649,CG AHI,"Public Vessel, Unclassified",2017-01-01 00:00:06+00:00,2017-01-31 23:57:52+00:00,24988,743.9627777777778,2.5004682247478787,5.578175734415633,26.2,21.48261,-157.74164,21.3091,-157.87378,0.7491996158155915,85.89371211201097,1,1.938611111111111,1,,,,,,,,证据缺失_无吃水数据
367003380_1,367003380,JEAN ANNE,Cargo,2017-01-03 14:05:44+00:00,2017-01-06 01:18:57+00:00,1993,59.22027777777778,9.475815353738083,7.158813560668462,17.5,22.10533,-154.34967,19.83217,-155.06117,0.32012042147516306,59.552110249595664,1,11.988055555555556,5,1993.0,8.8,8.8,8.8,0.0,0.0,False,证据缺失_该船吃水字段不更新
367003380_2,367003380,JEAN ANNE,Cargo,2017-01-06 13:18:14+00:00,2017-01-06 16:02:03+00:00,146,2.730277777777778,19.573287671232876,0.5099413212883376,20.3,19.7915,-155.03067,20.11933,-154.15633,0.0,1.9445621201392513,0,253.36,1,146.0,8.8,8.8,8.8,0.0,0.0,False,证据缺失_该船吃水字段不更新
367003380_3,367003380,JEAN ANNE,Cargo,2017-01-17 05:23:39+00:00,2017-01-19 14:56:50+00:00,1971,57.55305555555555,9.45017757483511,7.530732548004062,20.2,22.0805,-154.44583,19.824,-155.0615,0.3257229832572298,59.52151225109492,1,9.524722222222222,4,1971.0,8.8,8.8,8.8,0.0,0.0,False,证据缺失_该船吃水字段不更新
367003380_4,367003380,JEAN ANNE,Cargo,2017-01-20 00:28:19+00:00,2017-01-20 05:49:01+00:00,154,5.345,18.843506493506496,0.4014557374205606,19.7,19.793,-155.0285,20.372,-153.368,0.0,2.712455186854683,0,268.78027777777777,2,154.0,8.8,8.8,8.8,0.0,0.0,False,证据缺失_该船吃水字段不更新
367003380_5,367003380,JEAN ANNE,Cargo,2017-01-31 10:35:50+00:00,2017-01-31 23:58:51+00:00,599,13.383611111111112,15.92871452420701,6.181365094519594,20.0,22.0215,-154.67267,21.29933,-157.86783,0.09015025041736227,28.02494265271163,0,,0,599.0,8.8,8.8,8.8,0.0,0.0,False,证据缺失_该船吃水字段不更新
367003760_1,367003760,SEA HUNT,Fishing,2017-01-10 21:34:37+00:00,2017-01-19 11:08:50+00:00,4276,205.5702777777778,1.8037885874649204,3.2884201800673867,9.9,23.81633,-159.69078,22.11418,-158.82837,0.7635640785781104,13.827034727330885,0,3.158333333333333,7,,,,,,,,证据缺失_无吃水数据
367007920_1,367007920,SALISHAN,Tug Tow,2017-01-01 00:01:06+00:00,2017-01-10 03:20:21+00:00,9301,219.32083333333333,5.948629179658101,3.371582937990154,10.4,21.30957,-157.87136,19.8183,-155.05341,0.21868616277819589,14.579404721555953,1,8.648888888888889,1,9301.0,4.4,4.4,4.4,0.0,0.0,False,证据缺失_该船吃水字段不更新
367007920_2,367007920,SALISHAN,Tug Tow,2017-01-10 11:59:17+00:00,2017-01-17 01:41:57+00:00,6051,157.7111111111111,6.11145265245414,3.3008077231170563,10.3,19.82584,-155.05046,19.82464,-155.05979,0.20294166253511817,14.793357143947997,1,12.490277777777777,1,6051.0,4.4,4.4,4.4,0.0,0.0,False,证据缺失_该船吃水字段不更新
367007920_3,367007920,SALISHAN,Tug Tow,2017-01-17 14:11:22+00:00,2017-01-31 23:57:55+00:00,12134,345.7758333333333,5.352736113400362,3.586963494325155,10.9,19.81406,-155.05539,20.89831,-156.46904,0.27979231910334595,21.274569517540545,0,0.9502777777777778,1,12134.0,4.4,4.4,4.4,0.0,0.0,False,证据缺失_该船吃水字段不更新
367008740_1,367008740,MIKI HANA,Tug Tow,2017-01-01 00:02:31+00:00,2017-01-02 23:44:42+00:00,1302,47.70305555555556,3.5490783410138245,3.9215886730026,10.0,21.30995,-157.87082,21.9525,-159.35659,0.543778801843318,17.874916946344225,1,9.308333333333334,2,1302.0,3.9,3.9,3.9000000000000004,0.0,0.0,False,证据缺失_该船吃水字段不更新
367008740_2,367008740,MIKI HANA,Tug Tow,2017-01-03 09:03:12+00:00,2017-01-09 19:47:46+00:00,7117,154.74277777777777,2.863172685120135,3.4990229416110528,12.7,21.95258,-159.35819,21.32721,-158.11133,0.5770689897428691,17.49437883428769,0,95.11583333333333,1,7117.0,3.9,3.9,3.9,0.0,0.0,False,证据缺失_该船吃水字段不更新
367008740_3,367008740,MIKI HANA,Tug Tow,2017-01-13 18:54:43+00:00,2017-01-20 16:26:23+00:00,6094,165.52777777777777,3.8273219560223173,3.8809296714543398,12.2,21.32722,-158.1113,19.85622,-155.05713,0.48490318345914013,19.147645085141555,1,10.90611111111111,1,6094.0,3.9,3.9,3.9,0.0,0.0,False,证据缺失_该船吃水字段不更新
367008740_4,367008740,MIKI HANA,Tug Tow,2017-01-21 03:20:45+00:00,2017-01-31 23:57:59+00:00,12448,260.62055555555554,1.7060170308483291,3.2342894443076204,11.2,19.83468,-155.05397,21.322,-158.11996,0.7834190231362468,11.723255725216555,0,1.6475,3,12448.0,3.9,3.9,3.9,0.0,0.0,False,证据缺失_该船吃水字段不更新
367008760_1,367008760,NAVAJO,,2017-01-05 13:17:17+00:00,2017-01-09 00:13:58+00:00,4084,82.94472222222223,4.617409402546523,3.7490066344183464,13.3,22.15371,-155.22097,22.83331,-156.24895,0.36190009794319294,32.90463581502938,0,,0,,,,,,,,证据缺失_无吃水数据
367008810_1,367008810,CAPT LES EASOM,Tug Tow,2017-01-01 00:00:34+00:00,2017-01-01 16:41:57+00:00,741,16.689722222222223,6.775033738191633,2.7214086485943216,9.6,21.30972,-157.87168,21.95368,-159.35623,0.10256410256410256,19.372124673123036,0,14.714722222222223,1,741.0,3.8,3.8,3.8,0.0,0.0,False,证据缺失_该船吃水字段不更新
367008810_2,367008810,CAPT LES EASOM,Tug Tow,2017-01-02 07:24:50+00:00,2017-01-02 17:10:59+00:00,214,9.769166666666667,5.61822429906542,0.4858511008289846,9.1,21.95257,-159.35114,21.8904,-159.58949,0.0,15.9095831397542,0,7.613611111111111,5,214.0,3.8,3.8,3.8,0.0,0.0,False,证据缺失_该船吃水字段不更新
367008810_3,367008810,CAPT LES EASOM,Tug Tow,2017-01-03 00:47:48+00:00,2017-01-05 15:05:48+00:00,2273,62.3,6.34395072591289,3.0048244162045306,9.5,21.87755,-159.57838,19.82319,-155.04757,0.16278046634403873,25.400965344545764,1,11.506944444444445,5,2273.0,3.8,3.8,3.8,0.0,0.0,False,证据缺失_该船吃水字段不更新
367008810_4,367008810,CAPT LES EASOM,Tug Tow,2017-01-06 02:36:13+00:00,2017-01-12 15:19:54+00:00,5131,156.72805555555556,5.7856363282011305,3.941552305930705,10.4,19.82875,-155.05612,19.81362,-155.03916,0.2880530111089456,27.56222680442805,1,10.551944444444445,1,5131.0,3.8,3.8,3.8,0.0,0.0,False,证据缺失_该船吃水字段不更新
367008810_5,367008810,CAPT LES EASOM,Tug Tow,2017-01-13 01:53:01+00:00,2017-01-16 17:19:32+00:00,2831,87.44194444444445,5.929600847756976,3.2506318738265474,9.7,19.80918,-155.0538,21.89753,-159.59164,0.19639703285058283,29.748441114021634,0,7.083611111111111,6,2831.0,3.8,3.8,3.8,0.0,0.0,False,证据缺失_该船吃水字段不更新
367008810_6,367008810,CAPT LES EASOM,Tug Tow,2017-01-17 00:24:33+00:00,2017-01-19 16:07:16+00:00,2508,63.71194444444444,5.892384370015949,3.1198442617505346,9.3,21.89596,-159.59196,19.82122,-155.04681,0.19298245614035087,27.237191650516966,1,11.080555555555556,2,2508.0,3.8,3.8,3.8,0.0,0.0,False,证据缺失_该船吃水字段不更新
367008810_7,367008810,CAPT LES EASOM,Tug Tow,2017-01-20 03:12:06+00:00,2017-01-26 18:15:07+00:00,8223,159.05027777777778,4.025197616441687,4.06151403549282,11.7,19.81964,-155.05318,19.80571,-155.03807,0.4695366654505655,34.97163251460659,1,10.427777777777777,1,8223.0,3.8,3.8,3.8,0.0,0.0,False,证据缺失_该船吃水字段不更新
367008810_8,367008810,CAPT LES EASOM,Tug Tow,2017-01-27 04:40:47+00:00,2017-01-31 20:52:15+00:00,5259,112.19111111111111,4.171363377067884,3.996964122859603,10.5,19.81233,-155.05697,21.30924,-157.87098,0.454459022627876,35.85761435314347,0,1.1197222222222223,1,5259.0,3.8,3.8,3.8000000000000003,0.0,0.0,False,证据缺失_该船吃水字段不更新
367010000_1,367010000,POLAR KING,Tug Tow,2017-01-06 22:55:23+00:00,2017-01-10 09:47:13+00:00,4219,82.8638888888889,3.7342972268310026,4.105172788142056,9.9,22.22067,-155.37317,22.20533,-155.38467,0.5240578336098601,69.95043981831462,0,,0,4219.0,4.3,4.3,4.3,0.0,0.0,False,证据缺失_该船吃水字段不更新
367015060_1,367015060,HOKU-KE'A,Tug Tow,2017-01-01 00:02:02+00:00,2017-01-31 23:58:52+00:00,24640,743.9472222222222,5.025093344155844,3.8334568794747033,10.8,21.31017,-157.86778,20.89492,-156.46728,0.33952922077922076,18.130717599871144,0,2.0005555555555556,3,24640.0,5.1,5.1,5.1,0.0,0.0,False,证据缺失_该船吃水字段不更新
367017630_1,367017630,TIGER 5,Tug Tow,2017-01-01 10:33:14+00:00,2017-01-01 13:17:51+00:00,75,2.743611111111111,2.04,2.9353852364700757,9.7,21.32118,-158.11642,21.32118,-158.11642,0.5333333333333333,36.12587551735728,0,24.379722222222224,1,,,,,,,,证据缺失_无吃水数据
367017630_10,367017630,TIGER 5,Tug Tow,2017-01-08 18:52:45+00:00,2017-01-09 03:57:04+00:00,343,9.071944444444444,1.3865889212827989,2.2913505740779163,10.1,21.32121,-158.11643,21.32118,-158.11638,0.5451895043731778,38.945090421152116,0,13.082777777777778,2,,,,,,,,证据缺失_无吃水数据
367017630_11,367017630,TIGER 5,Tug Tow,2017-01-09 17:02:02+00:00,2017-01-10 04:14:07+00:00,252,11.20138888888889,0.32896825396825397,1.1684404625508404,7.6,21.32119,-158.11643,21.32118,-158.11644,0.873015873015873,23.378817463167287,0,12.232222222222223,1,,,,,,,,证据缺失_无吃水数据
367017630_12,367017630,TIGER 5,Tug Tow,2017-01-10 16:28:03+00:00,2017-01-11 02:46:37+00:00,178,10.309444444444445,1.839325842696629,2.6217524642159042,11.2,21.3212,-158.11642,21.32122,-158.1164,0.48314606741573035,43.524941997502744,0,17.240555555555556,2,,,,,,,,证据缺失_无吃水数据
367017630_13,367017630,TIGER 5,Tug Tow,2017-01-11 20:01:03+00:00,2017-01-12 00:13:08+00:00,97,4.201388888888889,0.7742268041237113,1.8384367425498735,8.5,21.32118,-158.11638,21.32122,-158.11641,0.7628865979381443,39.63935410220948,0,26.190833333333334,1,,,,,,,,证据缺失_无吃水数据
367017630_14,367017630,TIGER 5,Tug Tow,2017-01-13 02:24:35+00:00,2017-01-13 05:54:13+00:00,95,3.493888888888889,1.6136842105263158,2.7281281294516724,10.0,21.32128,-158.1164,21.32123,-158.11641,0.5789473684210527,48.87496090980561,0,11.881944444444445,1,,,,,,,,证据缺失_无吃水数据
367017630_15,367017630,TIGER 5,Tug Tow,2017-01-13 17:47:08+00:00,2017-01-13 22:05:18+00:00,166,4.302777777777778,1.189156626506024,1.4643655817922114,5.8,21.3212,-158.11638,21.3212,-158.1164,0.4879518072289157,46.9018923686511,0,13.943055555555556,1,,,,,,,,证据缺失_无吃水数据
367017630_16,367017630,TIGER 5,Tug Tow,2017-01-14 12:01:53+00:00,2017-01-14 19:01:25+00:00,113,6.992222222222222,3.763716814159292,3.5562084028926155,11.8,21.3212,-158.11641,21.3212,-158.11641,0.2920353982300885,56.74404582550809,0,12.762777777777778,2,,,,,,,,证据缺失_无吃水数据
367017630_17,367017630,TIGER 5,Tug Tow,2017-01-15 07:47:11+00:00,2017-01-15 23:42:57+00:00,273,15.929444444444444,1.6945054945054945,2.6080205463160104,10.2,21.32119,-158.11642,21.32124,-158.11642,0.5824175824175825,39.581934182751986,0,26.44388888888889,3,,,,,,,,证据缺失_无吃水数据
367017630_18,367017630,TIGER 5,Tug Tow,2017-01-17 02:09:35+00:00,2017-01-17 05:09:17+00:00,159,2.995,1.2547169811320755,2.238153005290202,9.7,21.32121,-158.11641,21.32118,-158.11642,0.6163522012578616,37.915574713479195,0,15.189722222222223,1,,,,,,,,证据缺失_无吃水数据
367017630_19,367017630,TIGER 5,Tug Tow,2017-01-17 20:20:40+00:00,2017-01-17 22:21:11+00:00,107,2.008611111111111,1.525233644859813,2.283868509661487,7.9,21.3212,-158.11644,21.32121,-158.1164,0.5607476635514018,34.489089228784906,0,6.872222222222222,1,,,,,,,,证据缺失_无吃水数据
367017630_2,367017630,TIGER 5,Tug Tow,2017-01-02 13:40:38+00:00,2017-01-02 15:09:08+00:00,79,1.475,1.4088607594936708,2.2946531983888847,9.2,21.32116,-158.11644,21.32119,-158.11641,0.5443037974683544,37.94380787134517,0,13.94111111111111,1,,,,,,,,证据缺失_无吃水数据
367017630_20,367017630,TIGER 5,Tug Tow,2017-01-18 05:13:31+00:00,2017-01-18 11:46:11+00:00,347,6.544444444444444,0.36080691642651297,1.3978172228952341,10.7,21.32119,-158.11641,21.3212,-158.11642,0.9048991354466859,22.35532106669402,0,17.500833333333333,1,,,,,,,,证据缺失_无吃水数据
367017630_21,367017630,TIGER 5,Tug Tow,2017-01-19 05:16:14+00:00,2017-01-19 07:13:25+00:00,91,1.9530555555555555,1.5142857142857145,2.2302252715599744,9.0,21.3212,-158.11642,21.32119,-158.11642,0.4835164835164835,39.66337656704388,0,21.888055555555557,1,,,,,,,,证据缺失_无吃水数据
367017630_22,367017630,TIGER 5,Tug Tow,2017-01-20 05:06:42+00:00,2017-01-20 07:36:23+00:00,133,2.4947222222222223,0.8112781954887218,1.8885080745865337,10.0,21.32118,-158.11641,21.32119,-158.11642,0.7368421052631579,44.02229764859386,0,31.4875,1,,,,,,,,证据缺失_无吃水数据
367017630_23,367017630,TIGER 5,Tug Tow,2017-01-21 15:05:38+00:00,2017-01-21 17:14:06+00:00,116,2.141111111111111,1.6586206896551725,2.3332033946828377,7.1,21.3212,-158.11641,21.32126,-158.11639,0.4827586206896552,32.02208481805306,0,6.768611111111111,1,,,,,,,,证据缺失_无吃水数据
367017630_24,367017630,TIGER 5,Tug Tow,2017-01-22 00:00:13+00:00,2017-01-22 04:30:02+00:00,238,4.496944444444445,1.4428571428571428,2.540343557235601,10.1,21.32126,-158.11641,21.32122,-158.1164,0.6512605042016807,41.71667902757372,0,13.384722222222223,1,,,,,,,,证据缺失_无吃水数据
367017630_25,367017630,TIGER 5,Tug Tow,2017-01-22 17:53:07+00:00,2017-01-22 19:33:30+00:00,89,1.6730555555555555,1.3775280898876405,2.607408710551739,9.9,21.32122,-158.11643,21.32119,-158.11637,0.7191011235955056,37.431404608168776,0,22.19361111111111,1,,,,,,,,证据缺失_无吃水数据
367017630_26,367017630,TIGER 5,Tug Tow,2017-01-23 17:45:07+00:00,2017-01-24 01:00:28+00:00,359,7.255833333333333,0.5005571030640669,1.5187835920182193,9.0,21.3212,-158.11643,21.32125,-158.11639,0.8635097493036211,25.33987732901067,0,16.740277777777777,1,,,,,,,,证据缺失_无吃水数据
367017630_27,367017630,TIGER 5,Tug Tow,2017-01-24 17:44:53+00:00,2017-01-25 02:31:51+00:00,228,8.782777777777778,0.42236842105263156,1.1664848378285244,5.9,21.3212,-158.11645,21.32121,-158.11641,0.8333333333333334,28.483201983145474,0,18.130277777777778,3,,,,,,,,证据缺失_无吃水数据
367017630_28,367017630,TIGER 5,Tug Tow,2017-01-25 20:39:40+00:00,2017-01-26 02:48:01+00:00,106,6.139166666666667,1.8424528301886793,2.4207416460253333,9.0,21.3212,-158.11644,21.3212,-158.11643,0.39622641509433965,48.002804538794855,0,10.124444444444444,2,,,,,,,,证据缺失_无吃水数据
367017630_29,367017630,TIGER 5,Tug Tow,2017-01-26 12:55:29+00:00,2017-01-26 14:48:10+00:00,101,1.8780555555555556,1.192079207920792,2.3173986781871103,10.1,21.32118,-158.11643,21.32135,-158.1164,0.7326732673267327,35.84463459561179,1,17.26361111111111,1,,,,,,,,证据缺失_无吃水数据
367017630_3,367017630,TIGER 5,Tug Tow,2017-01-03 05:05:36+00:00,2017-01-03 08:53:14+00:00,117,3.793888888888889,1.7034188034188036,2.423126066708174,9.3,21.32121,-158.11645,21.32118,-158.1164,0.5299145299145299,33.15086602625721,0,10.212777777777777,1,,,,,,,,证据缺失_无吃水数据
367017630_30,367017630,TIGER 5,Tug Tow,2017-01-27 08:03:59+00:00,2017-01-27 10:37:40+00:00,135,2.5613888888888887,1.5748148148148147,2.5136261052101223,10.1,21.32122,-158.11643,21.3212,-158.11641,0.5481481481481482,59.11184987501093,0,7.997222222222222,1,,,,,,,,证据缺失_无吃水数据
367017630_31,367017630,TIGER 5,Tug Tow,2017-01-27 18:37:30+00:00,2017-01-28 01:01:00+00:00,331,6.391666666666667,0.8190332326283989,2.0207035158311197,11.7,21.32119,-158.1164,21.32122,-158.11639,0.7764350453172205,30.809078709668764,0,17.11861111111111,1,,,,,,,,证据缺失_无吃水数据
367017630_32,367017630,TIGER 5,Tug Tow,2017-01-28 18:08:07+00:00,2017-01-28 20:55:37+00:00,140,2.7916666666666665,1.4449999999999998,1.9281453794557468,8.5,21.3212,-158.1164,21.3212,-158.1164,0.45,43.78280867320366,0,8.494444444444444,1,,,,,,,,证据缺失_无吃水数据
367017630_33,367017630,TIGER 5,Tug Tow,2017-01-29 05:25:17+00:00,2017-01-29 07:51:57+00:00,132,2.4444444444444446,0.9871212121212122,2.2018869528507583,10.4,21.32117,-158.1164,21.32119,-158.11641,0.7348484848484849,57.22082086597024,0,20.13861111111111,1,,,,,,,,证据缺失_无吃水数据
367017630_34,367017630,TIGER 5,Tug Tow,2017-01-30 04:00:16+00:00,2017-01-30 04:18:47+00:00,17,0.3086111111111111,3.652941176470588,4.245161605736999,9.1,21.32122,-158.11642,21.31333,-158.129,0.47058823529411764,37.11694525415581,0,,0,,,,,,,,证据缺失_无吃水数据
367017630_4,367017630,TIGER 5,Tug Tow,2017-01-03 19:06:00+00:00,2017-01-04 08:58:12+00:00,733,13.87,5.8593451568894945,4.978569988805642,13.8,21.3212,-158.11643,21.32117,-158.11642,0.24283765347885403,38.0756614451173,0,9.109166666666667,1,,,,,,,,证据缺失_无吃水数据
367017630_5,367017630,TIGER 5,Tug Tow,2017-01-04 18:04:45+00:00,2017-01-05 09:04:12+00:00,600,14.990833333333333,3.964,4.999663160607179,12.9,21.32117,-158.1164,21.32121,-158.1164,0.5,36.31890453031833,0,9.997777777777777,2,,,,,,,,证据缺失_无吃水数据
367017630_6,367017630,TIGER 5,Tug Tow,2017-01-05 19:04:04+00:00,2017-01-06 02:39:43+00:00,401,7.594166666666666,0.0114713216957606,0.03190736279448293,0.1,21.3212,-158.11644,21.32119,-158.11639,1.0,6.486719761996561,0,10.866666666666667,1,,,,,,,,证据缺失_无吃水数据
367017630_7,367017630,TIGER 5,Tug Tow,2017-01-06 13:31:43+00:00,2017-01-07 08:31:31+00:00,782,18.996666666666666,0.5075447570332481,1.5913118328808828,10.6,21.32118,-158.11644,21.32116,-158.11639,0.8593350383631714,26.502525343224786,0,8.3875,3,,,,,,,,证据缺失_无吃水数据
367017630_8,367017630,TIGER 5,Tug Tow,2017-01-07 16:54:46+00:00,2017-01-07 19:24:37+00:00,133,2.4975,2.407518796992481,3.3067338105693005,10.3,21.3212,-158.11642,21.3212,-158.11641,0.46616541353383456,35.01467967325797,0,8.703888888888889,1,,,,,,,,证据缺失_无吃水数据
367017630_9,367017630,TIGER 5,Tug Tow,2017-01-08 04:06:51+00:00,2017-01-08 05:59:03+00:00,100,1.87,2.425,2.4509480746532484,10.1,21.32118,-158.11642,21.32121,-158.11641,0.17,40.687548016501744,0,12.895,1,,,,,,,,证据缺失_无吃水数据
367045610_1,367045610,PRINCESS JASMINE,Fishing,2017-01-09 12:08:24+00:00,2017-01-15 15:16:04+00:00,3169,147.12777777777777,2.6326285894603974,3.662478074358209,9.8,23.14205,-158.77167,22.48143,-156.88968,0.6598295992426633,20.645453073519153,0,10.949722222222222,5,,,,,,,,证据缺失_无吃水数据
367045610_2,367045610,PRINCESS JASMINE,Fishing,2017-01-16 02:13:03+00:00,2017-01-16 02:13:03+00:00,1,0.0,7.6,,7.6,23.87839,-157.38847,23.87839,-157.38847,0.0,,0,363.4147222222222,1,,,,,,,,证据缺失_无吃水数据
367045610_3,367045610,PRINCESS JASMINE,Fishing,2017-01-31 05:37:56+00:00,2017-01-31 23:59:42+00:00,349,18.36277777777778,7.053581661891117,0.9934382749318293,10.5,23.96399,-159.28235,21.90501,-158.44152,0.0,8.607695418521327,0,1.8252777777777778,5,,,,,,,,证据缺失_无吃水数据
367055260_1,367055260,HENRY SR,Tug Tow,2017-01-01 00:00:01+00:00,2017-01-11 04:26:53+00:00,9422,244.4477777777778,5.251220547654426,3.9739850472396467,12.9,20.96237,-157.44007,19.81297,-155.04881,0.3305030779027807,15.80319791084138,1,9.959444444444445,1,9422.0,4.8,4.8,4.8,0.0,0.0,False,证据缺失_该船吃水字段不更新
367055260_2,367055260,HENRY SR,Tug Tow,2017-01-11 14:24:27+00:00,2017-01-18 04:33:25+00:00,7024,158.14944444444444,6.374871867881549,3.8683411253451228,11.9,19.83413,-155.06238,19.79888,-155.05131,0.2320615034168565,13.690073690083494,1,7.230833333333333,1,7024.0,4.8,4.8,4.8,0.0,0.0,False,证据缺失_该船吃水字段不更新
367055260_3,367055260,HENRY SR,Tug Tow,2017-01-18 11:47:16+00:00,2017-01-24 03:12:54+00:00,5541,135.4272222222222,6.335625338386572,3.575685730053573,12.0,19.81082,-155.04354,19.8016,-155.04965,0.20176863382061,15.310289902054233,1,14.090277777777779,1,5541.0,4.8,4.8,4.8,0.0,0.0,False,证据缺失_该船吃水字段不更新
367055260_4,367055260,HENRY SR,Tug Tow,2017-01-24 17:18:19+00:00,2017-01-31 23:59:05+00:00,7703,174.67944444444444,4.925327794365832,3.8557219305505277,11.8,19.82606,-155.05574,20.13093,-155.39412,0.3473971180059717,14.36215620748472,1,1.9497222222222221,1,7703.0,4.8,4.8,4.8,0.0,0.0,False,证据缺失_该船吃水字段不更新
367055690_1,367055690,AMERICAN EMERALD,Tug Tow,2017-01-24 22:15:51+00:00,2017-01-24 22:42:22+00:00,24,0.4419444444444444,0.8875000000000001,1.7230691777477618,5.6,21.3113,-157.86999,21.31023,-157.86475,0.75,37.70299576065625,0,,0,,,,,,,,证据缺失_无吃水数据
367056982_1,367056982,HOKU-LOA,Tug Tow,2017-01-01 00:00:08+00:00,2017-01-02 04:38:49+00:00,1383,28.64472222222222,7.1677512653651485,2.5794077258053774,10.9,21.30987,-157.86871,19.8211,-155.0517,0.10267534345625452,13.459220761521392,1,29.11138888888889,1,1383.0,5.2,5.2,5.2,0.0,0.0,False,证据缺失_该船吃水字段不更新
367056982_2,367056982,HOKU-LOA,Tug Tow,2017-01-03 09:45:30+00:00,2017-01-05 08:04:29+00:00,2378,46.31638888888889,8.321278385197646,1.7756786390679842,10.4,19.82985,-155.05285,19.82786,-155.05062,0.014297729184188394,12.175658928325984,1,22.894166666666667,1,2378.0,5.2,5.2,5.2,0.0,0.0,False,证据缺失_该船吃水字段不更新
367056982_3,367056982,HOKU-LOA,Tug Tow,2017-01-06 06:58:08+00:00,2017-01-31 23:57:16+00:00,21851,616.9855555555556,4.233586563544002,4.119981120244104,102.3,19.82681,-155.05235,21.3101,-157.86801,0.45096334263878085,21.947270544776543,0,1.9997222222222222,2,21851.0,5.2,5.2,5.2,0.0,0.0,False,证据缺失_该船吃水字段不更新
367060190_1,367060190,"PI""ILANI",Tug Tow,2017-01-01 00:00:04+00:00,2017-01-31 23:59:59+00:00,28474,743.9986111111111,1.3301257287349864,2.715751528707275,12.6,21.31034,-157.86927,21.31029,-157.86924,0.7405001053592751,68.72151608996086,1,0.6158333333333333,1,28474.0,4.6,4.6,4.6,0.0,0.0,False,证据缺失_该船吃水字段不更新
367080250_1,367080250,MARY CATHERINE,Tug Tow,2017-01-01 00:00:09+00:00,2017-01-25 05:31:54+00:00,20785,581.5291666666667,5.46092855424585,3.585526971095783,12.5,21.31058,-157.87298,19.81892,-155.05379,0.27029107529468366,17.490587950652657,1,11.066944444444445,6,20785.0,4.8,4.8,4.8,0.0,0.0,False,证据缺失_该船吃水字段不更新
367080250_2,367080250,MARY CATHERINE,Tug Tow,2017-01-25 16:35:55+00:00,2017-01-31 03:38:35+00:00,5606,131.04444444444445,6.929379236532286,3.04275308573032,10.7,19.81597,-155.0553,19.79614,-155.04739,0.13503389225829468,14.140018358147008,1,11.8625,1,5606.0,4.8,4.8,4.8,0.0,0.0,False,证据缺失_该船吃水字段不更新
367080250_3,367080250,MARY CATHERINE,Tug Tow,2017-01-31 15:30:20+00:00,2017-01-31 23:59:59+00:00,437,8.494166666666667,7.45537757437071,0.5475128558254164,9.2,19.82104,-155.06247,20.40268,-155.86422,0.0,8.775823571182686,0,,0,437.0,4.8,4.8,4.8,0.0,0.0,False,证据缺失_该船吃水字段不更新
367081520_1,367081520,ICE DANCER II,Pleasure Craft/Sailing,2017-01-21 21:59:43+00:00,2017-01-21 22:19:18+00:00,18,0.3263888888888889,0.011111111111111112,0.03233808333817773,0.1,21.32847,-158.11943,21.32843,-158.11942,1.0,16.365836007833337,0,,0,,,,,,,,证据缺失_无吃水数据
367107250_1,367107250,HOLLY,Fishing,2017-01-01 00:01:51+00:00,2017-01-04 14:54:18+00:00,1903,86.87416666666667,2.000525486074619,2.9525799617188717,8.8,21.31319,-157.86648,22.34734,-158.67998,0.6763005780346821,8.587099407872588,0,541.6347222222222,1,,,,,,,,证据缺失_无吃水数据
367107250_2,367107250,HOLLY,Fishing,2017-01-27 04:32:23+00:00,2017-01-27 04:32:23+00:00,1,0.0,1.3,,1.3,23.43208,-158.78055,23.43208,-158.78055,0.0,,0,8.521944444444445,1,,,,,,,,证据缺失_无吃水数据
367107250_3,367107250,HOLLY,Fishing,2017-01-27 13:03:42+00:00,2017-01-31 23:59:36+00:00,2254,106.93166666666667,1.9853149955634426,3.0820200722668636,8.8,22.494,-158.5597,21.24167,-158.09552,0.7027506654835848,8.438942559943765,0,1.0,2,,,,,,,,证据缺失_无吃水数据
367111320_1,367111320,CHRISTINE N,Fishing,2017-01-01 00:01:58+00:00,2017-01-04 08:08:56+00:00,1598,80.11611111111111,2.5271589486858574,3.3117559999413917,8.7,21.31382,-157.86632,22.50382,-157.79039,0.639549436795995,29.832237868312223,0,309.48333333333335,1,,,,,,,,证据缺失_无吃水数据
367111320_2,367111320,CHRISTINE N,Fishing,2017-01-17 05:37:56+00:00,2017-01-24 18:29:31+00:00,3547,180.85972222222222,1.4126021990414435,2.74475383725058,8.6,23.31771,-157.80314,21.3138,-157.86677,0.7922187764307865,15.248337910960824,0,8.399444444444445,5,,,,,,,,证据缺失_无吃水数据
367111320_3,367111320,CHRISTINE N,Fishing,2017-01-25 02:53:29+00:00,2017-01-25 16:03:57+00:00,426,13.174444444444445,6.72887323943662,1.6761544637195263,10.2,21.3138,-157.86676,22.21679,-157.16576,0.03755868544600939,11.282587666918845,0,0.5588888888888889,1,,,,,,,,证据缺失_无吃水数据
367114110_1,367114110,QUEEN DIAMOND,Fishing,2017-01-18 08:34:54+00:00,2017-01-27 10:20:31+00:00,4517,217.7602777777778,1.8726145671906134,3.179330890590085,9.5,18.50087,-158.23361,22.56741,-157.53759,0.7405357538189064,23.111203163122692,0,1.7919444444444443,3,4517.0,3.0,3.0,3.0,0.0,0.0,False,证据缺失_该船吃水字段不更新
367119160_1,367119160,HOKULANI,Tug Tow,2017-01-01 00:00:05+00:00,2017-01-16 06:49:02+00:00,13548,366.81583333333333,4.335562444641275,3.6624193600772443,10.5,21.30996,-157.86844,19.82199,-155.05264,0.39703277236492474,18.29524453823374,1,26.990555555555556,7,13548.0,4.9,4.9,4.900000000000001,0.0,0.0,False,证据缺失_该船吃水字段不更新
367119160_2,367119160,HOKULANI,Tug Tow,2017-01-17 09:48:28+00:00,2017-01-19 15:30:48+00:00,2719,53.705555555555556,7.133946303788158,1.6950537005912991,10.2,19.82252,-155.05384,19.82367,-155.05181,0.010297903641044501,12.743095861551563,1,17.413888888888888,1,2719.0,4.9,4.9,4.9,0.0,0.0,False,证据缺失_该船吃水字段不更新
367119160_3,367119160,HOKULANI,Tug Tow,2017-01-20 08:55:38+00:00,2017-01-31 23:57:52+00:00,10739,279.0372222222222,3.5411118353664213,3.6821135822441238,9.8,19.81151,-155.0566,20.03619,-155.8291,0.511220784058106,18.289343803554335,0,,0,10739.0,4.9,4.9,4.9,0.0,0.0,False,证据缺失_该船吃水字段不更新
367128410_1,367128410,SEA MOON,Fishing,2017-01-19 17:46:38+00:00,2017-01-24 22:42:43+00:00,3672,124.93472222222222,1.3920479302832245,1.855888593995283,33.0,21.28564,-157.6437,21.1256,-157.93884,0.22657952069716775,54.42622663908998,10,2.05,15,,,,,,,,证据缺失_无吃水数据
367128430_1,367128430,SEA MOON I,Fishing,2017-01-14 21:57:30+00:00,2017-01-24 12:27:55+00:00,4679,230.50694444444446,1.7952340243641802,3.1802795150207155,9.5,21.14514,-159.39837,19.27279,-158.13555,0.7619149390895491,16.157012588665207,0,0.55,1,,,,,,,,证据缺失_无吃水数据
367132820_1,367132820,GOLDEN EAGLE,Fishing,2017-01-12 13:10:51+00:00,2017-01-19 08:11:12+00:00,3281,163.00583333333333,1.5318805242304177,3.3967876367438463,11.4,23.41374,-158.68065,21.31298,-157.86676,0.8335873209387382,9.64857205814493,0,278.2683333333333,2,,,,,,,,证据缺失_无吃水数据
367132820_2,367132820,GOLDEN EAGLE,Fishing,2017-01-30 22:27:18+00:00,2017-01-31 23:59:18+00:00,489,25.533333333333335,0.024948875255623722,0.044712737986859395,0.2,21.31303,-157.86676,21.31303,-157.86676,1.0,0.0,0,,0,,,,,,,,证据缺失_无吃水数据
367133450_1,367133450,MOANA HOLO,Tug Tow,2017-01-01 00:00:02+00:00,2017-01-07 19:51:49+00:00,8610,163.86305555555555,0.020685249709639954,0.18369662078341953,6.9,21.30986,-157.86853,21.31014,-157.86757,0.9959349593495935,111.23352295323411,0,295.9427777777778,1,8610.0,4.2,4.2,4.2,0.0,0.0,False,证据缺失_该船吃水字段不更新
367133450_2,367133450,MOANA HOLO,Tug Tow,2017-01-20 03:48:23+00:00,2017-01-31 23:59:03+00:00,14910,284.1777777777778,1.596036217303823,2.8632158399316423,9.8,21.31014,-157.86758,21.31014,-157.86761,0.7523138832997988,89.01682854568195,0,,0,14910.0,4.2,4.2,4.2,0.0,0.0,False,证据缺失_该船吃水字段不更新
367137680_1,367137680,THE SEEKER II,Fishing,2017-01-05 11:01:45+00:00,2017-01-05 11:08:44+00:00,2,0.11638888888888889,4.0,1.6970562748477143,5.2,18.7819,-159.16337,18.78964,-159.15952,0.0,,0,72.47,1,,,,,,,,证据缺失_无吃水数据
367137680_2,367137680,THE SEEKER II,Fishing,2017-01-08 11:36:56+00:00,2017-01-31 23:59:12+00:00,11002,564.3711111111111,0.42502272314124706,1.1389606112211295,5.4,19.27489,-157.93972,21.31651,-157.87736,0.8815669878203963,9.952560408719462,0,0.9494444444444444,4,,,,,,,,证据缺失_无吃水数据
367140260_1,367140260,SEA DRAGON III,Fishing,2017-01-11 00:56:30+00:00,2017-01-12 13:04:58+00:00,863,36.14111111111111,5.634298957126303,3.557604311173873,10.0,23.77944,-159.72031,21.31648,-157.87944,0.2769409038238702,6.356905639179053,0,81.15194444444444,6,,,,,,,,证据缺失_无吃水数据
367140260_2,367140260,SEA DRAGON III,Fishing,2017-01-15 22:14:05+00:00,2017-01-16 22:22:41+00:00,571,24.143333333333334,7.4471103327495625,0.6166729236985119,9.3,21.3025,-157.86828,23.63036,-159.39783,0.0,7.502543138650579,1,3.9269444444444446,5,,,,,,,,证据缺失_无吃水数据
367148380_1,367148380,CRYSAL,Fishing,2017-01-17 05:43:05+00:00,2017-01-25 09:12:37+00:00,4446,195.4922222222222,1.6968061178587495,2.993343746080426,9.3,20.31387,-159.08499,20.44677,-158.99942,0.7521367521367521,8.534425028945462,0,,0,,,,,,,,证据缺失_无吃水数据
367148660_1,367148660,MANUOKEKAI,Tug Tow,2017-01-01 00:01:01+00:00,2017-01-23 18:24:54+00:00,20687,546.3980555555555,3.817895296563059,4.0256675213700905,11.0,21.31008,-157.86792,19.83396,-155.04942,0.5047131048484556,19.603689707355503,1,15.966111111111111,1,20687.0,4.2,4.2,4.2,0.0,0.0,False,证据缺失_该船吃水字段不更新
367148660_2,367148660,MANUOKEKAI,Tug Tow,2017-01-24 10:22:52+00:00,2017-01-26 09:53:51+00:00,2305,47.51638888888889,8.06876355748373,1.4781497349555428,11.6,19.82261,-155.04979,19.82532,-155.04472,0.0034707158351409977,9.079454751319528,2,23.48361111111111,2,2305.0,4.2,4.2,4.2,0.0,0.0,False,证据缺失_该船吃水字段不更新
367148660_3,367148660,MANUOKEKAI,Tug Tow,2017-01-27 09:22:52+00:00,2017-01-31 20:54:06+00:00,3200,107.52055555555556,4.65203125,4.187063346500395,10.8,19.82109,-155.05118,21.95245,-159.35855,0.431875,16.272292601491095,0,1.8,1,3200.0,4.2,4.2,4.2,0.0,0.0,False,证据缺失_该船吃水字段不更新
367150430_1,367150430,KATY MARY,Fishing,2017-01-01 00:02:30+00:00,2017-01-07 10:41:27+00:00,3203,154.64916666666667,1.3216359662816108,2.9363511748795186,10.1,21.31679,-157.87947,22.57401,-158.53324,0.8326568841710896,8.168064673292383,0,469.02444444444444,1,,,,,,,,证据缺失_无吃水数据
367150430_2,367150430,KATY MARY,Fishing,2017-01-26 23:42:55+00:00,2017-01-31 23:59:16+00:00,2563,120.2725,2.2570815450643775,3.563255697678777,10.8,22.6158,-158.50322,20.91346,-157.44409,0.7097151775263363,11.939308423396955,0,1.0005555555555556,2,,,,,,,,证据缺失_无吃水数据
367151000_1,367151000,POLAR VIKING,Tug Tow,2017-01-30 22:06:52+00:00,2017-01-31 23:59:50+00:00,1127,25.88277777777778,5.928926353149955,3.040712061496468,10.4,22.377,-155.94806,21.30995,-157.87196,0.15794143744454303,12.824727898094132,0,,0,1127.0,4.3,4.3,4.3,0.0,0.0,False,证据缺失_该船吃水字段不更新
367151210_1,367151210,MIKIALA,Tug Tow,2017-01-01 16:54:11+00:00,2017-01-01 18:55:51+00:00,105,2.0277777777777777,1.1180952380952383,1.6861301250303309,6.8,20.89526,-156.46798,20.89529,-156.46799,0.6190476190476191,43.52633831969487,0,32.8375,1,105.0,3.9,3.9,3.9,0.0,0.0,False,证据缺失_该船吃水字段不更新
367151210_10,367151210,MIKIALA,Tug Tow,2017-01-07 19:32:02+00:00,2017-01-08 08:03:22+00:00,597,12.522222222222222,8.388777219430485,4.101345091063448,12.1,20.89528,-156.46797,21.32174,-158.11731,0.18927973199329984,11.284847428494807,0,,0,597.0,3.9,3.9,3.8999999999999995,0.0,0.0,False,证据缺失_该船吃水字段不更新
367151210_2,367151210,MIKIALA,Tug Tow,2017-01-03 03:46:06+00:00,2017-01-03 04:53:28+00:00,58,1.1227777777777779,0.3931034482758621,0.933370062366066,5.8,20.89528,-156.46796,20.89527,-156.46801,0.8103448275862069,52.19464696383336,0,9.713333333333333,1,58.0,3.9,3.9,3.9,0.0,0.0,False,证据缺失_该船吃水字段不更新
367151210_3,367151210,MIKIALA,Tug Tow,2017-01-03 14:36:16+00:00,2017-01-03 17:24:06+00:00,144,2.797222222222222,0.5798611111111112,1.6070900541392954,10.2,20.89528,-156.46798,20.89528,-156.46801,0.8472222222222222,31.125708903610374,0,9.884444444444444,1,144.0,3.9,3.9,3.9000000000000004,0.0,0.0,False,证据缺失_该船吃水字段不更新
367151210_4,367151210,MIKIALA,Tug Tow,2017-01-04 03:17:10+00:00,2017-01-04 12:35:15+00:00,478,9.301388888888889,0.4405857740585774,1.251307606199127,11.8,20.89532,-156.46794,20.89526,-156.468,0.8682008368200836,32.915024023093395,0,15.69138888888889,1,478.0,3.9,3.9,3.9,0.0,0.0,False,证据缺失_该船吃水字段不更新
367151210_5,367151210,MIKIALA,Tug Tow,2017-01-05 04:16:44+00:00,2017-01-05 07:32:05+00:00,169,3.2558333333333334,0.6804733727810651,1.2985925580131927,9.5,20.89527,-156.46795,20.89526,-156.46802,0.727810650887574,51.564435578588,0,7.3966666666666665,1,169.0,3.9,3.9,3.9000000000000004,0.0,0.0,False,证据缺失_该船吃水字段不更新
367151210_6,367151210,MIKIALA,Tug Tow,2017-01-05 14:55:53+00:00,2017-01-05 17:36:46+00:00,125,2.681388888888889,1.2024000000000001,2.1010544203850015,8.5,20.89526,-156.468,20.89526,-156.46801,0.704,41.17507995002119,0,9.430277777777778,1,125.0,3.9,3.9,3.9,0.0,0.0,False,证据缺失_该船吃水字段不更新
367151210_7,367151210,MIKIALA,Tug Tow,2017-01-06 03:02:35+00:00,2017-01-06 03:57:12+00:00,47,0.9102777777777777,1.3297872340425532,2.102163987896139,8.5,20.89531,-156.46793,20.89528,-156.46801,0.6170212765957447,45.01723491745719,0,11.515555555555556,1,47.0,3.9,3.9,3.8999999999999995,0.0,0.0,False,证据缺失_该船吃水字段不更新
367151210_8,367151210,MIKIALA,Tug Tow,2017-01-06 15:28:08+00:00,2017-01-06 17:28:07+00:00,103,1.9997222222222222,1.0058252427184466,1.9080749585883288,9.7,20.89528,-156.46795,20.89527,-156.46805,0.7378640776699029,38.938635723025676,0,9.651944444444444,1,103.0,3.9,3.9,3.9,0.0,0.0,False,证据缺失_该船吃水字段不更新
367151210_9,367151210,MIKIALA,Tug Tow,2017-01-07 03:07:14+00:00,2017-01-07 03:30:15+00:00,21,0.3836111111111111,2.3380952380952382,2.6251621265126066,9.3,20.89443,-156.46608,20.89528,-156.46799,0.42857142857142855,55.65107839310744,0,16.029722222222222,1,21.0,3.9,3.9,3.8999999999999995,0.0,0.0,False,证据缺失_该船吃水字段不更新
367151240_1,367151240,MAMO,Tug Tow,2017-01-02 17:57:11+00:00,2017-01-02 18:41:58+00:00,14,0.7463888888888889,3.257142857142857,1.3804761083460608,4.8,21.95178,-159.35313,21.9528,-159.35834,0.07142857142857142,46.295014130393504,0,22.648888888888887,1,,,,,,,,证据缺失_无吃水数据
367151240_10,367151240,MAMO,Tug Tow,2017-01-17 14:40:19+00:00,2017-01-17 17:34:59+00:00,50,2.911111111111111,1.476,1.5526882547139107,4.6,21.951,-159.35783,21.95274,-159.35859,0.48,44.86050696363131,0,69.05222222222223,1,,,,,,,,证据缺失_无吃水数据
367151240_11,367151240,MAMO,Tug Tow,2017-01-20 14:38:07+00:00,2017-01-20 19:19:18+00:00,90,4.686388888888889,1.2577777777777779,1.7137892688214589,6.6,21.95272,-159.35863,21.95273,-159.35863,0.6,45.463526559111216,0,43.36055555555556,1,,,,,,,,证据缺失_无吃水数据
367151240_12,367151240,MAMO,Tug Tow,2017-01-22 14:40:56+00:00,2017-01-22 17:17:46+00:00,22,2.613888888888889,1.3818181818181818,1.5561357400813216,5.4,21.9527,-159.35861,21.95273,-159.3586,0.45454545454545453,69.51985670432927,0,46.28611111111111,1,,,,,,,,证据缺失_无吃水数据
367151240_13,367151240,MAMO,Tug Tow,2017-01-24 15:34:56+00:00,2017-01-24 18:51:04+00:00,45,3.2688888888888887,1.2044444444444444,2.398953896593221,11.5,21.95272,-159.3586,21.95275,-159.35861,0.6888888888888889,44.3829607396455,0,66.78361111111111,1,,,,,,,,证据缺失_无吃水数据
367151240_14,367151240,MAMO,Tug Tow,2017-01-27 13:38:05+00:00,2017-01-27 17:31:56+00:00,56,3.8975,1.082142857142857,1.491443125768662,5.1,21.95273,-159.35859,21.95269,-159.35859,0.6428571428571429,36.01332918223306,0,21.246666666666666,1,,,,,,,,证据缺失_无吃水数据
367151240_15,367151240,MAMO,Tug Tow,2017-01-28 14:46:44+00:00,2017-01-28 15:52:44+00:00,14,1.1,0.1,0.07844645405527362,0.3,21.95102,-159.35784,21.95102,-159.35784,1.0,14.957975318906827,0,25.65972222222222,1,,,,,,,,证据缺失_无吃水数据
367151240_16,367151240,MAMO,Tug Tow,2017-01-29 17:32:19+00:00,2017-01-29 17:38:19+00:00,2,0.1,0.1,0.0,0.1,21.95101,-159.35783,21.95101,-159.35783,1.0,,0,7.082777777777777,1,,,,,,,,证据缺失_无吃水数据
367151240_17,367151240,MAMO,Tug Tow,2017-01-30 00:43:17+00:00,2017-01-30 06:15:17+00:00,23,5.533333333333333,2.5173913043478264,2.783498807732495,9.9,21.95105,-159.35781,21.95101,-159.35777,0.34782608695652173,77.32802970132614,1,10.911944444444444,3,,,,,,,,证据缺失_无吃水数据
367151240_18,367151240,MAMO,Tug Tow,2017-01-30 17:10:00+00:00,2017-01-30 19:02:17+00:00,24,1.871388888888889,1.5999999999999999,1.7873954818941586,4.8,21.95099,-159.35781,21.95246,-159.35823,0.4583333333333333,58.4434536344942,1,20.74138888888889,1,,,,,,,,证据缺失_无吃水数据
367151240_19,367151240,MAMO,Tug Tow,2017-01-31 15:46:46+00:00,2017-01-31 18:39:27+00:00,50,2.8780555555555556,2.468,2.281106068984777,8.5,21.95101,-159.35782,21.95272,-159.35861,0.36,59.567132852996465,0,,0,,,,,,,,证据缺失_无吃水数据
367151240_2,367151240,MAMO,Tug Tow,2017-01-03 17:20:54+00:00,2017-01-03 18:16:11+00:00,14,0.9213888888888889,2.914285714285714,1.3676803173802898,5.8,21.95202,-159.35625,21.9528,-159.35105,0.0,53.87486212725531,1,70.92111111111112,1,,,,,,,,证据缺失_无吃水数据
367151240_3,367151240,MAMO,Tug Tow,2017-01-06 17:11:27+00:00,2017-01-06 18:37:21+00:00,10,1.4316666666666666,3.38,1.5053976957011133,4.9,21.95244,-159.35202,21.95271,-159.35859,0.1,62.62967436536066,1,6.088611111111111,2,,,,,,,,证据缺失_无吃水数据
367151240_4,367151240,MAMO,Tug Tow,2017-01-07 00:42:40+00:00,2017-01-07 01:18:03+00:00,15,0.5897222222222223,3.506666666666667,0.8713426967835878,5.0,21.95198,-159.35566,21.95206,-159.35584,0.0,72.66399753978267,1,46.55305555555555,1,,,,,,,,证据缺失_无吃水数据
367151240_5,367151240,MAMO,Tug Tow,2017-01-08 23:51:14+00:00,2017-01-09 00:45:44+00:00,5,0.9083333333333333,1.6600000000000001,1.6087262041752164,4.0,21.95135,-159.35657,21.95196,-159.35203,0.4,69.49640278460463,1,38.54527777777778,1,,,,,,,,证据缺失_无吃水数据
367151240_6,367151240,MAMO,Tug Tow,2017-01-10 15:18:27+00:00,2017-01-10 16:42:47+00:00,12,1.4055555555555554,2.9166666666666665,2.2098265391956295,6.5,21.95101,-159.35785,21.95224,-159.35377,0.16666666666666666,68.73353422655296,1,69.87055555555555,2,,,,,,,,证据缺失_无吃水数据
367151240_7,367151240,MAMO,Tug Tow,2017-01-13 14:35:01+00:00,2017-01-14 00:54:12+00:00,129,10.319722222222222,1.5767441860465117,2.2309790321427196,9.3,21.95271,-159.35861,21.95276,-159.35858,0.5968992248062015,58.75227005477803,0,12.81861111111111,2,,,,,,,,证据缺失_无吃水数据
367151240_8,367151240,MAMO,Tug Tow,2017-01-14 13:43:19+00:00,2017-01-14 20:32:04+00:00,64,6.8125,1.8375,2.4116450290272295,10.1,21.9527,-159.35859,21.95106,-159.35786,0.5625,46.7869526694373,0,18.165555555555557,3,,,,,,,,证据缺失_无吃水数据
367151240_9,367151240,MAMO,Tug Tow,2017-01-15 14:42:00+00:00,2017-01-15 17:28:29+00:00,35,2.774722222222222,1.8228571428571427,2.060566129273517,6.3,21.951,-159.35785,21.95103,-159.35785,0.4857142857142857,49.680500053456555,0,45.19722222222222,1,,,,,,,,证据缺失_无吃水数据
367151250_1,367151250,ELEU,Tug Tow,2017-01-01 00:02:05+00:00,2017-01-08 19:36:19+00:00,4554,187.57055555555556,1.414185331576636,3.177868768093113,11.3,21.31005,-157.86881,20.89524,-156.46794,0.8034694773825208,28.07372072334761,0,19.988333333333333,1,,,,,,,,证据缺失_无吃水数据
367151250_10,367151250,ELEU,Tug Tow,2017-01-14 15:58:02+00:00,2017-01-14 17:14:14+00:00,66,1.27,1.6106060606060606,2.059658581705588,7.7,20.89524,-156.46792,20.89525,-156.46793,0.45454545454545453,47.509452247785546,0,13.149722222222222,1,,,,,,,,证据缺失_无吃水数据
367151250_11,367151250,ELEU,Tug Tow,2017-01-15 06:23:13+00:00,2017-01-15 08:45:34+00:00,124,2.3725,0.5008064516129033,1.2878731422493224,8.8,20.89525,-156.46791,20.89524,-156.46795,0.8306451612903226,32.191877006815105,0,53.324444444444445,1,,,,,,,,证据缺失_无吃水数据
367151250_12,367151250,ELEU,Tug Tow,2017-01-17 14:05:02+00:00,2017-01-17 19:24:33+00:00,277,5.325277777777778,0.4797833935018051,1.1964421699167536,6.6,20.89524,-156.46795,20.89524,-156.46793,0.8628158844765343,28.593981591717117,0,9.103333333333333,1,,,,,,,,证据缺失_无吃水数据
367151250_13,367151250,ELEU,Tug Tow,2017-01-18 04:30:45+00:00,2017-01-18 07:20:36+00:00,146,2.8308333333333335,0.4445205479452055,1.2650217837523485,8.2,20.89526,-156.46795,20.89524,-156.46795,0.8835616438356164,29.11231589519475,0,9.743611111111111,1,,,,,,,,证据缺失_无吃水数据
367151250_14,367151250,ELEU,Tug Tow,2017-01-18 17:05:13+00:00,2017-01-18 19:17:56+00:00,114,2.2119444444444443,0.7043859649122807,1.3530948040798256,7.3,20.89523,-156.46793,20.89523,-156.46797,0.6842105263157895,57.18613541269146,0,7.523333333333333,1,,,,,,,,证据缺失_无吃水数据
367151250_15,367151250,ELEU,Tug Tow,2017-01-19 02:49:20+00:00,2017-01-19 04:28:29+00:00,86,1.6525,0.7511627906976743,1.8108655185100275,8.9,20.89527,-156.46795,20.89527,-156.46797,0.813953488372093,38.6183640878006,0,10.052777777777777,1,,,,,,,,证据缺失_无吃水数据
367151250_16,367151250,ELEU,Tug Tow,2017-01-19 14:31:39+00:00,2017-01-19 18:04:28+00:00,184,3.5469444444444442,0.5668478260869565,1.348805931628948,7.4,20.89525,-156.46793,20.89524,-156.46793,0.8586956521739131,43.121947216145095,0,8.93361111111111,1,,,,,,,,证据缺失_无吃水数据
367151250_17,367151250,ELEU,Tug Tow,2017-01-20 03:00:29+00:00,2017-01-20 04:20:30+00:00,70,1.333611111111111,1.0642857142857143,2.13127407729428,9.8,20.89526,-156.46794,20.89526,-156.46797,0.7571428571428571,43.188565955892926,0,10.776388888888889,1,,,,,,,,证据缺失_无吃水数据
367151250_18,367151250,ELEU,Tug Tow,2017-01-20 15:07:05+00:00,2017-01-20 17:35:25+00:00,129,2.4722222222222223,0.8465116279069768,1.682680456129999,7.9,20.89524,-156.46793,20.89524,-156.46794,0.7751937984496124,33.90611479435287,0,8.977222222222222,1,,,,,,,,证据缺失_无吃水数据
367151250_19,367151250,ELEU,Tug Tow,2017-01-21 02:34:03+00:00,2017-01-21 03:32:04+00:00,51,0.9669444444444445,1.2392156862745096,2.1999162194385993,7.6,20.89528,-156.46794,20.89529,-156.46795,0.7254901960784313,47.85842731751768,0,37.05722222222222,1,,,,,,,,证据缺失_无吃水数据
367151250_2,367151250,ELEU,Tug Tow,2017-01-09 15:35:37+00:00,2017-01-09 18:39:14+00:00,158,3.060277777777778,0.8341772151898735,1.5855547021839627,6.6,20.89523,-156.46794,20.89524,-156.46794,0.7721518987341772,33.31821420550918,0,8.706944444444444,1,,,,,,,,证据缺失_无吃水数据
367151250_20,367151250,ELEU,Tug Tow,2017-01-22 16:35:30+00:00,2017-01-23 00:30:52+00:00,223,7.922777777777778,0.762780269058296,1.4196831841621285,8.2,20.89526,-156.46792,20.89528,-156.46794,0.726457399103139,49.33122718255982,0,17.814166666666665,2,,,,,,,,证据缺失_无吃水数据
367151250_21,367151250,ELEU,Tug Tow,2017-01-23 18:19:43+00:00,2017-01-23 22:09:24+00:00,196,3.8280555555555558,0.1163265306122449,0.08616487183690842,0.5,20.89524,-156.46792,20.89527,-156.46791,0.9948979591836735,25.874267675227358,0,16.95861111111111,1,,,,,,,,证据缺失_无吃水数据
367151250_22,367151250,ELEU,Tug Tow,2017-01-24 15:06:55+00:00,2017-01-24 18:02:15+00:00,151,2.922222222222222,0.6715231788079471,1.3725585589666092,6.4,20.89525,-156.46793,20.89524,-156.46794,0.8013245033112583,41.02354769305533,0,10.6225,1,,,,,,,,证据缺失_无吃水数据
367151250_23,367151250,ELEU,Tug Tow,2017-01-25 04:39:36+00:00,2017-01-25 07:15:17+00:00,135,2.5947222222222224,0.457037037037037,1.2826360880775638,8.7,20.89526,-156.46793,20.89524,-156.46794,0.8888888888888888,32.53947791779061,0,8.869444444444444,1,,,,,,,,证据缺失_无吃水数据
367151250_24,367151250,ELEU,Tug Tow,2017-01-25 16:07:27+00:00,2017-01-25 20:50:30+00:00,122,4.7175,0.8131147540983606,1.3858762672204832,8.0,20.89525,-156.46794,20.89526,-156.46795,0.7049180327868853,40.59445949724271,0,11.233611111111111,2,,,,,,,,证据缺失_无吃水数据
367151250_25,367151250,ELEU,Tug Tow,2017-01-26 08:04:31+00:00,2017-01-26 16:44:53+00:00,443,8.672777777777778,0.49796839729119635,1.11498247004214,11.2,20.89527,-156.46794,20.89525,-156.46794,0.8690744920993227,40.16876542454904,0,11.354444444444445,1,,,,,,,,证据缺失_无吃水数据
367151250_26,367151250,ELEU,Tug Tow,2017-01-27 04:06:09+00:00,2017-01-27 05:19:40+00:00,64,1.2252777777777777,0.9359375,1.9039947301764475,7.7,20.89529,-156.46795,20.89526,-156.46792,0.75,48.992085842168535,0,9.825555555555555,1,,,,,,,,证据缺失_无吃水数据
367151250_27,367151250,ELEU,Tug Tow,2017-01-27 15:09:12+00:00,2017-01-27 17:03:13+00:00,100,1.9002777777777777,1.038,1.6829975662729904,5.6,20.89524,-156.46793,20.89524,-156.46793,0.69,41.881278986935556,0,8.972777777777777,1,,,,,,,,证据缺失_无吃水数据
367151250_28,367151250,ELEU,Tug Tow,2017-01-28 02:01:35+00:00,2017-01-28 03:24:55+00:00,71,1.3888888888888888,0.5661971830985916,1.5168523482124638,7.7,20.89527,-156.46793,20.89525,-156.46796,0.8591549295774648,35.99589417580189,0,11.649722222222222,1,,,,,,,,证据缺失_无吃水数据
367151250_29,367151250,ELEU,Tug Tow,2017-01-28 15:03:54+00:00,2017-01-28 19:38:24+00:00,242,4.575,0.7652892561983471,1.6208297011509436,7.8,20.89525,-156.46792,20.89525,-156.46799,0.8057851239669421,35.6310262719869,0,46.95388888888889,1,,,,,,,,证据缺失_无吃水数据
367151250_3,367151250,ELEU,Tug Tow,2017-01-10 03:21:39+00:00,2017-01-10 04:00:10+00:00,34,0.6419444444444444,1.6352941176470588,2.4057862512349297,6.7,20.89525,-156.46795,20.89525,-156.46792,0.6176470588235294,37.121049937802795,0,10.135833333333334,1,,,,,,,,证据缺失_无吃水数据
367151250_30,367151250,ELEU,Tug Tow,2017-01-30 18:35:38+00:00,2017-01-30 19:46:49+00:00,62,1.186388888888889,0.25161290322580643,0.13877914460868518,0.5,20.89525,-156.46798,20.89526,-156.46796,0.9193548387096774,36.57118434765497,0,18.485833333333332,1,,,,,,,,证据缺失_无吃水数据
367151250_31,367151250,ELEU,Tug Tow,2017-01-31 14:15:58+00:00,2017-01-31 21:54:19+00:00,395,7.639166666666667,0.5232911392405063,1.1006985801123708,8.8,20.89526,-156.46794,20.89527,-156.46795,0.8253164556962025,32.76611435747586,0,,0,,,,,,,,证据缺失_无吃水数据
367151250_4,367151250,ELEU,Tug Tow,2017-01-10 14:08:19+00:00,2017-01-10 18:58:50+00:00,249,4.841944444444445,0.4570281124497992,1.323470207573837,8.2,20.89526,-156.46792,20.89525,-156.46793,0.8835341365461847,25.59494517145198,0,8.2275,1,,,,,,,,证据缺失_无吃水数据
367151250_5,367151250,ELEU,Tug Tow,2017-01-11 03:12:29+00:00,2017-01-11 04:44:50+00:00,80,1.5391666666666666,0.76125,1.7733964944654308,8.8,20.89525,-156.46793,20.89524,-156.46793,0.8,44.60234404658408,0,33.46333333333333,1,,,,,,,,证据缺失_无吃水数据
367151250_6,367151250,ELEU,Tug Tow,2017-01-12 14:12:38+00:00,2017-01-12 17:18:30+00:00,160,3.097777777777778,0.6925,1.5830291001985632,8.9,20.89524,-156.46795,20.89526,-156.46793,0.81875,33.61130619994119,0,9.654444444444444,1,,,,,,,,证据缺失_无吃水数据
367151250_7,367151250,ELEU,Tug Tow,2017-01-13 02:57:46+00:00,2017-01-13 04:59:25+00:00,104,2.0275,0.823076923076923,1.500241454303226,8.4,20.89526,-156.46793,20.89526,-156.46797,0.6634615384615384,60.801716977069034,0,9.1625,1,,,,,,,,证据缺失_无吃水数据
367151250_8,367151250,ELEU,Tug Tow,2017-01-13 14:09:10+00:00,2017-01-13 17:15:51+00:00,160,3.111388888888889,0.744375,1.651899873425716,8.4,20.89527,-156.46796,20.89526,-156.46792,0.8125,38.44276211356915,0,9.598611111111111,1,,,,,,,,证据缺失_无吃水数据
367151250_9,367151250,ELEU,Tug Tow,2017-01-14 02:51:46+00:00,2017-01-14 04:18:48+00:00,75,1.4505555555555556,0.9813333333333333,2.0112315262674882,8.4,20.89527,-156.46791,20.89525,-156.46793,0.76,49.80477014886863,0,11.653888888888888,1,,,,,,,,证据缺失_无吃水数据
367151310_1,367151310,AMERICAN CONTENDER,Tug Tow,2017-01-03 01:18:30+00:00,2017-01-10 08:59:22+00:00,6738,175.6811111111111,6.267557138616801,3.548184155957357,11.9,21.31031,-157.86511,19.77622,-154.99059,0.20822202433956663,12.924675359123096,3,26.355555555555554,3,,,,,,,,证据缺失_无吃水数据
367151310_2,367151310,AMERICAN CONTENDER,Tug Tow,2017-01-11 11:20:42+00:00,2017-01-12 12:05:01+00:00,1272,24.738611111111112,8.985141509433962,1.713846322393207,11.6,19.83229,-155.05712,21.31032,-157.86492,0.018081761006289308,10.150470771531905,0,32.44444444444444,1,,,,,,,,证据缺失_无吃水数据
367151310_3,367151310,AMERICAN CONTENDER,Tug Tow,2017-01-13 20:31:41+00:00,2017-01-20 13:07:21+00:00,7862,160.59444444444443,3.195497328923938,3.882662014418641,12.7,21.31027,-157.86499,21.31009,-157.86477,0.5693207835156449,16.44943346195888,0,145.38944444444445,1,,,,,,,,证据缺失_无吃水数据
367151310_4,367151310,AMERICAN CONTENDER,Tug Tow,2017-01-26 14:30:43+00:00,2017-01-28 19:26:44+00:00,2509,52.93361111111111,7.422479075328816,2.7370582949780626,12.6,21.27715,-157.90372,21.31012,-157.86481,0.06496612196094062,13.170918811614856,0,71.90611111111112,1,,,,,,,,证据缺失_无吃水数据
367151310_5,367151310,AMERICAN CONTENDER,Tug Tow,2017-01-31 19:21:06+00:00,2017-01-31 23:59:31+00:00,171,4.6402777777777775,6.447368421052632,5.161467139685746,12.2,21.31016,-157.86479,21.3127,-158.13355,0.34502923976608185,27.36957925197631,0,,0,,,,,,,,证据缺失_无吃水数据
367151660_1,367151660,MARIE M,Fishing,2017-01-22 00:56:31+00:00,2017-01-22 15:34:06+00:00,621,14.626388888888888,6.347504025764896,1.365123550617859,11.2,22.4187,-158.46092,21.27467,-157.90005,0.0,12.661586906887996,1,101.33555555555556,1,,,,,,,,证据缺失_无吃水数据
367151660_2,367151660,MARIE M,Fishing,2017-01-26 20:54:14+00:00,2017-01-27 07:41:11+00:00,213,10.7825,0.041314553990610334,0.33092517484136197,3.7,21.31669,-157.87809,21.31718,-157.87927,0.9812206572769953,20.536033215867814,0,16.9425,1,,,,,,,,证据缺失_无吃水数据
367151660_3,367151660,MARIE M,Fishing,2017-01-28 00:37:44+00:00,2017-01-28 08:46:39+00:00,249,8.14861111111111,6.893574297188755,0.7642984313996245,8.6,21.21766,-157.72273,22.11163,-157.63596,0.0,8.402545671943724,0,,0,,,,,,,,证据缺失_无吃水数据
367152680_1,367152680,KAMI M,Fishing,2017-01-03 21:39:27+00:00,2017-01-06 06:15:13+00:00,1271,56.596111111111114,3.024154209284028,3.744752598009017,9.4,21.31705,-157.87748,22.28966,-158.78297,0.6003147128245476,13.16321356386936,1,544.1708333333333,2,,,,,,,,证据缺失_无吃水数据
367152680_2,367152680,KAMI M,Fishing,2017-01-28 22:25:28+00:00,2017-01-31 23:58:57+00:00,1614,73.55805555555555,2.5109665427509293,3.955513302724508,11.3,22.51571,-158.2775,21.31645,-157.87831,0.70817843866171,12.54892941743506,0,,0,,,,,,,,证据缺失_无吃水数据
367159690_1,367159690,CAPT KEVIN,Fishing,2017-01-01 00:02:15+00:00,2017-01-06 16:18:05+00:00,3083,136.26388888888889,1.4461563412260785,2.746056221881208,8.0,21.31273,-157.86637,22.49904,-158.79326,0.7810574116120662,5.730698304335815,0,538.0194444444444,1,,,,,,,,证据缺失_无吃水数据
367159690_2,367159690,CAPT KEVIN,Fishing,2017-01-29 02:19:15+00:00,2017-01-31 23:59:00+00:00,1745,69.6625,2.4569054441260745,3.280180901796149,9.3,20.75358,-159.37377,21.31238,-157.86617,0.6315186246418338,11.251645295632656,0,,0,,,,,,,,证据缺失_无吃水数据
367161340_1,367161340,JANTHINA,Fishing,2017-01-01 00:01:18+00:00,2017-01-04 09:38:22+00:00,1518,81.61777777777777,0.0010540184453227933,0.010215656501843993,0.1,21.31675,-157.87813,21.31677,-157.87809,1.0,10.130064775800848,0,564.2975,1,,,,,,,,证据缺失_无吃水数据
367161340_2,367161340,JANTHINA,Fishing,2017-01-27 21:56:13+00:00,2017-01-27 22:13:15+00:00,6,0.2838888888888889,0.0,0.0,0.0,21.31678,-157.87817,21.31677,-157.87818,1.0,35.022321453610125,0,70.68972222222222,1,,,,,,,,证据缺失_无吃水数据
367161340_3,367161340,JANTHINA,Fishing,2017-01-30 20:54:38+00:00,2017-01-31 23:57:38+00:00,530,27.05,0.001509433962264151,0.01220434494742835,0.1,21.31677,-157.87817,21.31677,-157.87813,1.0,9.935454468680668,0,,0,,,,,,,,证据缺失_无吃水数据
367163840_1,367163840,MIGHTY JOE,Fishing,2017-01-01 00:00:14+00:00,2017-01-01 10:34:35+00:00,484,10.5725,6.715702479338844,0.4642067549036615,7.9,21.47164,-158.33163,22.62671,-158.58221,0.0,6.497878138165253,1,444.03305555555556,1,,,,,,,,证据缺失_无吃水数据
367163840_2,367163840,MIGHTY JOE,Fishing,2017-01-19 22:36:34+00:00,2017-01-20 09:19:35+00:00,492,10.716944444444444,7.890650406504065,1.1440957900999735,9.4,20.78166,-159.23392,21.31615,-157.87804,0.006097560975609756,11.089189328129914,0,86.225,1,,,,,,,,证据缺失_无吃水数据
367163840_3,367163840,MIGHTY JOE,Fishing,2017-01-23 23:33:05+00:00,2017-01-24 00:09:05+00:00,13,0.6,0.0,0.0,0.0,21.31633,-157.8792,21.31633,-157.8792,1.0,0.0,0,67.70833333333333,1,,,,,,,,证据缺失_无吃水数据
367163840_4,367163840,MIGHTY JOE,Fishing,2017-01-26 19:51:35+00:00,2017-01-27 06:10:35+00:00,300,10.316666666666666,7.040666666666666,1.7778118400675882,8.7,21.31634,-157.87918,20.326,-158.09886,0.05,12.604435725553005,1,2.9472222222222224,2,,,,,,,,证据缺失_无吃水数据
367179270_1,367179270,RACHEL,Fishing,2017-01-04 05:08:18+00:00,2017-01-11 17:34:27+00:00,3087,180.43583333333333,0.5441205053449951,1.8482016260521557,9.0,21.71801,-157.52766,21.3165,-157.88046,0.92095885973437,14.882833505046742,0,7.906944444444444,5,,,,,,,,证据缺失_无吃水数据
367179270_2,367179270,RACHEL,Fishing,2017-01-12 01:28:52+00:00,2017-01-12 19:52:23+00:00,223,18.391944444444444,0.021524663677130042,0.09947342472641023,1.4,21.31578,-157.87839,21.31655,-157.87775,0.9955156950672646,9.173325167197,0,23.08111111111111,3,,,,,,,,证据缺失_无吃水数据
367179270_3,367179270,RACHEL,Fishing,2017-01-13 18:57:15+00:00,2017-01-13 18:57:15+00:00,1,0.0,2.4,,2.4,21.31495,-157.87802,21.31495,-157.87802,0.0,,1,103.34055555555555,1,,,,,,,,证据缺失_无吃水数据
367179270_4,367179270,RACHEL,Fishing,2017-01-18 02:17:41+00:00,2017-01-18 07:40:42+00:00,108,5.383611111111111,0.007407407407407408,0.02631123459879528,0.1,21.3165,-157.87736,21.31649,-157.87738,1.0,14.70448789928367,0,6.049444444444444,1,,,,,,,,证据缺失_无吃水数据
367179270_5,367179270,RACHEL,Fishing,2017-01-18 13:43:40+00:00,2017-01-22 21:04:30+00:00,2321,103.34722222222223,2.0548470486859114,2.7797953263391877,9.6,21.31645,-157.87737,23.07793,-158.82025,0.6264541146057734,9.69678563063655,0,4.141388888888889,2,,,,,,,,证据缺失_无吃水数据
367183810_1,367183810,SEA DIAMOND,Fishing,2017-01-08 08:50:16+00:00,2017-01-30 15:51:31+00:00,9579,535.0208333333334,1.0324772940808018,2.3890197923764056,9.2,20.40413,-158.92249,20.06772,-158.40846,0.8482096252218394,18.435779906332968,0,1.8752777777777778,3,,,,,,,,证据缺失_无吃水数据
367191940_1,367191940,BETTY H,Fishing,2017-01-01 00:03:58+00:00,2017-01-13 16:58:20+00:00,5563,304.9061111111111,0.6819162322487866,1.931697815304445,8.3,21.29405,-157.85778,19.63496,-158.31994,0.9074240517706273,5.283572259332022,0,434.2052777777778,3,,,,,,,,证据缺失_无吃水数据
367191940_2,367191940,BETTY H,Fishing,2017-01-31 19:10:39+00:00,2017-01-31 19:10:39+00:00,1,0.0,6.4,,6.4,18.75615,-158.54758,18.75615,-158.54758,0.0,,0,,0,,,,,,,,证据缺失_无吃水数据
367213090_1,367213090,TIGER 6,Pilot Vessel,2017-01-01 00:36:19+00:00,2017-01-01 00:52:59+00:00,4,0.2777777777777778,5.925,3.8793255427543927,10.2,21.95212,-159.35584,21.95329,-159.35827,0.0,129.8212745790663,1,14.268333333333333,1,,,,,,,,证据缺失_无吃水数据
367213090_10,367213090,TIGER 6,Pilot Vessel,2017-01-10 14:07:22+00:00,2017-01-10 17:48:55+00:00,65,3.6925,1.9476923076923076,2.425329081557007,9.1,21.95325,-159.35872,21.95326,-159.35875,0.46153846153846156,63.90790861646279,0,8.387777777777778,1,,,,,,,,证据缺失_无吃水数据
367213090_11,367213090,TIGER 6,Pilot Vessel,2017-01-11 02:12:11+00:00,2017-01-11 03:49:19+00:00,40,1.6188888888888888,2.1149999999999998,2.867729379643727,8.3,21.95324,-159.35874,21.95324,-159.35875,0.525,61.24307479647243,0,12.10388888888889,1,,,,,,,,证据缺失_无吃水数据
367213090_12,367213090,TIGER 6,Pilot Vessel,2017-01-11 15:55:33+00:00,2017-01-11 17:42:05+00:00,46,1.7755555555555556,2.2869565217391306,3.0746713425558676,11.6,21.95323,-159.35878,21.95325,-159.35875,0.41304347826086957,60.77452217380688,0,8.054722222222223,1,,,,,,,,证据缺失_无吃水数据
367213090_13,367213090,TIGER 6,Pilot Vessel,2017-01-12 01:45:22+00:00,2017-01-12 04:23:33+00:00,54,2.636388888888889,1.8,2.8083433644820195,9.7,21.95326,-159.35874,21.95323,-159.35873,0.5925925925925926,71.51224721806096,0,13.131388888888889,1,,,,,,,,证据缺失_无吃水数据
367213090_14,367213090,TIGER 6,Pilot Vessel,2017-01-12 17:31:26+00:00,2017-01-13 02:19:52+00:00,424,8.807222222222222,0.6226415094339622,5.154763832519686,102.3,21.95323,-159.35875,21.95326,-159.35875,0.8985849056603774,28.59682675869202,0,15.786944444444444,1,,,,,,,,证据缺失_无吃水数据
367213090_15,367213090,TIGER 6,Pilot Vessel,2017-01-13 18:07:05+00:00,2017-01-14 00:37:18+00:00,313,6.503611111111111,0.4210862619808307,1.3276169496398118,9.9,21.95323,-159.35877,21.95327,-159.35876,0.8722044728434505,35.76921962691216,0,40.37083333333333,1,,,,,,,,证据缺失_无吃水数据
367213090_16,367213090,TIGER 6,Pilot Vessel,2017-01-15 16:59:33+00:00,2017-01-15 18:09:33+00:00,47,1.1666666666666667,1.5659574468085105,2.07304403314721,7.2,21.95324,-159.35875,21.95325,-159.35875,0.5106382978723404,43.038614108121855,0,8.594444444444445,1,,,,,,,,证据缺失_无吃水数据
367213090_17,367213090,TIGER 6,Pilot Vessel,2017-01-16 02:45:13+00:00,2017-01-16 04:31:33+00:00,92,1.7722222222222221,1.056521739130435,2.4778714876708854,10.0,21.95325,-159.35873,21.95323,-159.35874,0.8152173913043478,39.75318311488487,0,11.532222222222222,1,,,,,,,,证据缺失_无吃水数据
367213090_18,367213090,TIGER 6,Pilot Vessel,2017-01-16 16:03:29+00:00,2017-01-17 09:05:53+00:00,280,17.04,1.3332142857142857,2.2223216791619795,11.1,21.95323,-159.35874,21.95325,-159.35874,0.6214285714285714,48.84677184811126,0,32.280833333333334,3,,,,,,,,证据缺失_无吃水数据
367213090_19,367213090,TIGER 6,Pilot Vessel,2017-01-18 17:22:44+00:00,2017-01-19 02:49:48+00:00,124,9.45111111111111,0.01370967741935484,0.03453448240080983,0.1,21.95327,-159.35875,21.95329,-159.35874,1.0,15.83952275609581,0,14.542777777777777,1,,,,,,,,证据缺失_无吃水数据
367213090_2,367213090,TIGER 6,Pilot Vessel,2017-01-01 15:09:05+00:00,2017-01-01 17:11:44+00:00,19,2.0441666666666665,2.2210526315789476,2.975003071402415,9.3,21.95323,-159.35873,21.95323,-159.35875,0.47368421052631576,53.164010628843556,0,12.825555555555555,3,,,,,,,,证据缺失_无吃水数据
367213090_20,367213090,TIGER 6,Pilot Vessel,2017-01-19 17:22:22+00:00,2017-01-20 01:53:06+00:00,123,8.512222222222222,3.3520325203252033,15.852715284788697,102.3,21.95325,-159.35876,21.95329,-159.35874,0.7479674796747967,43.89602537698022,0,15.6375,2,,,,,,,,证据缺失_无吃水数据
367213090_21,367213090,TIGER 6,Pilot Vessel,2017-01-20 17:31:21+00:00,2017-01-21 00:34:49+00:00,156,7.057777777777778,1.1878205128205128,2.254954200199167,9.9,21.95325,-159.35874,21.9533,-159.35874,0.6987179487179487,55.41549520975402,0,64.77722222222222,1,,,,,,,,证据缺失_无吃水数据
367213090_22,367213090,TIGER 6,Pilot Vessel,2017-01-23 17:21:27+00:00,2017-01-24 02:24:27+00:00,113,9.05,0.056637168141592927,0.06250158025815122,0.3,21.95324,-159.35875,21.95329,-159.35875,1.0,20.77539023959513,0,21.95277777777778,1,,,,,,,,证据缺失_无吃水数据
367213090_23,367213090,TIGER 6,Pilot Vessel,2017-01-25 00:21:37+00:00,2017-01-25 09:00:26+00:00,139,8.646944444444445,0.5820143884892087,1.574583073344793,8.9,21.95326,-159.35873,21.95324,-159.35874,0.7769784172661871,33.91880773780178,0,7.993333333333333,2,,,,,,,,证据缺失_无吃水数据
367213090_24,367213090,TIGER 6,Pilot Vessel,2017-01-25 17:00:02+00:00,2017-01-25 18:49:24+00:00,42,1.8227777777777778,1.75,2.320875570691834,9.1,21.95325,-159.35875,21.95323,-159.35871,0.4523809523809524,93.74754982164055,0,22.586388888888887,1,,,,,,,,证据缺失_无吃水数据
367213090_25,367213090,TIGER 6,Pilot Vessel,2017-01-26 17:24:35+00:00,2017-01-26 22:53:56+00:00,106,5.489166666666667,1.0415094339622641,2.118618953785396,9.3,21.95325,-159.35875,21.95326,-159.35872,0.7075471698113207,64.14792288912409,0,18.631944444444443,1,,,,,,,,证据缺失_无吃水数据
367213090_26,367213090,TIGER 6,Pilot Vessel,2017-01-27 17:31:51+00:00,2017-01-28 00:29:57+00:00,106,6.968333333333334,0.2943396226415094,1.2246539016375388,10.1,21.95325,-159.35876,21.95324,-159.35877,0.8867924528301887,30.388763406758443,0,39.056666666666665,1,,,,,,,,证据缺失_无吃水数据
367213090_27,367213090,TIGER 6,Pilot Vessel,2017-01-29 15:33:21+00:00,2017-01-29 17:35:26+00:00,50,2.0347222222222223,2.076,3.064248085017043,10.8,21.95324,-159.35873,21.95323,-159.35876,0.48,51.40640808806824,0,9.387222222222222,1,,,,,,,,证据缺失_无吃水数据
367213090_28,367213090,TIGER 6,Pilot Vessel,2017-01-30 02:58:40+00:00,2017-01-30 05:39:31+00:00,58,2.680833333333333,1.6362068965517242,2.158597520309992,8.3,21.95328,-159.35876,21.95322,-159.35875,0.5,60.59063738190799,0,8.309166666666666,1,,,,,,,,证据缺失_无吃水数据
367213090_29,367213090,TIGER 6,Pilot Vessel,2017-01-30 13:58:04+00:00,2017-01-30 19:03:27+00:00,112,5.089722222222222,1.8660714285714286,2.3087594099147735,11.1,21.95326,-159.35878,21.95327,-159.35876,0.4375,72.72138481899124,0,6.695555555555556,1,,,,,,,,证据缺失_无吃水数据
367213090_3,367213090,TIGER 6,Pilot Vessel,2017-01-02 06:01:16+00:00,2017-01-02 07:36:06+00:00,10,1.5805555555555555,1.1300000000000001,2.540800398824486,7.9,21.95323,-159.35876,21.95324,-159.35875,0.8,62.41546505296406,0,8.750277777777777,2,,,,,,,,证据缺失_无吃水数据
367213090_30,367213090,TIGER 6,Pilot Vessel,2017-01-31 01:45:11+00:00,2017-01-31 09:06:18+00:00,296,7.351944444444444,0.4185810810810811,1.414318790393877,10.6,21.95326,-159.35871,21.95323,-159.35875,0.8783783783783784,39.95106127951574,0,6.838888888888889,2,,,,,,,,证据缺失_无吃水数据
367213090_31,367213090,TIGER 6,Pilot Vessel,2017-01-31 15:56:38+00:00,2017-01-31 18:12:30+00:00,34,2.2644444444444445,1.8911764705882352,2.8834288980896825,9.9,21.95324,-159.35876,21.95323,-159.35874,0.5882352941176471,66.30735610386564,0,0.8258333333333333,1,,,,,,,,证据缺失_无吃水数据
367213090_4,367213090,TIGER 6,Pilot Vessel,2017-01-02 16:21:07+00:00,2017-01-02 19:14:12+00:00,16,2.8847222222222224,3.05625,2.6795444264526265,8.3,21.95324,-159.35878,21.95326,-159.35875,0.1875,65.00162415553278,0,8.191944444444445,4,,,,,,,,证据缺失_无吃水数据
367213090_5,367213090,TIGER 6,Pilot Vessel,2017-01-03 03:25:43+00:00,2017-01-03 03:25:43+00:00,1,0.0,0.1,,0.1,21.95321,-159.35877,21.95321,-159.35877,1.0,,0,12.775277777777777,1,,,,,,,,证据缺失_无吃水数据
367213090_6,367213090,TIGER 6,Pilot Vessel,2017-01-03 16:12:14+00:00,2017-01-03 19:30:25+00:00,8,3.3030555555555554,3.175,2.405796571378624,6.5,21.95325,-159.35876,21.95311,-159.35858,0.25,67.55245933276422,2,21.6425,5,,,,,,,,证据缺失_无吃水数据
367213090_7,367213090,TIGER 6,Pilot Vessel,2017-01-04 17:08:58+00:00,2017-01-05 02:10:56+00:00,34,9.032777777777778,2.9647058823529413,2.8308776188121625,10.2,21.95325,-159.35875,21.95327,-159.35875,0.2647058823529412,87.42495039036383,1,13.721111111111112,5,,,,,,,,证据缺失_无吃水数据
367213090_8,367213090,TIGER 6,Pilot Vessel,2017-01-05 15:54:12+00:00,2017-01-07 02:06:47+00:00,274,34.209722222222226,0.7083941605839416,1.8215344871905077,10.8,21.95325,-159.35875,21.95326,-159.35874,0.8065693430656934,34.57526821375991,0,65.32916666666667,10,,,,,,,,证据缺失_无吃水数据
367213090_9,367213090,TIGER 6,Pilot Vessel,2017-01-09 19:26:32+00:00,2017-01-10 06:24:39+00:00,107,10.96861111111111,0.6850467289719626,1.665906956694113,11.2,21.95323,-159.35874,21.95322,-159.35877,0.7383177570093458,44.776394555993036,0,7.711944444444445,4,,,,,,,,证据缺失_无吃水数据
367219000_1,367219000,USNS GUADALUPE,Tanker,2017-01-01 00:00:26+00:00,2017-01-12 21:43:05+00:00,4940,285.7108333333333,0.18708502024291498,1.3328436387193547,12.9,21.36434,-157.94275,21.12729,-157.87903,0.9821862348178138,2.6351923626453697,0,43.33861111111111,1,,,,,,,,证据缺失_无吃水数据
367219000_2,367219000,USNS GUADALUPE,Tanker,2017-01-14 17:03:24+00:00,2017-01-18 08:33:44+00:00,4532,87.50555555555556,10.01584289496911,1.7165713466936967,13.7,19.91284,-158.23297,20.39015,-161.70454,0.0,5.742842110141021,0,233.46583333333334,1,,,,,,,,证据缺失_无吃水数据
367219000_3,367219000,USNS GUADALUPE,Tanker,2017-01-28 02:01:41+00:00,2017-01-29 00:00:05+00:00,898,21.973333333333333,12.003340757238307,0.8856152417623506,13.2,21.11292,-161.43327,21.07728,-158.14659,0.0,6.217844415568978,1,22.18611111111111,3,,,,,,,,证据缺失_无吃水数据
367219000_4,367219000,USNS GUADALUPE,Tanker,2017-01-29 22:11:15+00:00,2017-01-29 22:11:15+00:00,1,0.0,10.2,,10.2,21.07758,-158.14621,21.07758,-158.14621,0.0,,0,,0,,,,,,,,证据缺失_无吃水数据
367300660_1,367300660,TIGER 7,Tug Tow,2017-01-04 18:52:50+00:00,2017-01-04 20:34:41+00:00,88,1.6975,1.2636363636363637,1.9092745097562625,8.0,20.03742,-155.83019,20.03742,-155.83015,0.5795454545454546,38.47748603146769,0,7.855833333333333,1,88.0,2.1,2.1,2.1,0.0,0.0,False,证据缺失_该船吃水字段不更新
367300660_10,367300660,TIGER 7,Tug Tow,2017-01-22 14:55:31+00:00,2017-01-22 17:55:13+00:00,153,2.995,0.9339869281045752,1.7999694222071199,7.2,20.03412,-155.82726,20.03744,-155.8302,0.6862745098039216,46.55121966857129,0,6.349444444444444,1,153.0,2.1,2.1,2.1,0.0,0.0,False,证据缺失_该船吃水字段不更新
367300660_11,367300660,TIGER 7,Tug Tow,2017-01-23 00:16:11+00:00,2017-01-23 03:29:42+00:00,166,3.225277777777778,0.2596385542168675,1.0326769517845296,9.5,20.03742,-155.83014,20.03742,-155.83019,0.9036144578313253,31.26126916395615,0,6.533055555555555,1,166.0,2.1,2.1,2.1,0.0,0.0,False,证据缺失_该船吃水字段不更新
367300660_12,367300660,TIGER 7,Tug Tow,2017-01-23 10:01:41+00:00,2017-01-23 16:56:30+00:00,354,6.913611111111111,0.43757062146892656,1.4681030819749779,9.4,20.03741,-155.83019,20.03743,-155.8302,0.8813559322033898,27.14425192736703,0,177.22694444444446,1,354.0,2.1,2.1,2.1,0.0,0.0,False,证据缺失_该船吃水字段不更新
367300660_13,367300660,TIGER 7,Tug Tow,2017-01-31 02:10:07+00:00,2017-01-31 11:49:49+00:00,496,9.661666666666667,0.34133064516129036,1.2449516008394526,9.1,20.03743,-155.83022,20.03743,-155.8302,0.8850806451612904,38.74667252266893,0,,0,496.0,2.1,2.1,2.1,0.0,0.0,False,证据缺失_该船吃水字段不更新
367300660_2,367300660,TIGER 7,Tug Tow,2017-01-05 04:26:02+00:00,2017-01-05 05:16:44+00:00,44,0.845,1.4590909090909092,2.2467876998700893,9.0,20.03741,-155.8302,20.03742,-155.83022,0.5454545454545454,59.57837129010323,0,159.62305555555557,1,44.0,2.1,2.1,2.1,0.0,0.0,False,证据缺失_该船吃水字段不更新
367300660_3,367300660,TIGER 7,Tug Tow,2017-01-11 20:54:07+00:00,2017-01-12 01:32:07+00:00,199,4.633333333333334,0.7758793969849247,1.9200223866349662,9.5,20.03743,-155.83021,20.03744,-155.83022,0.8090452261306532,40.70132190393179,0,18.4375,2,199.0,2.1,2.1,2.1,0.0,0.0,False,证据缺失_该船吃水字段不更新
367300660_4,367300660,TIGER 7,Tug Tow,2017-01-12 19:58:22+00:00,2017-01-12 21:51:02+00:00,97,1.8777777777777778,1.388659793814433,2.009813231821336,8.8,20.03743,-155.83019,20.03744,-155.8302,0.5567010309278351,23.172230431227263,0,7.079444444444444,1,97.0,2.1,2.1,2.1,0.0,0.0,False,证据缺失_该船吃水字段不更新
367300660_5,367300660,TIGER 7,Tug Tow,2017-01-13 04:55:48+00:00,2017-01-13 06:17:18+00:00,70,1.3583333333333334,0.88,1.9956183887765688,10.3,20.03744,-155.83017,20.03743,-155.83015,0.7142857142857143,48.38212140638064,0,12.948055555555555,1,70.0,2.1,2.1,2.1,0.0,0.0,False,证据缺失_该船吃水字段不更新
367300660_6,367300660,TIGER 7,Tug Tow,2017-01-13 19:14:11+00:00,2017-01-13 21:25:41+00:00,113,2.191666666666667,0.0,0.0,0.0,20.03743,-155.8302,20.03742,-155.83017,1.0,17.66534164308167,0,119.71388888888889,1,113.0,2.1,2.1,2.1,0.0,0.0,False,证据缺失_该船吃水字段不更新
367300660_7,367300660,TIGER 7,Tug Tow,2017-01-18 21:08:31+00:00,2017-01-19 02:25:07+00:00,222,5.276666666666666,0.5977477477477477,1.6676166018156016,10.1,20.03745,-155.8302,20.03746,-155.8302,0.8243243243243243,55.37215870532205,0,20.734444444444446,2,222.0,2.1,2.1,2.1,0.0,0.0,False,证据缺失_该船吃水字段不更新
367300660_8,367300660,TIGER 7,Tug Tow,2017-01-19 23:09:11+00:00,2017-01-20 02:49:41+00:00,190,3.675,0.21105263157894738,0.5721341717139201,4.0,20.03743,-155.83015,20.03524,-155.82825,0.7947368421052632,92.501787694449,0,14.086944444444445,1,190.0,2.1,2.1,2.1,0.0,0.0,False,证据缺失_该船吃水字段不更新
367300660_9,367300660,TIGER 7,Tug Tow,2017-01-20 16:54:54+00:00,2017-01-20 18:02:35+00:00,57,1.1280555555555556,1.8,2.370503261817143,8.6,20.03523,-155.82825,20.03415,-155.82728,0.42105263157894735,45.28640685795127,0,44.882222222222225,1,57.0,2.1,2.1,2.1,0.0,0.0,False,证据缺失_该船吃水字段不更新
367306510_1,367306510,MARINE STAR,Fishing,2017-01-14 21:27:02+00:00,2017-01-15 06:35:28+00:00,359,9.140555555555556,7.294428969359331,0.6052121331283824,9.4,21.26724,-157.87805,21.9641,-157.19665,0.0,7.396352574544847,0,,0,,,,,,,,证据缺失_无吃水数据
367309120_1,367309120,NAKOA,Tug Tow,2017-01-01 00:31:23+00:00,2017-01-03 18:38:55+00:00,3370,66.12555555555555,4.368308605341246,3.654952090997783,9.0,21.95409,-159.35519,19.82525,-155.04954,0.38724035608308605,61.1368632325025,1,15.025555555555556,1,3370.0,4.8,4.8,4.8,0.0,0.0,False,证据缺失_该船吃水字段不更新
367309120_2,367309120,NAKOA,Tug Tow,2017-01-04 09:40:27+00:00,2017-01-13 16:49:33+00:00,10066,223.15166666666667,4.542549175442082,4.044773340359024,10.5,19.82345,-155.04765,19.82497,-155.05176,0.40631829922511425,64.49897488733868,1,17.058333333333334,5,10066.0,4.8,4.8,4.8,0.0,0.0,False,证据缺失_该船吃水字段不更新
367309120_3,367309120,NAKOA,Tug Tow,2017-01-14 09:53:03+00:00,2017-01-18 21:40:59+00:00,5454,107.79888888888888,3.6346534653465348,4.359485180487108,10.2,19.82429,-155.04973,22.62195,-155.29491,0.5718738540520719,75.32672677844585,0,1.1997222222222221,2,5454.0,4.8,4.8,4.8,0.0,0.0,False,证据缺失_该船吃水字段不更新
367309260_1,367309260,SIRIUS,Tug Tow,2017-01-01 00:01:28+00:00,2017-01-21 09:48:23+00:00,12967,489.78194444444443,1.9418755301920259,3.4180456044437406,11.4,21.31002,-157.86819,19.82693,-155.04877,0.7455078275622735,79.17817389407534,1,19.641666666666666,1,12967.0,5.7,5.7,5.700000000000001,0.0,0.0,False,证据缺失_该船吃水字段不更新
367309260_2,367309260,SIRIUS,Tug Tow,2017-01-22 05:26:53+00:00,2017-01-29 21:15:12+00:00,9541,183.80527777777777,4.58299968556755,3.888922645766924,10.8,19.82207,-155.05176,19.82307,-155.05053,0.3922020752541662,57.00939184653267,1,18.41138888888889,1,9541.0,5.7,5.7,5.7,0.0,0.0,False,证据缺失_该船吃水字段不更新
367309260_3,367309260,SIRIUS,Tug Tow,2017-01-30 15:39:53+00:00,2017-01-31 23:59:11+00:00,1653,32.321666666666665,6.106110102843315,3.8062256482251033,10.0,19.79034,-155.03392,20.98816,-157.45651,0.2601330913490623,47.38305336327987,0,,0,1653.0,5.7,5.7,5.7,0.0,0.0,False,证据缺失_该船吃水字段不更新
367309710_1,367309710,NIOLO,Tug Tow,2017-01-01 00:00:03+00:00,2017-01-06 12:17:17+00:00,6416,132.28722222222223,3.4661315461346636,3.6522601163016652,9.1,21.2346,-158.07174,19.83292,-155.05164,0.5109102244389028,68.91332677860241,1,13.2775,1,,,,,,,,证据缺失_无吃水数据
367309710_2,367309710,NIOLO,Tug Tow,2017-01-07 01:33:56+00:00,2017-01-18 11:28:47+00:00,10535,273.9141666666667,3.213488372093023,3.5413376118497566,11.0,19.82483,-155.05485,19.818,-155.05703,0.5224489795918368,65.20472282247742,1,15.783333333333333,1,,,,,,,,证据缺失_无吃水数据
367309710_3,367309710,NIOLO,Tug Tow,2017-01-19 03:15:47+00:00,2017-01-30 15:32:10+00:00,9429,276.2730555555556,3.440863294092693,3.427863586366285,9.1,19.81313,-155.06004,19.81429,-155.05873,0.45953971789161097,52.94789248957997,1,12.381666666666666,1,,,,,,,,证据缺失_无吃水数据
367309710_4,367309710,NIOLO,Tug Tow,2017-01-31 03:55:04+00:00,2017-01-31 23:59:55+00:00,1035,20.080833333333334,7.470144927536232,0.5447014676318526,8.8,19.81548,-155.05627,21.02243,-157.21632,0.0,3.1541831281210815,0,,0,,,,,,,,证据缺失_无吃水数据
367309720_1,367309720,NOHEA,Tug Tow,2017-01-16 19:43:10+00:00,2017-01-17 01:50:14+00:00,88,6.1177777777777775,0.00340909090909091,0.01825026302039178,0.1,21.31023,-157.86587,21.31023,-157.86585,1.0,42.504917714760005,0,16.015,2,88.0,3.8,3.8,3.8,0.0,0.0,False,证据缺失_该船吃水字段不更新
367309720_10,367309720,NOHEA,Tug Tow,2017-01-31 15:38:39+00:00,2017-01-31 23:57:37+00:00,146,8.31611111111111,0.004109589041095891,0.019919535823310616,0.1,21.31009,-157.86809,21.31012,-157.86807,1.0,38.38588992089616,0,0.66,1,146.0,3.8,3.8,3.8,0.0,0.0,False,证据缺失_该船吃水字段不更新
367309720_2,367309720,NOHEA,Tug Tow,2017-01-17 17:51:08+00:00,2017-01-17 18:06:08+00:00,6,0.25,0.0,0.0,0.0,21.31021,-157.86585,21.31021,-157.86585,1.0,37.068139958730065,0,23.355,1,6.0,3.8,3.8,3.7999999999999994,0.0,0.0,False,证据缺失_该船吃水字段不更新
367309720_3,367309720,NOHEA,Tug Tow,2017-01-18 17:27:26+00:00,2017-01-19 00:04:32+00:00,101,6.618333333333333,0.017821782178217824,0.038460472186286,0.1,21.31021,-157.86585,21.31026,-157.86587,1.0,38.08984461278705,0,17.218333333333334,2,101.0,3.8,3.8,3.7999999999999994,0.0,0.0,False,证据缺失_该船吃水字段不更新
367309720_4,367309720,NOHEA,Tug Tow,2017-01-19 17:17:38+00:00,2017-01-20 02:15:16+00:00,147,8.960555555555555,0.01904761904761905,0.03940192146996279,0.1,21.3102,-157.86587,21.31025,-157.86585,1.0,35.80137836018847,0,123.34555555555555,2,147.0,3.8,3.8,3.8000000000000003,0.0,0.0,False,证据缺失_该船吃水字段不更新
367309720_5,367309720,NOHEA,Tug Tow,2017-01-25 05:36:00+00:00,2017-01-25 07:06:07+00:00,31,1.5019444444444445,0.0,0.0,0.0,21.31023,-157.86584,21.31023,-157.86583,1.0,35.46706032103721,0,8.913333333333334,1,31.0,3.8,3.8,3.8,0.0,0.0,False,证据缺失_该船吃水字段不更新
367309720_6,367309720,NOHEA,Tug Tow,2017-01-25 16:00:55+00:00,2017-01-28 07:38:09+00:00,1852,63.620555555555555,3.1920626349892007,4.3518045413907425,10.4,21.3102,-157.86585,21.31011,-157.86808,0.6376889848812095,58.51025226251157,0,8.774166666666666,3,1852.0,3.8,3.8,3.8,0.0,0.0,False,证据缺失_该船吃水字段不更新
367309720_7,367309720,NOHEA,Tug Tow,2017-01-28 16:24:36+00:00,2017-01-29 08:36:33+00:00,283,16.199166666666667,0.0063604240282685515,0.024447891956079947,0.1,21.31009,-157.86808,21.31003,-157.86811,1.0,36.96528276546924,0,8.0825,2,283.0,3.8,3.8,3.7999999999999994,0.0,0.0,False,证据缺失_该船吃水字段不更新
367309720_8,367309720,NOHEA,Tug Tow,2017-01-29 16:41:30+00:00,2017-01-30 07:04:31+00:00,277,14.383611111111112,0.0057761732851985565,0.023371458713667113,0.1,21.31009,-157.86809,21.31011,-157.86809,1.0,41.73706671308983,0,8.564166666666667,1,277.0,3.8,3.8,3.8,0.0,0.0,False,证据缺失_该船吃水字段不更新
367309720_9,367309720,NOHEA,Tug Tow,2017-01-30 15:38:22+00:00,2017-01-31 07:29:31+00:00,311,15.8525,0.006109324758842444,0.02398872604546799,0.1,21.3101,-157.86806,21.3101,-157.86811,1.0,43.570779651510044,0,8.152222222222223,1,311.0,3.8,3.8,3.8,0.0,0.0,False,证据缺失_该船吃水字段不更新
367309860_1,367309860,NAMAHOE,Tug Tow,2017-01-01 00:00:04+00:00,2017-01-04 19:20:21+00:00,3107,91.33805555555556,1.725716124879305,2.61648245766387,7.9,21.31044,-157.8658,21.95141,-159.35453,0.6820083682008368,16.37298683259509,3,6.569166666666667,4,3107.0,4.5,4.5,4.5,0.0,0.0,False,证据缺失_该船吃水字段不更新
367309860_2,367309860,NAMAHOE,Tug Tow,2017-01-05 01:54:30+00:00,2017-01-31 23:59:19+00:00,33639,646.0802777777777,1.0451588929516336,2.1668055635269368,8.7,21.95147,-159.35463,21.3101,-157.86825,0.7970213145456166,18.63497343047016,0,,0,33639.0,4.5,4.5,4.5,0.0,0.0,False,证据缺失_该船吃水字段不更新
367309870_1,367309870,NENE,Tug Tow,2017-01-03 04:32:06+00:00,2017-01-03 14:40:57+00:00,535,10.1475,2.869906542056075,3.641105702985418,9.0,21.30984,-157.86995,21.30987,-157.86998,0.5457943925233645,59.665177413059645,0,34.344722222222224,1,,,,,,,,证据缺失_无吃水数据
367309870_10,367309870,NENE,Tug Tow,2017-01-17 17:54:26+00:00,2017-01-18 02:26:58+00:00,190,8.542222222222222,0.9089473684210526,2.2357305181072724,8.3,21.30984,-157.86993,21.30989,-157.86993,0.8263157894736842,52.005120354247595,0,14.752222222222223,1,,,,,,,,证据缺失_无吃水数据
367309870_11,367309870,NENE,Tug Tow,2017-01-18 17:12:06+00:00,2017-01-19 01:48:15+00:00,154,8.6025,0.0006493506493506494,0.008058229640253801,0.1,21.30985,-157.87001,21.30991,-157.86994,1.0,67.61862114607628,0,15.7375,1,,,,,,,,证据缺失_无吃水数据
367309870_12,367309870,NENE,Tug Tow,2017-01-19 17:32:30+00:00,2017-01-20 01:36:33+00:00,159,8.0675,0.01069182389937107,0.03099856053937177,0.1,21.30986,-157.86994,21.30989,-157.86995,1.0,28.101179311959307,0,16.00777777777778,1,,,,,,,,证据缺失_无吃水数据
367309870_13,367309870,NENE,Tug Tow,2017-01-20 17:37:01+00:00,2017-01-21 05:42:37+00:00,597,12.093333333333334,4.374539363484087,3.4802060125525567,9.2,21.30984,-157.86994,21.3099,-157.86996,0.2696817420435511,56.76891776735668,0,125.59527777777778,1,,,,,,,,证据缺失_无吃水数据
367309870_14,367309870,NENE,Tug Tow,2017-01-26 11:18:20+00:00,2017-01-26 20:58:40+00:00,510,9.672222222222222,3.0729411764705885,3.5192221491180993,8.3,21.30987,-157.86995,21.30987,-157.86994,0.4647058823529412,62.58331381965444,0,95.83277777777778,1,,,,,,,,证据缺失_无吃水数据
367309870_15,367309870,NENE,Tug Tow,2017-01-30 20:48:38+00:00,2017-01-31 06:45:08+00:00,517,9.941666666666666,3.0659574468085107,3.3739428005586483,8.5,21.30987,-157.86995,21.30987,-157.87003,0.4158607350096712,74.719866509721,0,16.79111111111111,1,,,,,,,,证据缺失_无吃水数据
367309870_16,367309870,NENE,Tug Tow,2017-01-31 23:32:36+00:00,2017-01-31 23:56:43+00:00,8,0.40194444444444444,0.0125,0.03535533905932738,0.1,21.30989,-157.86995,21.30989,-157.86983,1.0,7.687373692342162,0,,0,,,,,,,,证据缺失_无吃水数据
367309870_2,367309870,NENE,Tug Tow,2017-01-05 01:01:38+00:00,2017-01-05 13:36:27+00:00,661,12.580277777777777,2.4276853252647506,3.3649898371109654,8.6,21.3099,-157.86995,21.30987,-157.86993,0.5612708018154312,71.49769096792164,0,25.546388888888888,1,,,,,,,,证据缺失_无吃水数据
367309870_3,367309870,NENE,Tug Tow,2017-01-06 15:09:14+00:00,2017-01-07 01:10:45+00:00,527,10.025277777777777,2.9130929791271347,3.027767457469207,8.3,21.30986,-157.86995,21.30991,-157.86997,0.47438330170777987,55.28537046352784,0,63.78111111111111,1,,,,,,,,证据缺失_无吃水数据
367309870_4,367309870,NENE,Tug Tow,2017-01-09 16:57:37+00:00,2017-01-10 01:07:41+00:00,226,8.167777777777777,0.0013274336283185843,0.011470109930986218,0.1,21.30986,-157.86997,21.30993,-157.86995,1.0,51.363119056443104,0,15.964444444444444,2,,,,,,,,证据缺失_无吃水数据
367309870_5,367309870,NENE,Tug Tow,2017-01-10 17:05:33+00:00,2017-01-11 01:41:38+00:00,171,8.60138888888889,0.00935672514619883,0.029208101189474804,0.1,21.30985,-157.86994,21.30988,-157.86992,1.0,67.3497122901214,0,15.709722222222222,1,,,,,,,,证据缺失_无吃水数据
367309870_6,367309870,NENE,Tug Tow,2017-01-11 17:24:13+00:00,2017-01-12 01:39:49+00:00,155,8.26,0.18838709677419355,0.6399020662397334,3.5,21.30987,-157.86995,21.30986,-157.86995,0.9225806451612903,72.68930238533348,0,16.155833333333334,2,,,,,,,,证据缺失_无吃水数据
367309870_7,367309870,NENE,Tug Tow,2017-01-12 17:49:10+00:00,2017-01-12 23:46:13+00:00,117,5.950833333333334,0.005128205128205129,0.02215211458013326,0.1,21.30989,-157.86993,21.30995,-157.86995,1.0,72.782249651394,0,19.55638888888889,1,,,,,,,,证据缺失_无吃水数据
367309870_8,367309870,NENE,Tug Tow,2017-01-13 19:19:36+00:00,2017-01-14 01:40:38+00:00,124,6.350555555555555,0.009677419354838712,0.029684944142330492,0.1,21.30985,-157.86995,21.30985,-157.86994,1.0,51.78365343067523,0,63.94,1,,,,,,,,证据缺失_无吃水数据
367309870_9,367309870,NENE,Tug Tow,2017-01-16 17:37:02+00:00,2017-01-17 02:04:23+00:00,259,8.455833333333333,1.2374517374517375,2.4781578540129128,7.7,21.3099,-157.86994,21.30991,-157.87002,0.7760617760617761,78.23566562009205,0,15.834166666666667,1,,,,,,,,证据缺失_无吃水数据
367309890_1,367309890,NOKE,Tug Tow,2017-01-01 00:00:07+00:00,2017-01-06 20:00:23+00:00,3919,140.00444444444443,1.0448838989538147,2.9760124422969025,102.3,21.27816,-158.08907,21.31016,-157.86807,0.8175554988517479,97.11170889865501,0,117.00083333333333,2,,,,,,,,证据缺失_无吃水数据
367309890_2,367309890,NOKE,Tug Tow,2017-01-11 17:00:26+00:00,2017-01-12 00:51:22+00:00,335,7.848888888888889,0.014925373134328358,0.03568714416240305,0.1,21.31016,-157.86808,21.31019,-157.86808,1.0,89.98691793217426,0,17.593333333333334,2,,,,,,,,证据缺失_无吃水数据
367309890_3,367309890,NOKE,Tug Tow,2017-01-12 18:26:58+00:00,2017-01-13 02:03:40+00:00,401,7.611666666666666,0.015461346633416459,0.03619874482882032,0.1,21.31014,-157.86806,21.31016,-157.86807,1.0,88.74136507112519,0,66.59666666666666,1,,,,,,,,证据缺失_无吃水数据
367309890_4,367309890,NOKE,Tug Tow,2017-01-15 20:39:28+00:00,2017-01-18 02:54:53+00:00,1761,54.25694444444444,1.322373651334469,2.796393626999519,9.9,21.31016,-157.86808,21.31076,-157.8653,0.7734241908006815,93.54001078277253,0,61.65833333333333,1,,,,,,,,证据缺失_无吃水数据
367309890_5,367309890,NOKE,Tug Tow,2017-01-20 16:34:23+00:00,2017-01-23 17:12:14+00:00,2480,72.63083333333333,1.1273387096774194,2.452349141376017,9.7,21.31075,-157.86526,21.31016,-157.8681,0.7737903225806452,94.61323420361649,0,8.324444444444444,1,,,,,,,,证据缺失_无吃水数据
367309890_6,367309890,NOKE,Tug Tow,2017-01-24 01:31:42+00:00,2017-01-24 05:15:53+00:00,200,3.736388888888889,0.3775,1.0482547112693994,7.2,21.31018,-157.86808,21.31012,-157.86821,0.815,85.25197285512864,0,11.839166666666667,1,,,,,,,,证据缺失_无吃水数据
367309890_7,367309890,NOKE,Tug Tow,2017-01-24 17:06:14+00:00,2017-01-25 03:41:12+00:00,398,10.582777777777778,3.9949748743718594,4.457035292813174,10.3,21.31012,-157.86821,21.31013,-157.86818,0.47738693467336685,68.81017538763865,0,33.4025,2,,,,,,,,证据缺失_无吃水数据
367309890_8,367309890,NOKE,Tug Tow,2017-01-26 13:05:21+00:00,2017-01-28 20:39:09+00:00,1665,55.56333333333333,1.3246246246246247,2.849193373367344,10.0,21.31012,-157.86819,21.31012,-157.86826,0.8018018018018018,98.36238626556221,0,49.83305555555555,2,,,,,,,,证据缺失_无吃水数据
367309890_9,367309890,NOKE,Tug Tow,2017-01-30 22:29:08+00:00,2017-01-31 23:59:40+00:00,768,25.50888888888889,1.4957031250000001,2.8358884197869556,9.8,21.31013,-157.86825,21.27823,-158.08913,0.6614583333333334,94.67967693293198,0,,0,,,,,,,,证据缺失_无吃水数据
367309910_1,367309910,NUNUI,Tug Tow,2017-01-01 00:00:02+00:00,2017-01-31 23:59:14+00:00,24808,743.9866666666667,0.534799258303773,1.93245359625874,11.7,21.27035,-158.09344,21.26969,-158.09262,0.8836262495969043,70.76841118269657,0,,0,24808.0,3.7,3.7,3.7,0.0,0.0,False,证据缺失_该船吃水字段不更新
367310240_1,367310240,NOHO-LOA,Industrial Vessel,2017-01-07 16:16:36+00:00,2017-01-08 04:26:47+00:00,560,12.169722222222223,4.6375,4.107711779616566,9.5,21.31006,-157.86813,21.31005,-157.8681,0.35892857142857143,39.906942543814175,0,35.48694444444445,1,,,,,,,,证据缺失_无吃水数据
367310240_10,367310240,NOHO-LOA,Industrial Vessel,2017-01-19 16:04:54+00:00,2017-01-20 03:54:17+00:00,524,11.823055555555555,3.2383587786259542,3.5572668167625263,8.9,21.31001,-157.86834,21.31003,-157.86828,0.2099236641221374,54.22577818543884,0,83.97444444444444,1,,,,,,,,证据缺失_无吃水数据
367310240_11,367310240,NOHO-LOA,Industrial Vessel,2017-01-23 15:52:45+00:00,2017-01-24 04:08:07+00:00,436,12.25611111111111,3.7470183486238535,3.7646651554946926,9.8,21.30996,-157.86829,21.30998,-157.86833,0.19495412844036697,40.82520740315434,0,11.8675,1,,,,,,,,证据缺失_无吃水数据
367310240_12,367310240,NOHO-LOA,Industrial Vessel,2017-01-24 16:00:10+00:00,2017-01-25 04:02:22+00:00,629,12.036666666666667,2.783147853736089,3.6046151784611298,9.8,21.31001,-157.86839,21.31,-157.86837,0.2368839427662957,43.247397082099894,0,11.868333333333334,1,,,,,,,,证据缺失_无吃水数据
367310240_13,367310240,NOHO-LOA,Industrial Vessel,2017-01-25 15:54:28+00:00,2017-01-26 00:46:53+00:00,346,8.873611111111112,4.621387283236994,4.185378875410967,9.8,21.31001,-157.8684,21.32274,-158.1139,0.315028901734104,34.2471882510196,0,39.341944444444444,1,,,,,,,,证据缺失_无吃水数据
367310240_14,367310240,NOHO-LOA,Industrial Vessel,2017-01-27 16:07:24+00:00,2017-01-28 00:04:08+00:00,282,7.945555555555556,3.925886524822695,4.17648945382316,9.3,21.3238,-158.11273,21.31,-157.8683,0.5106382978723404,20.182673090696326,0,,0,,,,,,,,证据缺失_无吃水数据
367310240_2,367310240,NOHO-LOA,Industrial Vessel,2017-01-09 15:56:00+00:00,2017-01-11 03:21:26+00:00,1350,35.42388888888889,2.4632592592592593,3.4480597631012593,9.4,21.31003,-157.86809,21.31037,-157.86587,0.42444444444444446,29.377405474222424,0,12.911666666666667,1,,,,,,,,证据缺失_无吃水数据
367310240_3,367310240,NOHO-LOA,Industrial Vessel,2017-01-11 16:16:08+00:00,2017-01-12 03:59:22+00:00,437,11.720555555555556,3.6752860411899317,3.844969634352618,9.1,21.31042,-157.86594,21.31034,-157.86587,0.2494279176201373,36.68625186675237,0,12.035277777777777,1,,,,,,,,证据缺失_无吃水数据
367310240_4,367310240,NOHO-LOA,Industrial Vessel,2017-01-12 16:01:29+00:00,2017-01-13 04:10:00+00:00,640,12.141944444444444,4.3198437499999995,3.9779670936006917,9.8,21.3104,-157.86588,21.31001,-157.86825,0.303125,31.37416495475208,0,12.129166666666666,1,,,,,,,,证据缺失_无吃水数据
367310240_5,367310240,NOHO-LOA,Industrial Vessel,2017-01-13 16:17:45+00:00,2017-01-14 04:13:13+00:00,420,11.924444444444445,3.723333333333333,4.03708091016994,10.2,21.30996,-157.86829,21.31004,-157.86822,0.29523809523809524,25.154745282311936,0,11.798333333333334,1,,,,,,,,证据缺失_无吃水数据
367310240_6,367310240,NOHO-LOA,Industrial Vessel,2017-01-14 16:01:07+00:00,2017-01-15 03:56:41+00:00,439,11.926111111111112,3.6799544419134396,4.135188013451807,10.3,21.31005,-157.86822,21.31002,-157.86827,0.36446469248291574,42.040135242066334,0,16.41611111111111,1,,,,,,,,证据缺失_无吃水数据
367310240_7,367310240,NOHO-LOA,Industrial Vessel,2017-01-15 20:21:39+00:00,2017-01-16 07:22:49+00:00,583,11.019444444444444,2.786106346483705,3.8455037925120097,10.2,21.31002,-157.86813,21.3103,-157.86599,0.42710120068610635,39.66909214502081,0,37.6475,1,,,,,,,,证据缺失_无吃水数据
367310240_8,367310240,NOHO-LOA,Industrial Vessel,2017-01-17 21:01:40+00:00,2017-01-18 02:26:06+00:00,96,5.407222222222222,0.08229166666666667,0.045871196481742954,0.2,21.31034,-157.86604,21.31034,-157.86603,1.0,22.219368839454916,0,13.53888888888889,1,,,,,,,,证据缺失_无吃水数据
367310240_9,367310240,NOHO-LOA,Industrial Vessel,2017-01-18 15:58:26+00:00,2017-01-19 03:52:13+00:00,523,11.89638888888889,4.895602294455067,4.04946897925408,10.1,21.31035,-157.86603,21.31004,-157.86835,0.24091778202676864,39.484333581997866,0,12.211388888888889,1,,,,,,,,证据缺失_无吃水数据
367320820_1,367320820,KELLY ANN,Fishing,2017-01-07 22:28:46+00:00,2017-01-08 01:03:03+00:00,126,2.571388888888889,8.046825396825396,1.6900502481493977,9.5,21.3164,-157.87723,21.27673,-158.18131,0.023809523809523808,11.260060619787549,0,281.1536111111111,1,,,,,,,,证据缺失_无吃水数据
367320820_2,367320820,KELLY ANN,Fishing,2017-01-19 18:12:16+00:00,2017-01-20 19:38:17+00:00,737,25.433611111111112,4.783310719131615,3.492500646152669,9.6,20.01926,-158.89674,21.31626,-157.87885,0.3147896879240163,18.64335912270486,1,99.27833333333334,3,,,,,,,,证据缺失_无吃水数据
367320820_3,367320820,KELLY ANN,Fishing,2017-01-24 22:54:59+00:00,2017-01-24 23:48:37+00:00,43,0.8938888888888888,7.569767441860465,0.89616507931905,8.5,21.31395,-157.87901,21.25204,-157.95073,0.0,13.505049814770004,0,,0,,,,,,,,证据缺失_无吃水数据
367326060_1,367326060,SURF RIDE,Pleasure Craft/Sailing,2017-01-01 23:34:53+00:00,2017-01-02 05:01:31+00:00,165,5.443888888888889,3.3363636363636364,2.332043250160863,6.8,21.28706,-157.84293,21.28701,-157.84296,0.2909090909090909,63.630442616662656,0,92.24555555555555,1,,,,,,,,证据缺失_无吃水数据
367326060_2,367326060,SURF RIDE,Pleasure Craft/Sailing,2017-01-06 01:16:15+00:00,2017-01-06 01:34:15+00:00,7,0.3,0.014285714285714287,0.03779644730092272,0.1,21.28704,-157.84299,21.28701,-157.84297,1.0,0.0,0,24.826666666666668,1,,,,,,,,证据缺失_无吃水数据
367326060_3,367326060,SURF RIDE,Pleasure Craft/Sailing,2017-01-07 02:23:51+00:00,2017-01-07 09:03:58+00:00,181,6.668611111111111,1.8414364640883978,1.664196880913061,5.4,21.28703,-157.84296,21.287,-157.84294,0.39226519337016574,33.19703661809987,0,,0,,,,,,,,证据缺失_无吃水数据
367330610_1,367330610,DESTINY,Fishing,2017-01-01 00:00:44+00:00,2017-01-14 05:04:18+00:00,6441,317.05944444444447,0.6650675360968793,2.0008305804696485,8.2,21.31686,-157.8772,19.13309,-159.64248,0.8989287377736377,12.883015117202914,0,4.808611111111111,4,,,,,,,,证据缺失_无吃水数据
367331770_1,367331770,MAUI PRINCESS,Passenger,2017-01-01 02:31:15+00:00,2017-01-01 07:51:57+00:00,127,5.345,3.55748031496063,1.5450134681202348,8.9,20.86265,-156.67889,20.86295,-156.67934,0.047244094488188976,30.58307510984798,2,18.311944444444446,4,,,,,,,,证据缺失_无吃水数据
367331770_10,367331770,MAUI PRINCESS,Passenger,2017-01-09 20:51:36+00:00,2017-01-10 07:35:11+00:00,102,10.72638888888889,6.627450980392157,2.724082436589551,9.5,20.86277,-156.67868,20.86288,-156.67886,0.06862745098039216,36.658402978183474,1,19.376944444444444,3,,,,,,,,证据缺失_无吃水数据
367331770_11,367331770,MAUI PRINCESS,Passenger,2017-01-11 02:57:48+00:00,2017-01-11 07:49:07+00:00,109,4.855277777777777,6.536697247706422,2.486171404003542,10.9,20.8699,-156.68036,20.86306,-156.67892,0.03669724770642202,36.01184221209019,0,19.19,2,,,,,,,,证据缺失_无吃水数据
367331770_12,367331770,MAUI PRINCESS,Passenger,2017-01-12 03:00:31+00:00,2017-01-12 07:28:53+00:00,99,4.472777777777778,6.002020202020202,2.3891327005447405,9.4,20.87201,-156.67892,20.86301,-156.67911,0.10101010101010101,30.45645185686699,0,11.870833333333334,3,,,,,,,,证据缺失_无吃水数据
367331770_13,367331770,MAUI PRINCESS,Passenger,2017-01-12 19:21:08+00:00,2017-01-13 06:37:14+00:00,236,11.268333333333333,6.536016949152542,3.6721168200558423,11.7,20.86915,-156.68159,20.86308,-156.67906,0.0635593220338983,49.64109785357675,2,33.93472222222222,4,,,,,,,,证据缺失_无吃水数据
367331770_14,367331770,MAUI PRINCESS,Passenger,2017-01-14 16:33:19+00:00,2017-01-15 01:05:05+00:00,244,8.529444444444444,5.617622950819673,2.9651155754485163,10.3,20.86295,-156.67884,20.86277,-156.67881,0.03278688524590164,41.648418352728385,0,50.52722222222222,3,,,,,,,,证据缺失_无吃水数据
367331770_15,367331770,MAUI PRINCESS,Passenger,2017-01-17 03:36:43+00:00,2017-01-17 07:15:04+00:00,93,3.6391666666666667,3.538709677419355,1.2679178633787347,6.2,20.86222,-156.68412,20.86311,-156.67923,0.021505376344086023,34.62020660261628,1,12.497777777777777,2,,,,,,,,证据缺失_无吃水数据
367331770_16,367331770,MAUI PRINCESS,Passenger,2017-01-17 19:44:56+00:00,2017-01-18 07:16:57+00:00,206,11.533611111111112,6.080582524271844,2.858468232221576,10.9,20.87052,-156.68036,20.86307,-156.67901,0.05339805825242718,43.0525513129899,0,19.560833333333335,3,,,,,,,,证据缺失_无吃水数据
367331770_17,367331770,MAUI PRINCESS,Passenger,2017-01-19 02:50:36+00:00,2017-01-19 06:55:28+00:00,31,4.081111111111111,5.112903225806452,2.046744070547801,8.6,20.86928,-156.68081,20.86426,-156.6791,0.03225806451612903,60.22317650627328,4,19.934166666666666,4,,,,,,,,证据缺失_无吃水数据
367331770_18,367331770,MAUI PRINCESS,Passenger,2017-01-20 02:51:31+00:00,2017-01-20 08:05:52+00:00,79,5.239166666666667,5.9949367088607595,2.424654283269838,9.0,20.87042,-156.68032,20.863,-156.67892,0.05063291139240506,48.11020724640501,1,18.70638888888889,3,,,,,,,,证据缺失_无吃水数据
367331770_19,367331770,MAUI PRINCESS,Passenger,2017-01-21 02:48:15+00:00,2017-01-21 07:00:37+00:00,108,4.206111111111111,6.200925925925926,1.8516724125594441,10.4,20.87044,-156.68046,20.86293,-156.67921,0.037037037037037035,24.36402530675706,1,43.549166666666665,3,,,,,,,,证据缺失_无吃水数据
367331770_2,367331770,MAUI PRINCESS,Passenger,2017-01-02 02:10:40+00:00,2017-01-02 07:58:46+00:00,133,5.801666666666667,4.7368421052631575,2.2604127299519594,10.1,20.85927,-156.68239,20.86316,-156.6792,0.03007518796992481,24.311177543959218,1,18.1575,2,,,,,,,,证据缺失_无吃水数据
367331770_20,367331770,MAUI PRINCESS,Passenger,2017-01-23 02:33:34+00:00,2017-01-23 06:57:19+00:00,101,4.395833333333333,3.8465346534653464,1.587675304111999,9.2,20.86291,-156.67913,20.86331,-156.67915,0.019801980198019802,40.45669652776156,2,20.613611111111112,3,,,,,,,,证据缺失_无吃水数据
367331770_21,367331770,MAUI PRINCESS,Passenger,2017-01-24 03:34:08+00:00,2017-01-24 07:12:09+00:00,96,3.633611111111111,4.432291666666667,1.8325992350048472,8.4,20.86644,-156.68668,20.8632,-156.67903,0.0625,25.960779143766075,1,19.815555555555555,2,,,,,,,,证据缺失_无吃水数据
367331770_22,367331770,MAUI PRINCESS,Passenger,2017-01-25 03:01:05+00:00,2017-01-25 07:08:29+00:00,139,4.123333333333333,5.324460431654677,2.6589700993740104,10.7,20.86483,-156.69194,20.86309,-156.67918,0.06474820143884892,34.74272954772741,0,19.754444444444445,1,,,,,,,,证据缺失_无吃水数据
367331770_23,367331770,MAUI PRINCESS,Passenger,2017-01-26 02:53:45+00:00,2017-01-26 07:11:38+00:00,88,4.298055555555556,4.703409090909091,1.5028286634345727,8.7,20.87077,-156.68021,20.86314,-156.67904,0.03409090909090909,29.03779183612263,1,19.04888888888889,3,,,,,,,,证据缺失_无吃水数据
367331770_24,367331770,MAUI PRINCESS,Passenger,2017-01-27 02:14:34+00:00,2017-01-27 07:16:46+00:00,98,5.036666666666667,3.673469387755102,1.259319978532692,7.6,20.86324,-156.67867,20.86312,-156.67908,0.061224489795918366,34.875495445371634,0,19.555,3,,,,,,,,证据缺失_无吃水数据
367331770_25,367331770,MAUI PRINCESS,Passenger,2017-01-28 02:50:04+00:00,2017-01-28 06:32:52+00:00,75,3.7133333333333334,5.465333333333333,2.0768670098435713,9.8,20.87066,-156.6805,20.86313,-156.67915,0.06666666666666667,42.694328941980075,1,15.56861111111111,2,,,,,,,,证据缺失_无吃水数据
367331770_26,367331770,MAUI PRINCESS,Passenger,2017-01-28 22:06:59+00:00,2017-01-29 08:00:13+00:00,292,9.887222222222222,5.163356164383562,3.2299702162399138,10.5,20.86859,-156.68038,20.86319,-156.67908,0.14383561643835616,46.50510758657397,0,39.90361111111111,1,,,,,,,,证据缺失_无吃水数据
367331770_27,367331770,MAUI PRINCESS,Passenger,2017-01-30 23:54:26+00:00,2017-01-31 06:57:10+00:00,152,7.045555555555556,4.34671052631579,2.851557440448964,9.7,20.86334,-156.67902,20.86325,-156.67915,0.2565789473684211,37.45862170389949,0,12.704444444444444,1,,,,,,,,证据缺失_无吃水数据
367331770_28,367331770,MAUI PRINCESS,Passenger,2017-01-31 19:39:26+00:00,2017-01-31 23:59:40+00:00,149,4.3372222222222225,5.373154362416107,3.392273232726206,12.1,20.86911,-156.68102,20.86333,-156.68854,0.04697986577181208,55.36057849595241,0,,0,,,,,,,,证据缺失_无吃水数据
367331770_3,367331770,MAUI PRINCESS,Passenger,2017-01-03 02:08:13+00:00,2017-01-03 06:47:03+00:00,102,4.647222222222222,6.462745098039216,3.7938439340288923,13.3,20.86106,-156.67997,20.86312,-156.67919,0.0392156862745098,37.065215232047684,1,20.2525,3,,,,,,,,证据缺失_无吃水数据
367331770_4,367331770,MAUI PRINCESS,Passenger,2017-01-04 03:02:12+00:00,2017-01-04 06:58:51+00:00,91,3.944166666666667,4.638461538461539,2.652661943146051,13.3,20.87057,-156.68069,20.86294,-156.67914,0.01098901098901099,44.885794056860085,1,20.80666666666667,3,,,,,,,,证据缺失_无吃水数据
367331770_5,367331770,MAUI PRINCESS,Passenger,2017-01-05 03:47:15+00:00,2017-01-05 07:36:03+00:00,51,3.8133333333333335,5.7333333333333325,3.348711194872837,12.7,20.8656,-156.69469,20.86324,-156.67923,0.0392156862745098,57.523239988508216,1,19.128333333333334,3,,,,,,,,证据缺失_无吃水数据
367331770_6,367331770,MAUI PRINCESS,Passenger,2017-01-06 02:43:45+00:00,2017-01-06 07:09:09+00:00,91,4.423333333333333,4.84945054945055,1.8921694560227027,9.9,20.87043,-156.68015,20.86265,-156.67882,0.03296703296703297,32.52986007508132,1,19.77,3,,,,,,,,证据缺失_无吃水数据
367331770_7,367331770,MAUI PRINCESS,Passenger,2017-01-07 02:55:21+00:00,2017-01-07 06:59:38+00:00,90,4.0713888888888885,6.866666666666666,1.264022471710358,8.3,20.86963,-156.68221,20.86273,-156.67909,0.011111111111111112,28.961984787289754,1,19.92,2,,,,,,,,证据缺失_无吃水数据
367331770_8,367331770,MAUI PRINCESS,Passenger,2017-01-08 02:54:50+00:00,2017-01-08 07:21:31+00:00,94,4.4447222222222225,6.192553191489362,2.077800706687274,10.2,20.87051,-156.6803,20.86301,-156.67895,0.05319148936170213,38.72700886359895,1,18.638333333333332,4,,,,,,,,证据缺失_无吃水数据
367331770_9,367331770,MAUI PRINCESS,Passenger,2017-01-09 01:59:49+00:00,2017-01-09 07:25:04+00:00,109,5.420833333333333,6.910091743119266,3.0371448871562476,10.3,20.86353,-156.67899,20.86307,-156.67912,0.11926605504587157,34.78982928036398,1,13.442222222222222,3,,,,,,,,证据缺失_无吃水数据
367338850_1,367338850,LAURA ANN,Fishing,2017-01-01 00:00:44+00:00,2017-01-02 22:44:16+00:00,1118,46.72555555555556,3.028443649373882,3.729779922985167,8.9,21.31654,-157.87825,22.36845,-158.65003,0.5983899821109123,30.517602873671603,1,41.22222222222222,1,,,,,,,,证据缺失_无吃水数据
367338850_2,367338850,LAURA ANN,Fishing,2017-01-04 15:57:36+00:00,2017-01-12 05:28:52+00:00,4106,181.5211111111111,2.084997564539698,3.394241589563912,9.9,22.56925,-158.76139,22.404,-158.62402,0.7169995129079396,68.38246147620852,0,408.5155555555556,1,,,,,,,,证据缺失_无吃水数据
367338850_3,367338850,LAURA ANN,Fishing,2017-01-29 05:59:48+00:00,2017-01-31 23:58:34+00:00,1608,65.97944444444444,2.8662935323383083,3.879064250341568,10.6,22.66844,-158.65916,21.31672,-157.87951,0.6355721393034826,60.03678662306403,0,,0,,,,,,,,证据缺失_无吃水数据
367341510_1,367341510,SYLVIA,Fishing,2017-01-10 17:26:02+00:00,2017-01-11 17:57:24+00:00,1091,24.522777777777776,4.244912923923006,1.1344235357510197,7.7,22.39121,-158.77042,21.31624,-157.87919,0.016498625114573784,19.0542874896058,0,8.086388888888889,1,,,,,,,,证据缺失_无吃水数据
367341510_2,367341510,SYLVIA,Fishing,2017-01-12 02:02:35+00:00,2017-01-12 19:12:04+00:00,344,17.158055555555556,0.0,0.0,0.0,21.3164,-157.87911,21.31641,-157.8791,1.0,1.5982497715818762,0,173.7836111111111,1,,,,,,,,证据缺失_无吃水数据
367341510_3,367341510,SYLVIA,Fishing,2017-01-20 00:59:05+00:00,2017-01-20 17:42:56+00:00,741,16.730833333333333,6.625371120107962,0.5759633797269116,8.1,21.31359,-157.86687,22.74309,-158.27209,0.0,8.26407734823338,0,,0,,,,,,,,证据缺失_无吃水数据
367343000_1,367343000,CAPT GREG,Fishing,2017-01-01 00:00:10+00:00,2017-01-08 17:32:37+00:00,4102,185.54083333333332,1.1329351535836178,2.4764602790015697,8.8,21.317,-157.87757,22.63864,-157.86417,0.8237445148707947,5.757478003303952,0,484.5441666666667,1,,,,,,,,证据缺失_无吃水数据
367343000_2,367343000,CAPT GREG,Fishing,2017-01-28 22:05:16+00:00,2017-01-31 23:57:40+00:00,1837,73.87333333333333,2.6802939575394666,3.526691457563793,10.1,22.75613,-158.89348,21.3166,-157.87806,0.6249319542732716,8.32060079529004,0,,0,,,,,,,,证据缺失_无吃水数据
367359000_1,367359000,SEA GODDESS,Fishing,2017-01-12 12:33:45+00:00,2017-01-22 01:58:52+00:00,4610,229.41861111111112,1.6943383947939261,3.046598472845019,8.9,20.04178,-159.09064,20.34955,-159.00453,0.7704989154013016,10.163361180985671,0,0.6336111111111111,1,,,,,,,,证据缺失_无吃水数据
367370380_1,367370380,SEA PEARL,Fishing,2017-01-04 07:27:09+00:00,2017-01-08 01:44:42+00:00,1796,90.2925,1.276336302895323,2.8183999780267115,8.6,21.44702,-157.58553,21.27834,-157.50345,0.8262806236080178,22.130869190749976,0,5.795555555555556,1,,,,,,,,证据缺失_无吃水数据
367379890_1,367379890,DISCOVERY,Passenger,2017-01-01 00:00:01+00:00,2017-01-01 03:07:28+00:00,164,3.1241666666666665,3.0213414634146343,4.069258765560667,12.7,21.28043,-157.83817,21.31035,-157.87135,0.4817073170731707,41.47608854055672,0,13.561666666666667,1,,,,,,,,证据缺失_无吃水数据
367379890_10,367379890,DISCOVERY,Passenger,2017-01-09 16:21:08+00:00,2017-01-10 03:22:52+00:00,580,11.028888888888888,2.840344827586207,4.238383684135448,14.0,21.31029,-157.87131,21.31033,-157.87134,0.5620689655172414,39.76338784818922,0,13.453611111111112,1,,,,,,,,证据缺失_无吃水数据
367379890_11,367379890,DISCOVERY,Passenger,2017-01-10 16:50:05+00:00,2017-01-11 02:26:09+00:00,499,9.601111111111111,3.08376753507014,4.355529771731323,13.8,21.31029,-157.87133,21.31033,-157.87133,0.5350701402805611,50.08498839573094,0,14.153333333333334,1,,,,,,,,证据缺失_无吃水数据
367379890_12,367379890,DISCOVERY,Passenger,2017-01-11 16:35:21+00:00,2017-01-12 03:37:13+00:00,580,11.03111111111111,2.962068965517241,4.117506648077532,13.7,21.3103,-157.87133,21.31029,-157.87134,0.5155172413793103,37.98507241817129,0,12.620833333333334,1,,,,,,,,证据缺失_无吃水数据
367379890_13,367379890,DISCOVERY,Passenger,2017-01-12 16:14:28+00:00,2017-01-13 03:33:23+00:00,595,11.315277777777778,2.8534453781512603,4.135446762753329,13.5,21.31029,-157.87133,21.31029,-157.87134,0.5411764705882353,38.70496648994528,0,12.509444444444444,1,,,,,,,,证据缺失_无吃水数据
367379890_14,367379890,DISCOVERY,Passenger,2017-01-13 16:03:57+00:00,2017-01-14 03:28:21+00:00,598,11.406666666666666,2.8683946488294314,4.224097865658983,14.7,21.31029,-157.87133,21.31029,-157.87133,0.5635451505016722,51.91935703708591,0,13.0725,1,,,,,,,,证据缺失_无吃水数据
367379890_15,367379890,DISCOVERY,Passenger,2017-01-14 16:32:42+00:00,2017-01-15 03:40:02+00:00,566,11.122222222222222,4.97243816254417,5.371848948405746,14.1,21.31028,-157.87131,21.3103,-157.87133,0.3833922261484099,46.906449504802126,0,13.048055555555555,1,,,,,,,,证据缺失_无吃水数据
367379890_16,367379890,DISCOVERY,Passenger,2017-01-15 16:42:55+00:00,2017-01-16 03:38:53+00:00,575,10.932777777777778,3.3391304347826085,6.148200150954549,102.3,21.3103,-157.87134,21.31031,-157.87132,0.5252173913043479,44.0275933386809,0,13.047222222222222,1,,,,,,,,证据缺失_无吃水数据
367379890_17,367379890,DISCOVERY,Passenger,2017-01-16 16:41:43+00:00,2017-01-17 03:49:26+00:00,583,11.12861111111111,2.967066895368782,4.432542823688618,14.1,21.3103,-157.87135,21.3103,-157.87133,0.5523156089193825,39.8206171953006,0,12.419722222222223,1,,,,,,,,证据缺失_无吃水数据
367379890_18,367379890,DISCOVERY,Passenger,2017-01-17 16:14:37+00:00,2017-01-18 03:25:49+00:00,586,11.186666666666667,2.6721843003412973,4.15786693424626,13.7,21.31029,-157.87132,21.31031,-157.87134,0.6143344709897611,50.51065615492236,0,12.91638888888889,1,,,,,,,,证据缺失_无吃水数据
367379890_19,367379890,DISCOVERY,Passenger,2017-01-18 16:20:48+00:00,2017-01-19 03:21:34+00:00,511,11.012777777777778,3.034050880626223,4.218932007473053,14.9,21.31029,-157.87133,21.3103,-157.87134,0.5283757338551859,46.616967797785094,0,13.348611111111111,1,,,,,,,,证据缺失_无吃水数据
367379890_2,367379890,DISCOVERY,Passenger,2017-01-01 16:41:10+00:00,2017-01-02 03:55:00+00:00,591,11.230555555555556,3.0032148900169204,4.3408161170704505,13.5,21.31032,-157.87129,21.31031,-157.87133,0.5008460236886633,45.023828045947226,0,12.73638888888889,1,,,,,,,,证据缺失_无吃水数据
367379890_20,367379890,DISCOVERY,Passenger,2017-01-19 16:42:29+00:00,2017-01-20 03:50:02+00:00,581,11.125833333333333,3.0975903614457834,6.072566438430151,102.3,21.31031,-157.87135,21.31032,-157.87132,0.5869191049913941,47.30034115858007,0,13.000555555555556,1,,,,,,,,证据缺失_无吃水数据
367379890_21,367379890,DISCOVERY,Passenger,2017-01-20 16:50:04+00:00,2017-01-21 04:05:41+00:00,590,11.260277777777778,2.9593220338983053,4.338191381576075,13.9,21.3103,-157.87135,21.31032,-157.87133,0.5322033898305085,40.903371837819165,0,12.25611111111111,1,,,,,,,,证据缺失_无吃水数据
367379890_22,367379890,DISCOVERY,Passenger,2017-01-21 16:21:03+00:00,2017-01-22 03:26:11+00:00,582,11.085555555555555,2.8597938144329897,4.323907675031834,13.8,21.3103,-157.87134,21.3103,-157.87133,0.5773195876288659,37.226104520829395,0,12.979166666666666,1,,,,,,,,证据缺失_无吃水数据
367379890_23,367379890,DISCOVERY,Passenger,2017-01-22 16:24:56+00:00,2017-01-23 03:41:10+00:00,586,11.270555555555555,2.7493174061433447,4.236985044617445,13.6,21.3103,-157.87135,21.3103,-157.87133,0.5819112627986348,40.66163405350531,0,13.054722222222223,1,,,,,,,,证据缺失_无吃水数据
367379890_24,367379890,DISCOVERY,Passenger,2017-01-23 16:44:27+00:00,2017-01-23 17:15:36+00:00,28,0.5191666666666667,0.0071428571428571435,0.026226526415648106,0.1,21.31031,-157.87133,21.31031,-157.87133,1.0,30.82288527069224,0,24.101111111111113,1,,,,,,,,证据缺失_无吃水数据
367379890_25,367379890,DISCOVERY,Passenger,2017-01-24 17:21:40+00:00,2017-01-25 03:26:01+00:00,519,10.0725,3.168015414258189,4.4371172804400505,13.9,21.3103,-157.87133,21.31031,-157.87132,0.51252408477842,41.85898232944063,0,13.3425,1,,,,,,,,证据缺失_无吃水数据
367379890_26,367379890,DISCOVERY,Passenger,2017-01-25 16:46:34+00:00,2017-01-26 03:36:28+00:00,568,10.831666666666667,3.1609154929577468,4.445518188538573,14.3,21.31033,-157.87135,21.31031,-157.87132,0.4964788732394366,41.694605648944425,0,12.72888888888889,1,,,,,,,,证据缺失_无吃水数据
367379890_27,367379890,DISCOVERY,Passenger,2017-01-26 16:20:12+00:00,2017-01-27 03:52:39+00:00,602,11.540833333333333,2.7330564784053157,4.192012088629301,13.8,21.31029,-157.87133,21.31032,-157.8713,0.5564784053156147,42.155110919016266,0,12.617777777777778,1,,,,,,,,证据缺失_无吃水数据
367379890_28,367379890,DISCOVERY,Passenger,2017-01-27 16:29:43+00:00,2017-01-28 06:24:16+00:00,687,13.909166666666666,2.9592430858806407,4.006223075784898,14.4,21.31033,-157.87134,21.31029,-157.87132,0.4468704512372635,55.06400217368304,0,10.190833333333334,1,,,,,,,,证据缺失_无吃水数据
367379890_29,367379890,DISCOVERY,Passenger,2017-01-28 16:35:43+00:00,2017-01-29 03:36:07+00:00,567,11.006666666666666,2.7447971781305114,4.276383943466194,13.7,21.31032,-157.87134,21.3103,-157.87131,0.5661375661375662,43.5319363137081,0,13.161388888888888,1,,,,,,,,证据缺失_无吃水数据
367379890_3,367379890,DISCOVERY,Passenger,2017-01-02 16:39:11+00:00,2017-01-03 03:45:40+00:00,583,11.108055555555556,2.9643224699828474,4.35549538480265,13.9,21.31032,-157.87128,21.31031,-157.87133,0.548885077186964,51.62705844888813,0,13.659722222222221,1,,,,,,,,证据缺失_无吃水数据
367379890_30,367379890,DISCOVERY,Passenger,2017-01-29 16:45:48+00:00,2017-01-30 03:47:03+00:00,579,11.020833333333334,3.1898100172711574,4.529509143166724,14.1,21.31033,-157.87132,21.31031,-157.8713,0.47322970639032813,48.9642593374729,0,12.956111111111111,1,,,,,,,,证据缺失_无吃水数据
367379890_31,367379890,DISCOVERY,Passenger,2017-01-30 16:44:25+00:00,2017-01-31 03:29:59+00:00,548,10.759444444444444,3.093978102189781,4.318551903625723,14.0,21.31034,-157.87133,21.3103,-157.8713,0.48722627737226276,43.106014484158315,0,13.011388888888888,1,,,,,,,,证据缺失_无吃水数据
367379890_32,367379890,DISCOVERY,Passenger,2017-01-31 16:30:40+00:00,2017-01-31 17:11:19+00:00,36,0.6775,0.0,0.0,0.0,21.3103,-157.87135,21.31031,-157.87133,1.0,62.63309754086115,0,,0,,,,,,,,证据缺失_无吃水数据
367379890_4,367379890,DISCOVERY,Passenger,2017-01-03 17:25:15+00:00,2017-01-04 03:20:52+00:00,523,9.926944444444445,2.622944550669216,4.234483657945782,13.9,21.31029,-157.87134,21.31047,-157.87129,0.5965583173996176,56.02770111231131,0,13.365833333333333,1,,,,,,,,证据缺失_无吃水数据
367379890_5,367379890,DISCOVERY,Passenger,2017-01-04 16:42:49+00:00,2017-01-05 03:32:17+00:00,568,10.824444444444444,3.0139084507042253,4.438976820004266,13.6,21.31027,-157.87136,21.31032,-157.87132,0.5580985915492958,44.97342946438345,0,13.300833333333333,1,,,,,,,,证据缺失_无吃水数据
367379890_6,367379890,DISCOVERY,Passenger,2017-01-05 16:50:20+00:00,2017-01-06 03:30:38+00:00,556,10.671666666666667,3.100359712230216,4.276531373799881,13.5,21.31029,-157.87135,21.31031,-157.87133,0.5089928057553957,47.63916000116036,0,13.14611111111111,1,,,,,,,,证据缺失_无吃水数据
367379890_7,367379890,DISCOVERY,Passenger,2017-01-06 16:39:24+00:00,2017-01-07 03:22:53+00:00,561,10.724722222222223,3.193048128342246,5.940127296570773,102.3,21.31028,-157.87135,21.31031,-157.87133,0.5240641711229946,41.45937628488906,0,13.309722222222222,1,,,,,,,,证据缺失_无吃水数据
367379890_8,367379890,DISCOVERY,Passenger,2017-01-07 16:41:28+00:00,2017-01-08 03:38:06+00:00,575,10.943888888888889,2.8855652173913042,4.363123539756619,13.7,21.31028,-157.87134,21.31032,-157.87134,0.5739130434782609,51.96527747416619,0,12.751666666666667,1,,,,,,,,证据缺失_无吃水数据
367379890_9,367379890,DISCOVERY,Passenger,2017-01-08 16:23:12+00:00,2017-01-09 03:20:33+00:00,570,10.955833333333333,2.6766666666666667,4.12706776563224,13.5,21.3103,-157.8713,21.31031,-157.87137,0.5754385964912281,38.3056171955614,0,13.009722222222223,1,,,,,,,,证据缺失_无吃水数据
367387110_1,367387110,CAPT DAVIS,Fishing,2017-01-20 07:28:35+00:00,2017-01-21 05:28:41+00:00,806,22.001666666666665,7.0370967741935475,1.7899237661866436,9.1,21.91948,-155.40776,21.31623,-157.87904,0.052109181141439205,8.459679646564963,0,116.665,1,,,,,,,,证据缺失_无吃水数据
367387110_2,367387110,CAPT DAVIS,Fishing,2017-01-26 02:08:35+00:00,2017-01-27 22:59:28+00:00,883,44.848055555555554,0.06240090600226501,0.520238596577371,5.1,21.31659,-157.87937,21.31272,-157.86637,0.984144960362401,7.591935119727146,0,,0,,,,,,,,证据缺失_无吃水数据
367396870_1,367396870,PACIFIC REFLECTION,Fishing,2017-01-13 00:08:47+00:00,2017-01-19 09:37:30+00:00,3290,153.47861111111112,2.180303951367781,2.9404830846426937,8.6,22.2693,-157.07391,23.10423,-158.36799,0.629483282674772,13.984843718152511,0,1.8002777777777779,5,,,,,,,,证据缺失_无吃水数据
367403980_1,367403980,DOUBLE D,Fishing,2017-01-01 00:01:49+00:00,2017-01-11 10:10:03+00:00,4792,250.13722222222222,0.7222662771285475,1.903301802569866,7.3,21.31614,-157.87864,22.42413,-157.37084,0.8797996661101837,18.956024640633167,1,14.9225,2,,,,,,,,证据缺失_无吃水数据
367403980_2,367403980,DOUBLE D,Fishing,2017-01-12 01:05:24+00:00,2017-01-12 15:34:09+00:00,126,14.479166666666666,2.9761904761904763,1.815419668128714,6.0,23.70306,-157.18124,23.19605,-157.39149,0.06349206349206349,40.301562236589255,0,97.09138888888889,5,,,,,,,,证据缺失_无吃水数据
367403980_3,367403980,DOUBLE D,Fishing,2017-01-16 16:39:38+00:00,2017-01-16 18:24:39+00:00,18,1.7502777777777778,3.8499999999999996,0.9877187025130779,5.5,23.15504,-157.60946,23.1446,-157.49149,0.0,40.71868789779022,0,6.098055555555556,2,,,,,,,,证据缺失_无吃水数据
367403980_4,367403980,DOUBLE D,Fishing,2017-01-17 00:30:32+00:00,2017-01-18 17:55:44+00:00,338,41.42,2.134023668639053,1.4325370491070186,6.0,23.58846,-157.49844,23.29448,-158.37053,0.05917159763313609,32.06885568390221,0,49.690555555555555,11,,,,,,,,证据缺失_无吃水数据
367403980_5,367403980,DOUBLE D,Fishing,2017-01-20 19:37:10+00:00,2017-01-29 06:44:32+00:00,3946,203.12277777777777,1.142093258996452,2.4896662630387203,8.6,22.66179,-158.467,21.31617,-157.87859,0.8271667511403953,10.367933621443022,0,25.499444444444446,3,,,,,,,,证据缺失_无吃水数据
367403980_6,367403980,DOUBLE D,Fishing,2017-01-30 08:14:30+00:00,2017-01-31 23:59:30+00:00,686,39.75,0.012536443148688046,0.03357498610358442,0.2,21.31618,-157.87858,21.31619,-157.87858,1.0,8.451199737873527,0,,0,,,,,,,,证据缺失_无吃水数据
367416420_1,367416420,FREEDOM,Tug Tow,2017-01-01 00:00:00+00:00,2017-01-17 19:11:55+00:00,21210,403.1986111111111,0.7292314945780293,2.419674886885317,13.5,21.31012,-157.86912,21.31008,-157.8691,0.8944837340876944,60.10054686352701,0,6.364444444444445,1,,,,,,,,证据缺失_无吃水数据
367416420_2,367416420,FREEDOM,Tug Tow,2017-01-18 01:33:47+00:00,2017-01-19 07:46:27+00:00,918,30.211111111111112,1.6649237472766885,2.726206784030457,9.8,21.31011,-157.86915,21.31004,-157.86915,0.6601307189542484,56.21207312173768,0,11.911944444444444,3,,,,,,,,证据缺失_无吃水数据
367416420_3,367416420,FREEDOM,Tug Tow,2017-01-19 19:41:10+00:00,2017-01-22 07:24:19+00:00,3116,59.719166666666666,0.6594030808729139,1.7999763231660566,12.7,21.31008,-157.86916,21.31006,-157.86915,0.8321566110397947,63.88088230753635,0,8.31638888888889,1,,,,,,,,证据缺失_无吃水数据
367416420_4,367416420,FREEDOM,Tug Tow,2017-01-22 15:43:18+00:00,2017-01-22 18:15:07+00:00,133,2.5302777777777776,1.1781954887218045,2.0754823588989395,8.3,21.31004,-157.86915,21.31007,-157.86916,0.6766917293233082,60.04982153503107,0,35.25555555555555,1,,,,,,,,证据缺失_无吃水数据
367416420_5,367416420,FREEDOM,Tug Tow,2017-01-24 05:30:27+00:00,2017-01-26 06:25:06+00:00,2207,48.910833333333336,0.8449478930675124,2.0607831923382873,11.0,21.31007,-157.86915,21.31005,-157.86915,0.8047122791119167,63.77565239564678,0,7.253333333333333,3,,,,,,,,证据缺失_无吃水数据
367416420_6,367416420,FREEDOM,Tug Tow,2017-01-26 13:40:18+00:00,2017-01-29 13:58:41+00:00,3551,72.30638888888889,1.8501548859476202,3.472308864321115,11.8,21.31019,-157.86917,21.31008,-157.86915,0.7186707969586033,57.41639521385228,0,11.817222222222222,2,,,,,,,,证据缺失_无吃水数据
367416420_7,367416420,FREEDOM,Tug Tow,2017-01-30 01:47:43+00:00,2017-01-30 09:21:16+00:00,411,7.559166666666667,1.8510948905109488,2.935072611932334,10.3,21.31009,-157.86914,21.3101,-157.86916,0.5936739659367397,68.45842698482814,0,10.714722222222223,1,,,,,,,,证据缺失_无吃水数据
367416420_8,367416420,FREEDOM,Tug Tow,2017-01-30 20:04:09+00:00,2017-01-31 06:12:20+00:00,539,10.136388888888888,0.6862708719851577,1.9037716450976632,10.2,21.31008,-157.86916,21.31005,-157.86915,0.8274582560296846,71.5169716054194,0,8.582222222222223,1,,,,,,,,证据缺失_无吃水数据
367416420_9,367416420,FREEDOM,Tug Tow,2017-01-31 14:47:16+00:00,2017-01-31 23:59:55+00:00,391,9.210833333333333,0.7693094629156011,2.0230287737379724,8.8,21.31006,-157.86917,21.31011,-157.86916,0.8286445012787724,69.54918056907695,0,1.7252777777777777,1,,,,,,,,证据缺失_无吃水数据
367416730_1,367416730,BELLA MARINA,Pleasure Craft/Sailing,2017-01-01 00:00:14+00:00,2017-01-02 05:54:14+00:00,798,29.9,1.7845864661654134,2.8126752924118943,29.1,21.32883,-158.11953,21.32861,-158.11991,0.2506265664160401,83.88122136478967,2,10.899722222222222,4,,,,,,,,证据缺失_无吃水数据
367416730_2,367416730,BELLA MARINA,Pleasure Craft/Sailing,2017-01-02 16:48:13+00:00,2017-01-04 08:18:16+00:00,1168,39.50083333333333,2.982705479452055,4.933681058174691,49.1,21.32926,-158.11939,21.32203,-158.11768,0.1309931506849315,91.08815018408292,4,6.299166666666666,9,,,,,,,,证据缺失_无吃水数据
367416730_3,367416730,BELLA MARINA,Pleasure Craft/Sailing,2017-01-04 14:36:13+00:00,2017-01-31 23:58:37+00:00,13809,657.3733333333333,0.378542979216453,1.3656752784466493,41.9,21.32421,-158.11851,21.32885,-158.11944,0.8479252661307842,46.39310007163728,5,3.391388888888889,6,,,,,,,,证据缺失_无吃水数据
367418820_1,367418820,CAPTAIN KENNETH,Fishing,2017-01-03 19:52:53+00:00,2017-01-13 10:07:01+00:00,5389,230.23555555555555,2.0832250881425125,3.4166152479871115,9.8,22.37126,-156.34058,22.4902,-158.11094,0.7227686027092225,9.991844405347521,0,10.9675,1,,,,,,,,证据缺失_无吃水数据
367418820_2,367418820,CAPTAIN KENNETH,Fishing,2017-01-13 21:05:04+00:00,2017-01-13 23:00:37+00:00,6,1.9258333333333333,7.6499999999999995,1.0597169433391167,9.0,23.38224,-157.27747,23.38639,-157.02171,0.0,9.744896100010507,0,49.041666666666664,3,,,,,,,,证据缺失_无吃水数据
367418820_3,367418820,CAPTAIN KENNETH,Fishing,2017-01-16 00:03:07+00:00,2017-01-16 22:41:29+00:00,106,22.639444444444443,7.483962264150943,1.5828327103767583,9.7,23.47941,-156.81947,23.92745,-156.78343,0.0,32.645613019984005,0,4.789722222222222,9,,,,,,,,证据缺失_无吃水数据
367419590_1,367419590,STARR,Pleasure Craft/Sailing,2017-01-11 18:39:56+00:00,2017-01-19 00:01:26+00:00,4426,173.35833333333332,1.063443289652056,2.536928394298933,9.8,21.28692,-157.84311,21.28696,-157.84313,0.8522367826479892,88.40714664127539,0,0.7183333333333334,1,,,,,,,,证据缺失_无吃水数据
367420170_1,367420170,TIRA LANI,Tug Tow,2017-01-01 00:00:00+00:00,2017-01-31 23:59:41+00:00,38617,743.9947222222222,0.6860605432840459,2.277496776729778,13.4,21.31021,-157.8711,21.27055,-157.94162,0.8923013180723516,58.41996465069025,0,0.6302777777777778,1,,,,,,,,证据缺失_无吃水数据
367433150_1,367433150,SEA DRAGON II,Fishing,2017-01-16 01:36:36+00:00,2017-01-22 10:03:09+00:00,3289,152.4425,2.3377318333840074,3.757867961736528,11.7,23.68025,-157.02827,19.69577,-157.98916,0.713590757069018,11.213136387869035,0,1.5855555555555556,8,,,,,,,,证据缺失_无吃水数据
367433780_1,367433780,STAR OF HONOLULU,Passenger,2017-01-01 00:01:18+00:00,2017-01-31 23:59:59+00:00,37747,743.9780555555556,1.5826396799745674,2.966712003882407,10.7,21.27686,-157.90011,21.26752,-157.88472,0.720957956923729,47.685497478891,0,0.5469444444444445,1,,,,,,,,证据缺失_无吃水数据
367438000_1,367438000,MAUNAWILI,Cargo,2017-01-15 16:42:40+00:00,2017-01-18 04:47:05+00:00,2501,60.07361111111111,8.361215513794482,9.248114140836249,20.0,22.32849,-155.11476,18.36783,-161.68586,0.5277888844462215,5.582187548760057,0,,0,2501.0,12.5,12.5,12.5,0.0,0.0,False,证据缺失_该船吃水字段不更新
367439730_1,367439730,LADY ANN MARGARET,Fishing,2017-01-01 00:01:30+00:00,2017-01-01 02:26:01+00:00,61,2.408611111111111,6.480327868852459,0.22046894878202034,6.9,21.23461,-158.14603,21.45127,-158.31044,0.0,3.8743233416858973,2,579.2711111111112,2,,,,,,,,证据缺失_无吃水数据
367439730_2,367439730,LADY ANN MARGARET,Fishing,2017-01-25 05:42:17+00:00,2017-01-31 23:56:07+00:00,4031,162.23055555555555,0.6068469362441081,2.0911162099732326,9.6,21.65623,-158.43723,21.31364,-157.86623,0.9196229223517738,21.866588157161456,0,2.8808333333333334,18,,,,,,,,证据缺失_无吃水数据
367442170_1,367442170,PARADISE 2002,Fishing,2017-01-19 04:16:16+00:00,2017-01-27 12:04:17+00:00,4064,199.80027777777778,2.1282480314960632,3.3390881250372124,9.9,23.42089,-159.09232,22.56361,-158.58471,0.7130905511811023,15.04288227494041,0,3.7911111111111113,3,,,,,,,,证据缺失_无吃水数据
367445940_1,367445940,QUEEN ALINA,Fishing,2017-01-06 03:40:27+00:00,2017-01-06 12:23:26+00:00,312,8.716388888888888,8.159935897435897,1.0992093017825286,10.4,22.07436,-157.27129,21.31645,-157.87938,0.00641025641025641,8.235222481926844,0,9.7675,1,,,,,,,,证据缺失_无吃水数据
367445940_2,367445940,QUEEN ALINA,Fishing,2017-01-06 22:09:29+00:00,2017-01-06 22:29:44+00:00,10,0.3375,0.77,1.0812030336620408,2.9,21.31645,-157.87937,21.31652,-157.87934,0.6,111.2741434476132,0,22.840555555555557,1,,,,,,,,证据缺失_无吃水数据
367445940_3,367445940,QUEEN ALINA,Fishing,2017-01-07 21:20:10+00:00,2017-01-07 22:45:06+00:00,31,1.4155555555555555,1.558064516129032,2.5836375124422784,7.0,21.31652,-157.87935,21.31364,-157.86597,0.7096774193548387,33.9895151176217,0,95.99694444444444,1,,,,,,,,证据缺失_无吃水数据
367445940_4,367445940,QUEEN ALINA,Fishing,2017-01-11 22:44:55+00:00,2017-01-12 09:20:25+00:00,411,10.591666666666667,8.399270072992701,1.3687717308860967,12.3,21.31371,-157.86596,22.38807,-158.25528,0.012165450121654502,10.623573253138424,0,135.2161111111111,1,,,,,,,,证据缺失_无吃水数据
367445940_5,367445940,QUEEN ALINA,Fishing,2017-01-18 00:33:23+00:00,2017-01-18 08:14:32+00:00,32,7.685833333333333,2.60625,1.7958621794953906,7.0,23.88978,-156.64717,24.04639,-156.9022,0.0,50.52958060511716,0,1.5083333333333333,5,,,,,,,,证据缺失_无吃水数据
367456380_1,367456380,MALI 'E KE KAI,Pleasure Craft/Sailing,2017-01-01 22:04:09+00:00,2017-01-02 02:04:11+00:00,136,4.000555555555556,3.6051470588235297,2.2438168490961066,7.5,21.28722,-157.8424,21.28722,-157.84241,0.22058823529411764,49.601033040830146,0,68.53166666666667,1,,,,,,,,证据缺失_无吃水数据
367456380_2,367456380,MALI 'E KE KAI,Pleasure Craft/Sailing,2017-01-04 22:36:05+00:00,2017-01-05 04:06:39+00:00,179,5.509444444444444,3.005586592178771,2.2509104442722343,7.3,21.28723,-157.84241,21.28721,-157.84241,0.2905027932960894,49.44126480634357,0,20.849722222222223,1,,,,,,,,证据缺失_无吃水数据
367456380_3,367456380,MALI 'E KE KAI,Pleasure Craft/Sailing,2017-01-06 00:57:38+00:00,2017-01-06 04:35:41+00:00,133,3.6341666666666668,3.045112781954887,1.7304521289296628,5.9,21.28726,-157.84243,21.28721,-157.84241,0.13533834586466165,45.95169029750965,0,15.413055555555555,1,,,,,,,,证据缺失_无吃水数据
367456380_4,367456380,MALI 'E KE KAI,Pleasure Craft/Sailing,2017-01-06 20:00:28+00:00,2017-01-07 04:49:28+00:00,198,8.816666666666666,1.034848484848485,1.700148613173527,5.0,21.28719,-157.84241,21.28721,-157.84241,0.702020202020202,78.49682733055796,0,113.55694444444444,1,,,,,,,,证据缺失_无吃水数据
367456380_5,367456380,MALI 'E KE KAI,Pleasure Craft/Sailing,2017-01-11 22:22:53+00:00,2017-01-12 01:54:24+00:00,142,3.5252777777777777,3.157042253521127,1.8054447945044998,5.8,21.28722,-157.84241,21.28721,-157.84242,0.07746478873239436,35.55952581788895,0,48.83777777777778,1,,,,,,,,证据缺失_无吃水数据
367456380_6,367456380,MALI 'E KE KAI,Pleasure Craft/Sailing,2017-01-14 02:44:40+00:00,2017-01-14 08:31:38+00:00,170,5.782777777777778,1.4011764705882352,1.353233612972058,5.9,21.28723,-157.84243,21.2872,-157.84241,0.38823529411764707,58.21942826304024,0,,0,,,,,,,,证据缺失_无吃水数据
367458470_1,367458470,SCOTCH POWER 3,Pleasure Craft/Sailing,2017-01-01 00:00:14+00:00,2017-01-01 00:48:38+00:00,32,0.8066666666666666,4.390625,1.4605256179352555,6.1,19.63465,-156.05825,19.66911,-156.024,0.0625,58.17712664369158,0,550.5052777777778,1,,,,,,,,证据缺失_无吃水数据
367458470_2,367458470,SCOTCH POWER 3,Pleasure Craft/Sailing,2017-01-23 23:18:57+00:00,2017-01-24 03:12:26+00:00,142,3.891388888888889,3.5612676056338026,1.5840001697627464,6.0,19.66911,-156.02396,19.66908,-156.024,0.11267605633802817,31.305511959195872,0,,0,,,,,,,,证据缺失_无吃水数据
367460990_1,367460990,FINBACK,Fishing,2017-01-01 00:02:32+00:00,2017-01-05 21:22:31+00:00,2401,117.33305555555556,1.5125780924614742,2.905910653421722,9.1,21.31698,-157.87705,22.03419,-159.03095,0.7721782590587255,14.156727627698558,0,461.9091666666667,1,,,,,,,,证据缺失_无吃水数据
367460990_2,367460990,FINBACK,Fishing,2017-01-25 03:17:04+00:00,2017-01-31 23:59:12+00:00,3491,164.70222222222222,1.7272414780865082,3.116693169671654,10.3,22.55942,-158.63088,21.68241,-158.37661,0.7585219134918362,12.401447862038426,0,1.0002777777777778,2,,,,,,,,证据缺失_无吃水数据
367467330_1,367467330,ST PETER,Fishing,2017-01-01 00:00:38+00:00,2017-01-08 10:51:56+00:00,3362,178.855,1.2217132659131469,2.7633958671734304,11.6,21.31653,-157.87936,22.51879,-158.57299,0.8411659726353361,12.413463936536782,0,512.3980555555555,1,,,,,,,,证据缺失_无吃水数据
367467330_2,367467330,ST PETER,Fishing,2017-01-29 19:15:49+00:00,2017-01-31 23:57:33+00:00,1182,52.69555555555556,3.276480541455161,4.24416780274929,11.3,22.42353,-158.0439,21.31656,-157.87937,0.5998307952622673,25.065292682174523,0,,0,,,,,,,,证据缺失_无吃水数据
367471530_1,367471530,GOLDEN DRAGON,Fishing,2017-01-05 23:24:24+00:00,2017-01-24 17:43:26+00:00,8575,450.3172222222222,0.8849446064139941,2.2590978325669,9.6,21.31346,-157.86617,22.44484,-157.32051,0.877201166180758,17.44847868716515,0,,0,,,,,,,,证据缺失_无吃水数据
367479170_1,367479170,CAPTAIN D,Fishing,2017-01-14 21:28:31+00:00,2017-01-31 23:59:48+00:00,9388,410.5213888888889,1.0686940775458031,1.9891039396498216,8.6,23.49465,-158.59205,21.10921,-158.02301,0.7243289305496379,16.377459281594426,0,0.9288888888888889,4,,,,,,,,证据缺失_无吃水数据
367479450_1,367479450,GOLDEN EAGLE II,Fishing,2017-01-13 02:48:26+00:00,2017-01-20 12:00:34+00:00,3759,177.20222222222222,2.374221867517957,3.645722306845057,10.4,23.45323,-158.6613,22.29738,-157.21198,0.7023144453312051,8.100411865848356,0,0.7508333333333334,1,,,,,,,,证据缺失_无吃水数据
367480150_1,367480150,LADY ANNIE,Fishing,2017-01-01 00:06:25+00:00,2017-01-04 06:58:46+00:00,1503,78.8725,2.3333333333333335,3.3812181953679206,8.9,21.31379,-157.86683,22.26072,-158.72629,0.6799733865602129,6.7185949196189645,0,379.0072222222222,1,,,,,,,,证据缺失_无吃水数据
367480150_2,367480150,LADY ANNIE,Fishing,2017-01-20 01:59:12+00:00,2017-01-31 23:57:32+00:00,5280,285.97222222222223,0.7134280303030304,2.1217765162460567,10.3,22.0632,-159.0642,21.31277,-157.86628,0.9051136363636364,10.568641389675994,0,1.0005555555555556,3,,,,,,,,证据缺失_无吃水数据
367480810_1,367480810,MOLOKAI PRINCESS,Passenger,2017-01-12 22:55:40+00:00,2017-01-12 23:39:41+00:00,29,0.7336111111111111,9.5,4.438146331199869,14.4,20.86305,-156.67752,20.86262,-156.67732,0.0,45.68515325040759,1,18.465,1,,,,,,,,证据缺失_无吃水数据
367480810_2,367480810,MOLOKAI PRINCESS,Passenger,2017-01-13 18:07:35+00:00,2017-01-13 23:38:20+00:00,174,5.5125,10.167241379310344,4.785529292765795,14.2,20.86346,-156.67783,20.86308,-156.67748,0.10919540229885058,40.602335016823716,0,50.16694444444445,1,,,,,,,,证据缺失_无吃水数据
367480810_3,367480810,MOLOKAI PRINCESS,Passenger,2017-01-16 01:48:21+00:00,2017-01-16 03:00:53+00:00,19,1.208888888888889,3.305263157894737,3.9493281684934893,11.0,20.86304,-156.67752,20.86311,-156.67756,0.47368421052631576,77.60570211008981,0,17.351388888888888,1,,,,,,,,证据缺失_无吃水数据
367480810_4,367480810,MOLOKAI PRINCESS,Passenger,2017-01-16 20:21:58+00:00,2017-01-17 01:59:20+00:00,141,5.622777777777777,10.26241134751773,4.7447345102167455,14.1,20.86351,-156.67781,20.86266,-156.67715,0.14184397163120568,26.859916035129057,2,218.27694444444444,2,,,,,,,,证据缺失_无吃水数据
367480810_5,367480810,MOLOKAI PRINCESS,Passenger,2017-01-26 04:15:57+00:00,2017-01-26 10:36:40+00:00,199,6.345277777777778,9.432663316582914,4.60563866552565,13.7,20.8635,-156.67769,20.86339,-156.67769,0.1507537688442211,30.826764405001786,0,32.08361111111111,1,,,,,,,,证据缺失_无吃水数据
367480810_6,367480810,MOLOKAI PRINCESS,Passenger,2017-01-27 18:41:41+00:00,2017-01-27 19:34:06+00:00,27,0.8736111111111111,3.4814814814814814,2.908216085114859,7.6,20.86142,-156.68186,20.86349,-156.67743,0.2222222222222222,85.42073176568213,0,60.66027777777778,1,,,,,,,,证据缺失_无吃水数据
367480810_7,367480810,MOLOKAI PRINCESS,Passenger,2017-01-30 08:13:43+00:00,2017-01-30 17:23:38+00:00,323,9.165277777777778,9.614551083591332,3.7130881531754576,13.2,20.86294,-156.67789,21.32136,-157.89217,0.11145510835913312,24.44134323058511,0,,0,,,,,,,,证据缺失_无吃水数据
367482650_1,367482650,ST MARTIN,Fishing,2017-01-12 12:01:34+00:00,2017-01-15 00:26:30+00:00,1587,60.41555555555556,3.51052299936988,4.064676850353522,10.3,19.34367,-157.85415,21.31659,-157.87934,0.5664776307498425,4.8115488292440345,0,144.42055555555555,1,,,,,,,,证据缺失_无吃水数据
367482650_2,367482650,ST MARTIN,Fishing,2017-01-21 00:51:44+00:00,2017-01-21 00:51:44+00:00,1,0.0,0.0,,0.0,21.31311,-157.86609,21.31311,-157.86609,1.0,,0,18.90361111111111,1,,,,,,,,证据缺失_无吃水数据
367482650_3,367482650,ST MARTIN,Fishing,2017-01-21 19:45:57+00:00,2017-01-22 11:36:33+00:00,648,15.843333333333334,6.932098765432099,2.2533616809196677,12.2,21.31308,-157.86612,19.65814,-157.89468,0.07098765432098765,14.417895935250632,0,,0,,,,,,,,证据缺失_无吃水数据
367488690_1,367488690,SEMISUB ONE,Pleasure Craft/Sailing,2017-01-03 17:58:57+00:00,2017-01-04 00:08:23+00:00,99,6.157222222222222,0.050505050505050504,0.0502518907629606,0.1,21.29377,-157.85804,21.29381,-157.85806,1.0,16.41138244011222,0,16.465555555555557,2,,,,,,,,证据缺失_无吃水数据
367488690_10,367488690,SEMISUB ONE,Pleasure Craft/Sailing,2017-01-15 19:30:38+00:00,2017-01-15 20:39:38+00:00,23,1.15,0.07391304347826087,0.05408235558637171,0.2,21.29378,-157.85804,21.2938,-157.85805,1.0,22.946380185910886,0,20.326666666666668,1,,,,,,,,证据缺失_无吃水数据
367488690_11,367488690,SEMISUB ONE,Pleasure Craft/Sailing,2017-01-16 16:59:14+00:00,2017-01-17 14:02:51+00:00,372,21.060277777777777,0.053763440860215055,0.05151952977499296,0.2,21.29377,-157.85805,21.29379,-157.85806,1.0,16.85286377909227,0,249.4875,2,,,,,,,,证据缺失_无吃水数据
367488690_12,367488690,SEMISUB ONE,Pleasure Craft/Sailing,2017-01-27 23:32:06+00:00,2017-01-28 01:47:05+00:00,40,2.249722222222222,0.035,0.04830458915396481,0.1,21.29383,-157.85805,21.29382,-157.85804,1.0,13.867442623363571,0,63.78638888888889,1,,,,,,,,证据缺失_无吃水数据
367488690_13,367488690,SEMISUB ONE,Pleasure Craft/Sailing,2017-01-30 17:34:16+00:00,2017-01-31 04:37:14+00:00,217,11.049444444444445,0.04009216589861752,0.05097194928849246,0.2,21.29378,-157.85804,21.29378,-157.85804,1.0,16.75045848936052,0,,0,,,,,,,,证据缺失_无吃水数据
367488690_2,367488690,SEMISUB ONE,Pleasure Craft/Sailing,2017-01-04 16:36:19+00:00,2017-01-04 23:00:48+00:00,126,6.408055555555555,0.08571428571428572,0.06159777361468283,0.3,21.29377,-157.85803,21.2938,-157.85805,1.0,21.17719138220906,0,18.636944444444445,1,,,,,,,,证据缺失_无吃水数据
367488690_3,367488690,SEMISUB ONE,Pleasure Craft/Sailing,2017-01-05 17:39:01+00:00,2017-01-06 09:14:25+00:00,275,15.59,0.0650909090909091,0.05552906542374698,0.3,21.29378,-157.85804,21.29378,-157.85805,1.0,22.789065289112315,0,9.264166666666666,2,,,,,,,,证据缺失_无吃水数据
367488690_4,367488690,SEMISUB ONE,Pleasure Craft/Sailing,2017-01-06 18:30:16+00:00,2017-01-07 20:03:15+00:00,492,25.549722222222222,0.04186991869918699,0.05258064652120667,0.3,21.29378,-157.85805,21.29378,-157.85805,1.0,16.96499197831543,0,45.341944444444444,1,,,,,,,,证据缺失_无吃水数据
367488690_5,367488690,SEMISUB ONE,Pleasure Craft/Sailing,2017-01-09 17:23:46+00:00,2017-01-10 00:32:46+00:00,139,7.15,0.04820143884892086,0.05562883985849128,0.3,21.29377,-157.85804,21.2938,-157.85807,1.0,19.99586178493346,0,17.13277777777778,1,,,,,,,,证据缺失_无吃水数据
367488690_6,367488690,SEMISUB ONE,Pleasure Craft/Sailing,2017-01-10 17:40:44+00:00,2017-01-11 02:58:45+00:00,181,9.300277777777778,0.07569060773480664,0.06381564916195666,0.4,21.29377,-157.85804,21.2938,-157.85803,1.0,21.912572537142477,0,14.834722222222222,1,,,,,,,,证据缺失_无吃水数据
367488690_7,367488690,SEMISUB ONE,Pleasure Craft/Sailing,2017-01-11 17:48:50+00:00,2017-01-11 20:30:49+00:00,53,2.6997222222222224,0.10943396226415096,0.06868028197434452,0.3,21.29379,-157.85802,21.29378,-157.85803,1.0,32.360811064622304,0,21.1075,1,,,,,,,,证据缺失_无吃水数据
367488690_8,367488690,SEMISUB ONE,Pleasure Craft/Sailing,2017-01-12 17:37:16+00:00,2017-01-13 03:25:28+00:00,193,9.803333333333333,0.07979274611398963,0.05454316476064696,0.2,21.29378,-157.85807,21.29377,-157.85804,1.0,25.434603284304046,0,15.444722222222222,1,,,,,,,,证据缺失_无吃水数据
367488690_9,367488690,SEMISUB ONE,Pleasure Craft/Sailing,2017-01-13 18:52:09+00:00,2017-01-13 19:55:08+00:00,22,1.0497222222222222,0.07727272727272728,0.061193044903720434,0.2,21.29377,-157.85804,21.29378,-157.85802,1.0,20.738600999791945,0,47.59166666666667,1,,,,,,,,证据缺失_无吃水数据
367490140_1,367490140,QUEEN DIAMOND II,Fishing,2017-01-05 22:58:30+00:00,2017-01-06 01:09:17+00:00,38,2.1797222222222223,7.413157894736842,0.41601133861339346,8.2,21.23827,-158.01612,21.38524,-158.24292,0.0,4.721613456609256,2,444.28027777777777,2,,,,,,,,证据缺失_无吃水数据
367490140_2,367490140,QUEEN DIAMOND II,Fishing,2017-01-24 13:26:06+00:00,2017-01-24 16:44:08+00:00,28,3.3005555555555555,7.039285714285714,0.7583311529708756,8.3,21.16379,-158.18594,21.31369,-157.87888,0.0,17.719444628676094,2,27.17888888888889,2,,,,,,,,证据缺失_无吃水数据
367490140_3,367490140,QUEEN DIAMOND II,Fishing,2017-01-25 19:54:52+00:00,2017-01-25 19:54:52+00:00,1,0.0,5.1,,5.1,21.31545,-157.87867,21.31545,-157.87867,0.0,,0,,0,,,,,,,,证据缺失_无吃水数据
367492480_1,367492480,LADY J3,Fishing,2017-01-04 19:39:29+00:00,2017-01-05 10:00:42+00:00,666,14.35361111111111,7.0545045045045045,1.1015310510242808,9.3,21.31378,-157.86673,22.56342,-158.11754,0.010510510510510511,8.960064207999206,0,329.2558333333333,1,,,,,,,,证据缺失_无吃水数据
367492480_2,367492480,LADY J3,Fishing,2017-01-19 03:16:03+00:00,2017-01-19 03:17:10+00:00,2,0.01861111111111111,0.8,0.42426406871192857,1.1,24.02437,-156.6532,24.02447,-156.65346,0.0,,0,269.15833333333336,1,,,,,,,,证据缺失_无吃水数据
367492480_3,367492480,LADY J3,Fishing,2017-01-30 08:26:40+00:00,2017-01-30 22:42:38+00:00,569,14.266111111111112,7.833391915641476,1.1984919761543509,11.5,22.57843,-156.7415,21.31257,-157.86631,0.005272407732864675,8.899043041902262,0,,0,,,,,,,,证据缺失_无吃水数据
367511170_1,367511170,SAPPHIRE III,Fishing,2017-01-01 00:01:41+00:00,2017-01-06 08:48:59+00:00,2423,128.78833333333333,1.4869583161370203,2.8753033001822215,8.8,21.31326,-157.86687,22.39871,-158.48092,0.7919933966157656,10.277350418848371,2,474.3125,2,,,,,,,,证据缺失_无吃水数据
367511170_2,367511170,SAPPHIRE III,Fishing,2017-01-26 03:07:44+00:00,2017-01-31 23:58:49+00:00,2557,140.8513888888889,1.7077043410246384,3.3097438913255206,11.4,22.43143,-158.49259,21.31378,-157.8668,0.7782557684786859,16.088881635352973,0,,0,,,,,,,,证据缺失_无吃水数据
367513810_1,367513810,CAPT DANNY,Fishing,2017-01-12 18:35:32+00:00,2017-01-22 05:39:21+00:00,4588,227.0636111111111,1.4683304272013948,3.1606326138865724,10.7,20.24074,-159.06936,20.40077,-158.93182,0.8256320836965998,9.800857376807489,1,0.7419444444444444,2,,,,,,,,证据缺失_无吃水数据
367513870_1,367513870,MSRC 14-1,Oil Recovery,2017-01-26 17:56:05+00:00,2017-01-26 20:48:57+00:00,126,2.881111111111111,2.553174603174603,1.5052806519947837,7.5,21.2603,-157.86176,21.25085,-157.86449,0.031746031746031744,43.94873553173868,0,,0,,,,,,,,证据缺失_无吃水数据
367514890_1,367514890,IRON LADY,Fishing,2017-01-01 00:01:58+00:00,2017-01-02 15:26:55+00:00,983,39.41583333333333,3.5618514750762973,3.4877381121314155,8.4,21.31663,-157.87774,20.35102,-158.98797,0.4883011190233978,11.02107904103774,1,138.53222222222223,2,,,,,,,,证据缺失_无吃水数据
367514890_2,367514890,IRON LADY,Fishing,2017-01-08 09:58:51+00:00,2017-01-14 18:59:26+00:00,3916,153.00972222222222,2.3301583248212463,2.328760066804974,8.0,19.17893,-157.93936,20.24198,-159.07851,0.4471399387129724,15.299495814416009,0,40.60166666666667,3,,,,,,,,证据缺失_无吃水数据
367514890_3,367514890,IRON LADY,Fishing,2017-01-16 11:35:32+00:00,2017-01-16 11:35:32+00:00,1,0.0,4.6,,4.6,19.82353,-160.12892,19.82353,-160.12892,0.0,,0,20.32638888888889,1,,,,,,,,证据缺失_无吃水数据
367514890_4,367514890,IRON LADY,Fishing,2017-01-17 07:55:07+00:00,2017-01-17 21:58:37+00:00,52,14.058333333333334,4.959615384615384,1.6919949491632555,6.9,19.39615,-159.07761,19.37858,-159.50027,0.0,45.46066440169058,0,10.474722222222223,8,,,,,,,,证据缺失_无吃水数据
367514890_5,367514890,IRON LADY,Fishing,2017-01-18 08:27:06+00:00,2017-01-18 09:51:06+00:00,2,1.4,7.050000000000001,0.21213203435596445,7.2,18.44729,-160.09586,18.32246,-160.18644,0.0,,0,1.4,1,,,,,,,,证据缺失_无吃水数据
367516940_1,367516940,PRINCESS K,Fishing,2017-01-06 01:34:24+00:00,2017-01-15 20:49:11+00:00,4671,235.2463888888889,1.7940483836437593,2.824752724394732,8.7,22.38331,-157.37286,19.46877,-157.56901,0.7079854420894883,10.570168731336526,0,333.0975,1,,,,,,,,证据缺失_无吃水数据
367516940_2,367516940,PRINCESS K,Fishing,2017-01-29 17:55:02+00:00,2017-01-31 23:59:06+00:00,1449,54.06777777777778,3.1575569358178055,2.4247315383028156,8.0,19.34101,-157.84311,21.31635,-157.87895,0.30917874396135264,21.760560940084268,0,,0,,,,,,,,证据缺失_无吃水数据
367523880_1,367523880,MISS RENEE,Fishing,2017-01-02 22:18:05+00:00,2017-01-03 16:45:12+00:00,636,18.451944444444443,7.196855345911949,0.9057938708793287,9.0,21.31635,-157.8774,19.44888,-158.05864,0.0047169811320754715,14.00325575581749,0,16.32472222222222,3,,,,,,,,证据缺失_无吃水数据
367523880_2,367523880,MISS RENEE,Fishing,2017-01-04 09:04:41+00:00,2017-01-04 12:20:52+00:00,10,3.269722222222222,3.19,1.2368867728652,4.5,19.35796,-158.31305,19.42339,-158.15097,0.0,78.05498774012533,0,14.864444444444445,3,,,,,,,,证据缺失_无吃水数据
367523880_3,367523880,MISS RENEE,Fishing,2017-01-05 03:12:44+00:00,2017-01-05 03:12:44+00:00,1,0.0,0.2,,0.2,19.30201,-158.46092,19.30201,-158.46092,1.0,,0,9.969166666666666,1,,,,,,,,证据缺失_无吃水数据
367523880_4,367523880,MISS RENEE,Fishing,2017-01-05 13:10:53+00:00,2017-01-05 19:58:54+00:00,75,6.800277777777778,4.74,1.5678354850264453,6.6,19.44007,-158.02139,19.4432,-158.11259,0.013333333333333334,42.95556181256508,0,14.68388888888889,3,,,,,,,,证据缺失_无吃水数据
367523880_5,367523880,MISS RENEE,Fishing,2017-01-06 10:39:56+00:00,2017-01-06 19:39:30+00:00,207,8.992777777777778,4.954106280193237,1.6475843005699708,7.6,19.45857,-157.98906,19.48007,-157.97498,0.00966183574879227,27.107901023363898,0,13.760833333333334,4,,,,,,,,证据缺失_无吃水数据
367523880_6,367523880,MISS RENEE,Fishing,2017-01-07 09:25:09+00:00,2017-01-10 11:16:15+00:00,1967,73.85166666666667,4.740772750381291,2.2149117801862537,8.4,19.39282,-158.03912,21.31637,-157.87911,0.020335536349771224,46.51385213914477,0,179.84583333333333,5,,,,,,,,证据缺失_无吃水数据
367523880_7,367523880,MISS RENEE,Fishing,2017-01-17 23:07:00+00:00,2017-01-19 03:44:06+00:00,1121,28.618333333333332,6.2925066904549505,1.1751736407411022,27.7,21.11892,-157.80942,18.66646,-156.06125,0.0,9.790994943970237,0,0.5094444444444445,1,,,,,,,,证据缺失_无吃水数据
367535780_1,367535780,AVION,Pleasure Craft/Sailing,2017-01-03 02:39:57+00:00,2017-01-03 05:45:27+00:00,103,3.091666666666667,4.3970873786407765,1.7306610043269492,7.8,20.86821,-156.68339,20.87187,-156.67918,0.019417475728155338,38.707869300659425,1,16.143333333333334,1,,,,,,,,证据缺失_无吃水数据
367535780_10,367535780,AVION,Pleasure Craft/Sailing,2017-01-28 00:16:31+00:00,2017-01-28 04:20:28+00:00,143,4.065833333333333,4.682517482517483,2.2051896116397254,9.5,21.27222,-157.85609,21.29302,-157.85657,0.08391608391608392,27.555321830142372,0,45.23833333333334,1,,,,,,,,证据缺失_无吃水数据
367535780_11,367535780,AVION,Pleasure Craft/Sailing,2017-01-30 01:34:46+00:00,2017-01-30 03:46:44+00:00,44,2.1994444444444445,0.03863636363636364,0.04925448434741562,0.1,21.29303,-157.85655,21.29301,-157.85657,1.0,14.961189362946092,0,,0,,,,,,,,证据缺失_无吃水数据
367535780_2,367535780,AVION,Pleasure Craft/Sailing,2017-01-03 21:54:03+00:00,2017-01-04 07:02:23+00:00,311,9.13888888888889,5.056591639871383,2.268567821007459,8.8,20.87121,-156.68007,20.8712,-156.67867,0.003215434083601286,21.71958650714947,1,67.56611111111111,2,,,,,,,,证据缺失_无吃水数据
367535780_3,367535780,AVION,Pleasure Craft/Sailing,2017-01-07 02:36:21+00:00,2017-01-07 23:14:34+00:00,256,20.636944444444445,5.620703125,1.9031246478476136,10.0,20.86812,-156.68446,20.74186,-156.88853,0.0625,28.90422393863082,1,45.18333333333333,10,,,,,,,,证据缺失_无吃水数据
367535780_4,367535780,AVION,Pleasure Craft/Sailing,2017-01-09 20:25:34+00:00,2017-01-10 08:52:02+00:00,470,12.44111111111111,5.543829787234042,0.6898859742979288,6.9,20.7423,-156.88762,21.29301,-157.85657,0.00425531914893617,10.664423280947847,0,63.75083333333333,1,,,,,,,,证据缺失_无吃水数据
367535780_5,367535780,AVION,Pleasure Craft/Sailing,2017-01-13 00:37:05+00:00,2017-01-13 08:16:05+00:00,141,7.65,0.0950354609929078,0.06015009931680648,0.3,21.29302,-157.85657,21.29301,-157.85656,1.0,11.17916272992931,0,63.27305555555556,1,,,,,,,,证据缺失_无吃水数据
367535780_6,367535780,AVION,Pleasure Craft/Sailing,2017-01-15 23:32:28+00:00,2017-01-16 03:03:22+00:00,154,3.515,4.093506493506493,1.8907298906944383,7.3,21.28855,-157.86203,21.29302,-157.85656,0.032467532467532464,25.766522814893285,0,65.70222222222222,1,,,,,,,,证据缺失_无吃水数据
367535780_7,367535780,AVION,Pleasure Craft/Sailing,2017-01-18 20:45:30+00:00,2017-01-19 01:30:56+00:00,73,4.7572222222222225,0.06986301369863014,0.05186770432458514,0.2,21.29304,-157.85659,21.29304,-157.85656,1.0,19.22694578067999,0,23.591944444444444,1,,,,,,,,证据缺失_无吃水数据
367535780_8,367535780,AVION,Pleasure Craft/Sailing,2017-01-20 01:06:27+00:00,2017-01-20 04:56:54+00:00,154,3.8408333333333333,4.108441558441559,1.602569476788701,6.9,21.29303,-157.85655,21.29302,-157.85657,0.08441558441558442,31.405408219965498,0,98.21916666666667,1,,,,,,,,证据缺失_无吃水数据
367535780_9,367535780,AVION,Pleasure Craft/Sailing,2017-01-24 07:10:03+00:00,2017-01-24 07:17:59+00:00,4,0.1322222222222222,0.125,0.05000000000000002,0.2,21.29302,-157.85659,21.29302,-157.85657,1.0,54.91047258947971,0,88.97555555555556,1,,,,,,,,证据缺失_无吃水数据
367557620_1,367557620,TRIPLE DRAGON,Fishing,2017-01-06 04:25:16+00:00,2017-01-06 17:14:32+00:00,566,12.821111111111112,6.4837455830388695,0.5729143928451521,8.1,20.01698,-158.32118,21.31059,-157.87492,0.0,11.839006933402219,0,,0,,,,,,,,证据缺失_无吃水数据
367568960_1,367568960,ST DAMIEN,Fishing,2017-01-10 23:27:03+00:00,2017-01-19 11:18:53+00:00,4873,203.86388888888888,1.8048224912784732,2.7246667393665995,8.0,22.63615,-157.83814,22.57359,-157.9454,0.6843833367535399,7.130920103111536,0,,0,,,,,,,,证据缺失_无吃水数据
367571490_1,367571490,GUTSY LADY 4,Fishing,2017-01-01 00:00:05+00:00,2017-01-10 23:43:17+00:00,12113,239.72,0.6194171551225955,2.112145108369853,9.2,21.31644,-157.87824,21.27675,-154.57951,0.9190951869891851,8.380857775627932,0,5.339166666666666,2,,,,,,,,证据缺失_无吃水数据
367578510_1,367578510,LADY KAREN II,Fishing,2017-01-01 00:02:49+00:00,2017-01-24 14:28:45+00:00,11492,566.4322222222222,0.3309693699965193,1.4735656419343512,10.4,21.31279,-157.86605,22.4506,-156.92173,0.9507483466759485,11.580348941812371,0,,0,,,,,,,,证据缺失_无吃水数据
367579350_1,367579350,OCEAN PATHFINDER,Tug Tow,2017-01-01 00:00:00+00:00,2017-01-30 03:01:29+00:00,36041,699.0247222222222,0.6262090397047807,2.1149867098989645,13.1,21.3101,-157.8678,19.83204,-155.05519,0.931300463361172,20.239994534839973,1,30.928333333333335,1,36041.0,5.2,5.2,5.2,0.0,0.0,False,证据缺失_该船吃水字段不更新
367579350_2,367579350,OCEAN PATHFINDER,Tug Tow,2017-01-31 09:57:11+00:00,2017-01-31 23:59:32+00:00,720,14.039166666666667,8.703472222222222,0.4564501710103305,9.8,19.82159,-155.05841,20.92655,-156.79172,0.0,1.3103456735186338,0,,0,720.0,5.2,5.2,5.2,0.0,0.0,False,证据缺失_该船吃水字段不更新
367581690_1,367581690,MISS EMMA,Fishing,2017-01-02 05:09:49+00:00,2017-01-12 23:57:10+00:00,5151,258.7891666666667,1.4638516792855756,2.601936141790924,8.1,22.44831,-157.44014,22.74461,-157.30974,0.7573286740438749,9.404280944262977,0,387.6827777777778,4,,,,,,,,证据缺失_无吃水数据
367581690_2,367581690,MISS EMMA,Fishing,2017-01-29 03:38:08+00:00,2017-01-31 23:55:36+00:00,1639,68.2911111111111,2.572361195851129,2.891668166932507,9.4,22.5704,-157.49883,21.31722,-157.87687,0.5485051860890787,13.75805105988058,0,,0,,,,,,,,证据缺失_无吃水数据
367589260_1,367589260,KAMAHELE,Pleasure Craft/Sailing,2017-01-21 01:19:35+00:00,2017-01-21 07:27:24+00:00,204,6.130277777777778,3.7799019607843136,2.5323012743422817,7.1,21.32085,-157.89377,21.32083,-157.89377,0.21568627450980393,48.121729176168955,0,162.1688888888889,1,,,,,,,,证据缺失_无吃水数据
367589260_2,367589260,KAMAHELE,Pleasure Craft/Sailing,2017-01-28 01:37:32+00:00,2017-01-28 07:39:36+00:00,188,6.0344444444444445,3.512234042553191,1.6666625232246437,7.9,21.32051,-157.89448,21.32083,-157.89378,0.03723404255319149,40.221125046494535,0,,0,,,,,,,,证据缺失_无吃水数据
367589370_1,367589370,,,2017-01-01 00:03:00+00:00,2017-01-06 19:03:11+00:00,3189,139.00305555555556,1.7837880213232988,3.1083735535285237,9.0,21.31278,-157.86602,19.26748,-157.7893,0.7500783944810285,8.363397347716434,0,443.8411111111111,1,,,,,,,,证据缺失_无吃水数据
367589370_2,367589370,,,2017-01-25 06:53:39+00:00,2017-01-28 03:03:29+00:00,1575,68.16388888888889,2.557206349206349,3.311902959350994,9.2,19.62636,-158.22076,21.31363,-157.86598,0.6171428571428571,11.598023576070041,0,0.7686111111111111,2,,,,,,,,证据缺失_无吃水数据
367590390_1,367590390,LADY MOCHA I,Fishing,2017-01-08 15:47:36+00:00,2017-01-08 19:58:24+00:00,28,4.18,6.189285714285714,0.46054660415985554,7.1,20.57445,-154.8307,20.72816,-155.25207,0.0,7.189310282369395,0,7.389166666666667,3,,,,,,,,证据缺失_无吃水数据
367590390_2,367590390,LADY MOCHA I,Fishing,2017-01-09 03:21:45+00:00,2017-01-12 17:37:48+00:00,2037,86.2675,2.134511536573392,2.907809402303931,7.5,21.01755,-156.07475,21.31602,-157.8786,0.6264113892979872,28.093364309404418,0,49.49111111111111,2,,,,,,,,证据缺失_无吃水数据
367590390_3,367590390,LADY MOCHA I,Fishing,2017-01-14 19:07:16+00:00,2017-01-15 17:52:49+00:00,844,22.759166666666665,6.709715639810427,1.2075387611714075,8.7,21.31608,-157.87873,18.93565,-157.42297,0.022511848341232227,7.3066041219113895,0,321.75111111111113,2,,,,,,,,证据缺失_无吃水数据
367590390_4,367590390,LADY MOCHA I,Fishing,2017-01-29 03:37:53+00:00,2017-01-30 23:11:46+00:00,1505,43.56472222222222,3.9092358803986706,2.3897806614586945,7.9,19.24313,-157.79996,21.31622,-157.87913,0.24916943521594684,12.366331892486457,0,,0,,,,,,,,证据缺失_无吃水数据
367598710_1,367598710,OCEAN SPRINGS,Fishing,2017-01-02 18:46:30+00:00,2017-01-03 14:09:19+00:00,670,19.380277777777778,7.923432835820895,0.46603967779785804,8.9,21.28989,-157.87452,23.32986,-159.32504,0.0,3.895329052663472,0,347.22555555555556,3,670.0,3.0,3.0,3.0,0.0,0.0,False,证据缺失_该船吃水字段不更新
367598710_2,367598710,OCEAN SPRINGS,Fishing,2017-01-18 01:22:51+00:00,2017-01-19 07:55:52+00:00,1154,30.55027777777778,6.85892547660312,0.9052190716774152,10.0,24.07028,-159.82981,21.30953,-157.87324,0.0,5.127699105273138,1,84.6536111111111,1,1154.0,3.0,3.0,3.0,0.0,0.0,False,证据缺失_该船吃水字段不更新
367598710_3,367598710,OCEAN SPRINGS,Fishing,2017-01-22 20:35:05+00:00,2017-01-23 20:23:46+00:00,470,23.81138888888889,0.0,0.0,0.0,21.31382,-157.86681,21.31379,-157.86681,1.0,0.0,0,27.58861111111111,1,470.0,3.0,3.0,3.0,0.0,0.0,False,证据缺失_该船吃水字段不更新
367598710_4,367598710,OCEAN SPRINGS,Fishing,2017-01-24 23:59:05+00:00,2017-01-25 01:59:08+00:00,39,2.0008333333333335,0.0,0.0,0.0,21.31381,-157.86681,21.31381,-157.8668,1.0,0.0,0,38.54944444444445,1,39.0,3.0,3.0,3.0,0.0,0.0,False,证据缺失_该船吃水字段不更新
367598710_5,367598710,OCEAN SPRINGS,Fishing,2017-01-26 16:32:06+00:00,2017-01-27 11:22:59+00:00,565,18.848055555555554,7.049026548672566,0.671258958762898,8.7,21.31378,-157.86674,19.55822,-158.96638,0.0035398230088495575,9.392396290137974,0,2.206111111111111,3,565.0,3.0,3.0,3.0,0.0,0.0,False,证据缺失_该船吃水字段不更新
367602730_1,367602730,RISING PHOENIX,Fishing,2017-01-04 11:39:45+00:00,2017-01-06 10:36:17+00:00,1173,46.94222222222222,3.686700767263427,3.4334373332675714,8.4,21.31333,-157.86676,22.61221,-158.52212,0.46121057118499575,9.515979419935015,0,538.3991666666667,2,,,,,,,,证据缺失_无吃水数据
367602730_2,367602730,RISING PHOENIX,Fishing,2017-01-28 21:00:14+00:00,2017-01-31 23:58:39+00:00,1725,74.97361111111111,2.500985507246377,3.4134091663996013,10.0,22.5786,-158.60603,21.31383,-157.86689,0.6452173913043479,11.97883236320876,0,,0,,,,,,,,证据缺失_无吃水数据
367602740_1,367602740,AOLANI,Fishing,2017-01-01 00:00:55+00:00,2017-01-06 15:21:02+00:00,2825,135.33527777777778,1.4325663716814159,2.769706873725385,8.5,21.31313,-157.86674,22.48362,-158.56969,0.7946902654867256,6.4277455696792165,0,269.3616666666667,1,,,,,,,,证据缺失_无吃水数据
367602740_2,367602740,AOLANI,Fishing,2017-01-17 20:42:44+00:00,2017-01-18 12:21:31+00:00,340,15.64638888888889,3.831176470588235,2.0156976360349046,7.6,23.99464,-160.19473,24.07074,-160.0983,0.01764705882352941,33.21333788785921,0,97.64111111111112,2,,,,,,,,证据缺失_无吃水数据
367602740_3,367602740,AOLANI,Fishing,2017-01-22 13:59:59+00:00,2017-01-31 23:59:13+00:00,4440,225.98722222222221,0.9867792792792793,2.25537699197198,9.5,22.45397,-158.77848,21.28521,-157.87783,0.838963963963964,17.665157536288156,0,0.7497222222222222,2,,,,,,,,证据缺失_无吃水数据
367602750_1,367602750,ALANA,Fishing,2017-01-01 00:00:25+00:00,2017-01-01 09:53:56+00:00,405,9.891944444444444,8.334320987654321,0.6285551132361105,10.6,21.28578,-158.19066,22.59181,-158.51918,0.0,6.897868747732085,0,347.42805555555555,1,,,,,,,,证据缺失_无吃水数据
367602750_2,367602750,ALANA,Fishing,2017-01-15 21:19:37+00:00,2017-01-22 09:42:46+00:00,3450,156.38583333333332,2.6244057971014496,3.8835224851156633,11.3,22.93548,-158.57972,22.58278,-158.53242,0.68,12.381581885187233,0,220.735,2,,,,,,,,证据缺失_无吃水数据
367602750_3,367602750,ALANA,Fishing,2017-01-31 14:26:52+00:00,2017-01-31 23:59:53+00:00,130,9.550277777777778,7.913846153846153,0.9124253263406729,9.9,23.26982,-158.69923,22.13523,-158.69114,0.0,26.905320578577882,0,2.075,5,,,,,,,,证据缺失_无吃水数据
367603420_1,367603420,SEA DRAGON,Fishing,2017-01-15 11:00:03+00:00,2017-01-21 06:07:38+00:00,3028,139.1263888888889,1.5310105680317039,2.963932406688421,9.0,19.16422,-158.04904,21.31309,-157.86595,0.7764200792602378,11.202139580624205,1,20.057777777777776,3,,,,,,,,证据缺失_无吃水数据
367603420_2,367603420,SEA DRAGON,Fishing,2017-01-22 02:11:06+00:00,2017-01-22 02:11:06+00:00,1,0.0,0.1,,0.1,21.31314,-157.86605,21.31314,-157.86605,1.0,,0,89.10805555555555,1,,,,,,,,证据缺失_无吃水数据
367603420_3,367603420,SEA DRAGON,Fishing,2017-01-25 19:17:35+00:00,2017-01-27 01:38:56+00:00,758,30.355833333333333,2.663060686015831,3.52319464795176,8.6,21.3131,-157.86609,20.60065,-158.00258,0.633245382585752,8.821136110768714,0,,0,,,,,,,,证据缺失_无吃水数据
367604540_1,367604540,RISING PHOENIX II,Fishing,2017-01-01 00:02:38+00:00,2017-01-06 10:47:25+00:00,2800,130.7463888888889,1.5220714285714287,2.995711832597332,9.2,21.3165,-157.87935,22.61645,-158.60727,0.795,9.399220885377618,0,494.99666666666667,1,,,,,,,,证据缺失_无吃水数据
367604540_2,367604540,RISING PHOENIX II,Fishing,2017-01-27 01:47:13+00:00,2017-01-31 23:57:48+00:00,2295,118.1763888888889,1.7969934640522878,3.368809784083215,10.1,22.81254,-158.7637,21.31361,-157.86648,0.7660130718954249,13.46507756158274,0,2.000277777777778,4,,,,,,,,证据缺失_无吃水数据
367632420_1,367632420,PRINCE KUHIO,Passenger,2017-01-01 00:00:50+00:00,2017-01-01 02:16:34+00:00,85,2.2622222222222224,1.6,2.4674548290360523,18.7,21.29138,-157.85679,21.29152,-157.85653,0.36470588235294116,66.08878374193924,1,9.833333333333334,1,,,,,,,,证据缺失_无吃水数据
367632420_10,367632420,PRINCE KUHIO,Passenger,2017-01-14 21:19:24+00:00,2017-01-14 22:17:08+00:00,40,0.9622222222222222,3.2049999999999996,3.354977167563409,17.1,21.29158,-157.85671,21.28525,-157.86141,0.125,81.76724718706511,1,45.89277777777778,1,,,,,,,,证据缺失_无吃水数据
367632420_11,367632420,PRINCE KUHIO,Passenger,2017-01-16 20:10:42+00:00,2017-01-16 20:38:09+00:00,13,0.4575,0.5692307692307692,1.0266325335651305,3.4,21.29151,-157.85676,21.29154,-157.8567,0.7692307692307693,19.40287388897621,0,46.369166666666665,1,,,,,,,,证据缺失_无吃水数据
367632420_12,367632420,PRINCE KUHIO,Passenger,2017-01-18 19:00:18+00:00,2017-01-18 21:26:11+00:00,31,2.431388888888889,3.0161290322580645,3.057460468449107,12.5,21.29154,-157.8567,21.29159,-157.85674,0.1935483870967742,78.61009711109695,1,26.491944444444446,2,,,,,,,,证据缺失_无吃水数据
367632420_13,367632420,PRINCE KUHIO,Passenger,2017-01-19 23:55:42+00:00,2017-01-20 00:17:58+00:00,12,0.3711111111111111,1.0083333333333333,1.521039317723446,5.2,21.29156,-157.8567,21.29158,-157.85673,0.5833333333333334,65.0413560744239,0,211.40055555555554,1,,,,,,,,证据缺失_无吃水数据
367632420_14,367632420,PRINCE KUHIO,Passenger,2017-01-28 19:42:00+00:00,2017-01-28 21:49:31+00:00,77,2.125277777777778,6.514285714285714,2.583536656239918,10.0,21.2577,-157.84652,21.29154,-157.85669,0.09090909090909091,30.776516537376978,0,45.32277777777778,1,,,,,,,,证据缺失_无吃水数据
367632420_15,367632420,PRINCE KUHIO,Passenger,2017-01-30 19:08:53+00:00,2017-01-30 20:57:19+00:00,79,1.8072222222222223,6.9012658227848105,5.0327515456994325,47.0,21.29162,-157.85686,21.29155,-157.85669,0.0379746835443038,42.24545178836648,0,,0,,,,,,,,证据缺失_无吃水数据
367632420_2,367632420,PRINCE KUHIO,Passenger,2017-01-01 12:06:34+00:00,2017-01-03 02:16:22+00:00,747,38.163333333333334,1.1880856760374832,3.4737437142244083,37.1,21.29154,-157.85671,21.29155,-157.8567,0.6813922356091031,48.82830614666328,4,71.06277777777778,5,,,,,,,,证据缺失_无吃水数据
367632420_3,367632420,PRINCE KUHIO,Passenger,2017-01-06 01:20:08+00:00,2017-01-06 03:06:47+00:00,60,1.7775,1.0366666666666666,1.098530091341116,5.8,21.2916,-157.85677,21.29163,-157.85666,0.4,53.810876851830145,0,18.565555555555555,1,,,,,,,,证据缺失_无吃水数据
367632420_4,367632420,PRINCE KUHIO,Passenger,2017-01-06 21:40:43+00:00,2017-01-07 15:34:45+00:00,379,17.900555555555556,0.9522427440633244,2.4854207662614978,32.7,21.29154,-157.85669,21.29132,-157.8568,0.6464379947229552,45.59671742002758,2,11.258611111111112,4,,,,,,,,证据缺失_无吃水数据
367632420_5,367632420,PRINCE KUHIO,Passenger,2017-01-08 02:50:16+00:00,2017-01-08 04:10:40+00:00,53,1.34,2.7056603773584906,2.6358778346807714,8.6,21.29157,-157.85674,21.29154,-157.8567,0.22641509433962265,80.22389359360622,0,21.31888888888889,1,,,,,,,,证据缺失_无吃水数据
367632420_6,367632420,PRINCE KUHIO,Passenger,2017-01-09 01:29:48+00:00,2017-01-09 22:33:52+00:00,394,21.067777777777778,0.0901015228426396,0.2942683856561169,2.9,21.29157,-157.8567,21.29155,-157.85674,0.9619289340101523,22.016065987174994,0,18.898055555555555,1,,,,,,,,证据缺失_无吃水数据
367632420_7,367632420,PRINCE KUHIO,Passenger,2017-01-10 17:27:45+00:00,2017-01-10 23:27:50+00:00,166,6.001388888888889,1.714457831325301,3.8221882525073196,37.8,21.29147,-157.85673,21.29156,-157.8567,0.5240963855421686,58.15133154056639,0,42.86694444444444,1,,,,,,,,证据缺失_无吃水数据
367632420_8,367632420,PRINCE KUHIO,Passenger,2017-01-12 18:19:51+00:00,2017-01-12 20:01:19+00:00,12,1.691111111111111,0.30833333333333335,0.8184889995743635,2.9,21.29154,-157.85669,21.29155,-157.85668,0.9166666666666666,0.0,1,31.788611111111113,2,,,,,,,,证据缺失_无吃水数据
367632420_9,367632420,PRINCE KUHIO,Passenger,2017-01-14 03:48:38+00:00,2017-01-14 03:50:07+00:00,2,0.024722222222222222,0.05,0.07071067811865477,0.1,21.29155,-157.85671,21.29155,-157.85671,1.0,,0,17.488055555555555,1,,,,,,,,证据缺失_无吃水数据
367632820_1,367632820,NORTH LIGHT,Pleasure Craft/Sailing,2017-01-01 20:43:28+00:00,2017-01-01 21:09:29+00:00,10,0.4336111111111111,0.0,0.0,0.0,21.31925,-157.89255,21.31925,-157.89254,1.0,0.0,0,9.398333333333333,1,,,,,,,,证据缺失_无吃水数据
367632820_2,367632820,NORTH LIGHT,Pleasure Craft/Sailing,2017-01-02 06:33:23+00:00,2017-01-02 06:50:08+00:00,7,0.2791666666666667,0.014285714285714287,0.03779644730092272,0.1,21.31922,-157.89255,21.31923,-157.89255,1.0,32.61903840806265,0,11.440555555555555,1,,,,,,,,证据缺失_无吃水数据
367632820_3,367632820,NORTH LIGHT,Pleasure Craft/Sailing,2017-01-02 18:16:34+00:00,2017-01-03 18:39:15+00:00,563,24.378055555555555,2.170692717584369,2.872078874921875,7.3,21.31872,-157.89352,21.44232,-158.19086,0.650088809946714,29.55183336180779,0,70.90444444444445,1,,,,,,,,证据缺失_无吃水数据
367632820_4,367632820,NORTH LIGHT,Pleasure Craft/Sailing,2017-01-06 17:33:31+00:00,2017-01-06 22:48:54+00:00,220,5.256388888888889,5.2681818181818185,1.2474947913568348,6.7,21.44234,-158.19098,21.31924,-157.89256,0.031818181818181815,21.30024777991411,0,,0,,,,,,,,证据缺失_无吃水数据
367638270_1,367638270,SAPPHIRE,Fishing,2017-01-01 00:00:10+00:00,2017-01-08 08:00:02+00:00,3431,175.99777777777777,0.9468959487030021,2.366179612735286,9.9,21.31322,-157.86621,22.03718,-158.72078,0.8659283007869426,20.001354669582497,0,411.3152777777778,1,,,,,,,,证据缺失_无吃水数据
367638270_2,367638270,SAPPHIRE,Fishing,2017-01-25 11:18:57+00:00,2017-01-31 23:59:04+00:00,2951,156.66861111111112,1.2229074889867841,2.5607077579466773,9.9,22.1509,-158.69036,21.31361,-157.86647,0.7946458827516096,25.65898710301548,0,0.9505555555555556,2,,,,,,,,证据缺失_无吃水数据
367639430_1,367639430,AZURE,Fishing,2017-01-06 22:45:22+00:00,2017-01-06 23:47:05+00:00,13,1.0286111111111111,0.02307692307692308,0.04385290096535146,0.1,21.31305,-157.86671,21.31307,-157.86673,1.0,0.0,0,20.414444444444445,1,,,,,,,,证据缺失_无吃水数据
367639430_2,367639430,AZURE,Fishing,2017-01-07 20:11:57+00:00,2017-01-08 09:21:48+00:00,201,13.164166666666667,6.372636815920399,2.36700179814841,9.1,21.31303,-157.86673,21.86799,-156.80444,0.11442786069651742,19.32945027645509,2,508.77972222222223,3,,,,,,,,证据缺失_无吃水数据
367639430_3,367639430,AZURE,Fishing,2017-01-29 14:08:35+00:00,2017-01-29 23:12:57+00:00,223,9.072777777777778,6.361434977578475,1.753950933609547,8.6,21.71727,-157.30696,21.31601,-157.87889,0.008968609865470852,19.986562074767782,1,20.629444444444445,2,,,,,,,,证据缺失_无吃水数据
367639430_4,367639430,AZURE,Fishing,2017-01-30 19:50:43+00:00,2017-01-30 21:28:14+00:00,22,1.6252777777777778,0.36363636363636365,0.48848205557084556,2.2,21.31605,-157.879,21.31621,-157.87874,0.7272727272727273,77.9519433766117,0,20.75583333333333,2,,,,,,,,证据缺失_无吃水数据
367639430_5,367639430,AZURE,Fishing,2017-01-31 18:13:35+00:00,2017-01-31 18:24:35+00:00,5,0.18333333333333332,0.38,0.6379655163094632,1.5,21.31618,-157.87878,21.31623,-157.87874,0.8,31.256519319975467,0,,0,,,,,,,,证据缺失_无吃水数据
367641230_1,367641230,MARJORIE C,Cargo,2017-01-08 23:04:47+00:00,2017-01-11 16:56:48+00:00,1974,65.86694444444444,9.50385005065856,9.982973613055051,22.2,22.42767,-155.18,22.42717,-155.18133,0.4827760891590679,68.79471893909152,0,271.08472222222224,1,1974.0,9.8,9.8,9.8,0.0,0.0,False,证据缺失_该船吃水字段不更新
367641230_2,367641230,MARJORIE C,Cargo,2017-01-23 00:01:53+00:00,2017-01-25 09:58:20+00:00,1872,57.94083333333333,10.07772435897436,9.72505789144001,22.5,22.17217,-154.8095,22.40733,-155.2235,0.44337606837606836,66.9740177476855,0,,0,1872.0,9.8,9.8,9.8,0.0,0.0,False,证据缺失_该船吃水字段不更新
367645140_1,367645140,LADY PAULINE,Fishing,2017-01-24 01:08:25+00:00,2017-01-27 05:34:48+00:00,1516,76.43972222222222,1.5793535620052772,3.0595156723734642,9.0,21.31658,-157.87819,20.3739,-158.1056,0.787598944591029,10.702308399877253,0,,0,,,,,,,,证据缺失_无吃水数据
367646810_1,367646810,EMERY ZIDELL,Tug Tow,2017-01-02 07:56:07+00:00,2017-01-06 03:21:47+00:00,3802,91.42777777777778,4.54145186743819,3.4686974395738885,10.8,23.26657,-155.46709,23.74815,-157.25272,0.3035244608100999,50.97549327942319,0,4.736111111111111,8,,,,,,,,证据缺失_无吃水数据
367651730_1,367651730,RESPITE,Pleasure Craft/Sailing,2017-01-28 17:05:54+00:00,2017-01-31 23:59:54+00:00,2679,78.9,3.229339305711086,3.8499621217000928,102.3,18.55192,-157.5858,19.63311,-155.99569,0.1265397536394177,61.18818489684355,0,3.4880555555555555,3,,,,,,,,证据缺失_无吃水数据
367659170_1,367659170,CUMBERLAND TRAIL,Fishing,2017-01-21 04:00:40+00:00,2017-01-31 23:58:52+00:00,4520,259.97,0.9465265486725664,2.3588793733349642,8.6,22.58186,-158.20303,21.31702,-157.87709,0.8584070796460177,8.652124704572943,0,0.9997222222222222,2,,,,,,,,证据缺失_无吃水数据
367662660_1,367662660,KAWAIOLA,Fishing,2017-01-01 00:02:08+00:00,2017-01-02 07:59:00+00:00,929,31.947777777777777,4.243595263724435,3.0102848830951743,8.2,21.31657,-157.8773,22.49255,-158.58317,0.32292787944025836,12.36397401208667,0,357.535,1,,,,,,,,证据缺失_无吃水数据
367662660_2,367662660,KAWAIOLA,Fishing,2017-01-17 05:31:06+00:00,2017-01-25 17:01:59+00:00,4328,203.51472222222222,1.9482670979667283,3.048321530949696,9.2,23.33221,-158.89524,22.44307,-158.64557,0.7081792975970426,7.812878620702747,0,0.9419444444444445,3,,,,,,,,证据缺失_无吃水数据
367694110_1,367694110,PURA VIDA,Pleasure Craft/Sailing,2017-01-01 00:00:06+00:00,2017-01-01 01:39:33+00:00,45,1.6575,2.12,1.8273925786112946,5.2,21.28564,-157.935,21.31434,-157.95028,0.3111111111111111,60.48640137738088,0,19.234444444444446,1,,,,,,,,证据缺失_无吃水数据
367694110_2,367694110,PURA VIDA,Pleasure Craft/Sailing,2017-01-01 20:53:37+00:00,2017-01-02 01:27:03+00:00,184,4.557222222222222,4.405434782608696,1.555730751314905,6.8,21.29778,-157.95407,21.32101,-157.89352,0.059782608695652176,19.012174654251645,0,,0,,,,,,,,证据缺失_无吃水数据
367701060_1,367701060,KULAMANU,Pleasure Craft/Sailing,2017-01-03 04:35:13+00:00,2017-01-03 04:48:09+00:00,11,0.21555555555555556,0.0,0.0,0.0,21.30538,-157.86474,21.30535,-157.86474,1.0,97.65307300165556,0,115.4425,1,,,,,,,,证据缺失_无吃水数据
367701060_2,367701060,KULAMANU,Pleasure Craft/Sailing,2017-01-08 00:14:42+00:00,2017-01-10 20:44:57+00:00,3505,68.50416666666666,0.0117546362339515,0.0350134880531921,0.5,21.30542,-157.86472,21.30542,-157.86474,0.9997146932952924,48.187757617813894,0,168.63,2,,,,,,,,证据缺失_无吃水数据
367701060_3,367701060,KULAMANU,Pleasure Craft/Sailing,2017-01-17 21:22:45+00:00,2017-01-18 19:51:46+00:00,1168,22.48361111111111,0.022773972602739726,0.04604506127893535,0.3,21.30539,-157.86472,21.30539,-157.86471,1.0,46.72304810067451,0,22.938055555555554,1,,,,,,,,证据缺失_无吃水数据
367701060_4,367701060,KULAMANU,Pleasure Craft/Sailing,2017-01-19 18:48:03+00:00,2017-01-31 23:59:15+00:00,14935,293.18666666666667,0.01875460328088383,0.0431429269775125,0.4,21.30538,-157.86473,21.30543,-157.86467,1.0,53.805493034930976,0,1.756388888888889,2,,,,,,,,证据缺失_无吃水数据
367705430_1,367705430,LADY OF THE SEA II,Fishing,2017-01-10 11:33:27+00:00,2017-01-22 12:19:19+00:00,6508,288.76444444444445,1.4257221880762139,2.729843325840418,12.3,19.86441,-158.40577,19.72793,-158.16912,0.7387830362630609,14.824646071951177,0,16.407222222222224,3,,,,,,,,证据缺失_无吃水数据
367705430_2,367705430,LADY OF THE SEA II,Fishing,2017-01-23 04:43:45+00:00,2017-01-25 06:22:22+00:00,1691,49.64361111111111,5.1560023654642215,2.9304811665407478,8.4,19.61155,-158.24878,20.28258,-158.91148,0.2306327616794796,9.896163205059437,0,0.6505555555555556,2,,,,,,,,证据缺失_无吃水数据
367707220_1,367707220,ST JOSEPH,Fishing,2017-01-01 00:00:01+00:00,2017-01-02 08:50:14+00:00,736,32.83694444444444,4.709510869565217,3.82808337754808,8.9,21.31376,-157.86673,22.33282,-158.45464,0.39402173913043476,7.952512676939518,0,426.7341666666667,2,,,,,,,,证据缺失_无吃水数据
367707220_2,367707220,ST JOSEPH,Fishing,2017-01-20 03:34:17+00:00,2017-01-31 23:59:54+00:00,4764,284.4269444444444,0.6383501259445844,1.9221409825368776,8.4,22.2562,-157.51175,21.31302,-157.86611,0.9057514693534845,14.666898675096556,0,2.2019444444444445,3,,,,,,,,证据缺失_无吃水数据
367707290_1,367707290,LADY KAREN,Fishing,2017-01-21 04:07:02+00:00,2017-01-21 23:18:32+00:00,760,19.191666666666666,8.635131578947368,1.1442771546452761,11.3,22.44966,-155.40696,21.31619,-157.87914,0.006578947368421052,15.715123982732864,0,215.37583333333333,2,,,,,,,,证据缺失_无吃水数据
367707290_2,367707290,LADY KAREN,Fishing,2017-01-30 22:41:05+00:00,2017-01-31 22:04:43+00:00,640,23.39388888888889,6.65875,1.7062762721039382,10.2,21.31267,-157.86605,23.24844,-159.15546,0.0421875,13.760452912745695,0,3.9769444444444444,2,,,,,,,,证据缺失_无吃水数据
367711550_1,367711550,LADY MOCHA II,Fishing,2017-01-05 02:30:27+00:00,2017-01-05 18:21:33+00:00,626,15.851666666666667,5.071405750798721,1.8814199586224438,7.3,20.35114,-158.51388,21.31618,-157.87906,0.09424920127795527,16.44751360213171,0,12.225555555555555,1,,,,,,,,证据缺失_无吃水数据
367711550_2,367711550,LADY MOCHA II,Fishing,2017-01-06 06:35:05+00:00,2017-01-06 20:23:51+00:00,277,13.812777777777777,0.0003610108303249098,0.006008417681261097,0.1,21.31628,-157.87877,21.31626,-157.87877,1.0,0.0,0,52.7125,1,,,,,,,,证据缺失_无吃水数据
367711550_3,367711550,LADY MOCHA II,Fishing,2017-01-09 01:06:36+00:00,2017-01-09 20:32:21+00:00,588,19.429166666666667,5.34608843537415,1.497642101002095,7.6,21.31655,-157.8793,19.82666,-158.27402,0.05782312925170068,8.19255447978853,0,35.10722222222222,3,,,,,,,,证据缺失_无吃水数据
367711550_4,367711550,LADY MOCHA II,Fishing,2017-01-11 07:38:47+00:00,2017-01-11 08:14:16+00:00,6,0.5913888888888889,4.633333333333334,1.4935416521365137,6.4,19.59214,-158.87296,19.60382,-158.83625,0.0,17.492512684002833,0,75.02583333333334,1,,,,,,,,证据缺失_无吃水数据
367711550_5,367711550,LADY MOCHA II,Fishing,2017-01-14 11:15:49+00:00,2017-01-15 12:25:09+00:00,950,25.155555555555555,5.261368421052632,0.8517212604071446,7.7,19.05617,-157.89321,21.31621,-157.87883,0.002105263157894737,6.533800838084669,0,61.80722222222222,2,,,,,,,,证据缺失_无吃水数据
367711550_6,367711550,LADY MOCHA II,Fishing,2017-01-18 02:13:35+00:00,2017-01-19 00:46:40+00:00,711,22.551388888888887,5.766104078762306,1.0419734177208453,8.0,21.31614,-157.87863,19.22496,-157.43017,0.02109704641350211,9.476985921828627,0,1.0783333333333334,1,,,,,,,,证据缺失_无吃水数据
367714680_1,367714680,ENCHANTRESS,Pleasure Craft/Sailing,2017-01-03 06:18:52+00:00,2017-01-03 06:18:52+00:00,1,0.0,0.0,,0.0,21.28332,-157.84291,21.28332,-157.84291,1.0,,0,518.7197222222222,1,,,,,,,,证据缺失_无吃水数据
367714680_2,367714680,ENCHANTRESS,Pleasure Craft/Sailing,2017-01-24 21:02:03+00:00,2017-01-25 01:10:59+00:00,73,4.148888888888889,0.00684931506849315,0.025433830943623066,0.1,21.28332,-157.84287,21.28337,-157.84287,1.0,50.25536354405594,0,49.599444444444444,1,,,,,,,,证据缺失_无吃水数据
367714680_3,367714680,ENCHANTRESS,Pleasure Craft/Sailing,2017-01-27 02:46:57+00:00,2017-01-28 01:01:57+00:00,372,22.25,0.00510752688172043,0.022044777937154807,0.1,21.28335,-157.84289,21.28333,-157.84285,1.0,27.183269246048816,0,23.150833333333335,1,,,,,,,,证据缺失_无吃水数据
367714680_4,367714680,ENCHANTRESS,Pleasure Craft/Sailing,2017-01-29 00:11:00+00:00,2017-01-29 04:20:26+00:00,99,4.157222222222222,1.1737373737373737,1.2790769837361804,4.9,21.28331,-157.84284,21.28333,-157.84291,0.48484848484848486,64.79271309416741,0,62.92722222222222,1,,,,,,,,证据缺失_无吃水数据
367714680_5,367714680,ENCHANTRESS,Pleasure Craft/Sailing,2017-01-31 19:16:04+00:00,2017-01-31 23:56:33+00:00,60,4.674722222222222,0.043333333333333335,0.08102451327476412,0.3,21.2833,-157.84289,21.28334,-157.84284,1.0,82.19393845296797,0,,0,,,,,,,,证据缺失_无吃水数据
367716130_1,367716130,PACIFIC STAR,Fishing,2017-01-12 08:28:26+00:00,2017-01-13 01:58:54+00:00,38,17.50777777777778,0.48947368421052634,1.730769157821788,7.9,21.27858,-157.88664,21.31671,-157.87958,0.8947368421052632,51.53849373367771,0,11.0,12,,,,,,,,证据缺失_无吃水数据
367716130_2,367716130,PACIFIC STAR,Fishing,2017-01-13 12:58:54+00:00,2017-01-13 18:22:56+00:00,10,5.400555555555556,0.030000000000000006,0.0674948557710553,0.2,21.3167,-157.87956,21.31664,-157.87959,1.0,37.250853830632,0,105.03861111111111,4,,,,,,,,证据缺失_无吃水数据
367716130_3,367716130,PACIFIC STAR,Fishing,2017-01-18 03:25:15+00:00,2017-01-18 03:28:44+00:00,2,0.058055555555555555,6.35,1.0606601717798212,7.1,21.3059,-157.86795,21.30004,-157.86893,0.0,,0,,0,,,,,,,,证据缺失_无吃水数据
367716530_1,367716530,PEARL,Pleasure Craft/Sailing,2017-01-08 22:12:22+00:00,2017-01-08 22:30:21+00:00,7,0.2997222222222222,0.014285714285714287,0.03779644730092273,0.1,21.32911,-158.11851,21.32911,-158.11851,1.0,67.55923080280496,0,140.9175,1,,,,,,,,证据缺失_无吃水数据
367716530_2,367716530,PEARL,Pleasure Craft/Sailing,2017-01-14 19:25:24+00:00,2017-01-14 20:22:26+00:00,20,0.9505555555555556,0.035,0.048936048492959294,0.1,21.3291,-158.11852,21.32911,-158.1185,1.0,111.6284485528478,0,95.22722222222222,1,,,,,,,,证据缺失_无吃水数据
367716530_3,367716530,PEARL,Pleasure Craft/Sailing,2017-01-18 19:36:04+00:00,2017-01-18 20:33:05+00:00,19,0.9502777777777778,0.005263157894736842,0.02294157338705618,0.1,21.32911,-158.11849,21.32911,-158.11852,1.0,74.14496333693405,0,215.22916666666666,1,,,,,,,,证据缺失_无吃水数据
367716530_4,367716530,PEARL,Pleasure Craft/Sailing,2017-01-27 19:46:50+00:00,2017-01-27 20:55:51+00:00,23,1.1502777777777777,0.008695652173913044,0.02881040655200304,0.1,21.32911,-158.11846,21.32911,-158.11851,1.0,79.91197497614951,0,,0,,,,,,,,证据缺失_无吃水数据
367719270_1,367719270,GOLDEN PHOENIX,Fishing,2017-01-05 02:29:54+00:00,2017-01-05 13:01:54+00:00,291,10.533333333333333,5.886941580756013,0.6430808872994956,7.3,21.22525,-157.95102,22.0054,-158.41418,0.003436426116838488,7.296936157996656,1,546.6225,1,,,,,,,,证据缺失_无吃水数据
367719270_2,367719270,GOLDEN PHOENIX,Fishing,2017-01-28 07:39:15+00:00,2017-01-28 17:30:08+00:00,289,9.848055555555556,5.932179930795848,1.5696677004177393,7.9,21.80953,-158.36397,21.31619,-157.87879,0.01730103806228374,18.34291392579703,1,48.43472222222222,2,,,,,,,,证据缺失_无吃水数据
367719270_3,367719270,GOLDEN PHOENIX,Fishing,2017-01-30 17:56:13+00:00,2017-01-31 23:30:39+00:00,312,29.573888888888888,0.07019230769230769,0.5721083826374573,5.9,21.31379,-157.87841,21.31354,-157.86675,0.9839743589743589,11.428870867504306,0,0.5,1,,,,,,,,证据缺失_无吃水数据
367722830_1,367722830,MISS ELLEN,Fishing,2017-01-14 19:52:18+00:00,2017-01-19 03:05:27+00:00,2351,103.21916666666667,2.373585708209273,3.20925985186615,10.0,20.89054,-155.26709,21.31365,-157.86595,0.4955338153977031,36.37534596401764,0,2.2330555555555556,3,,,,,,,,证据缺失_无吃水数据
367730340_1,367730340,KAKU,Tug Tow,2017-01-01 00:00:00+00:00,2017-01-04 04:47:05+00:00,3737,76.78472222222223,0.32247792346802245,1.6026353309040924,10.3,21.29305,-157.85922,21.321,-158.11645,0.9587904736419588,6.935316646215895,0,19.70611111111111,3,,,,,,,,证据缺失_无吃水数据
367730340_2,367730340,KAKU,Tug Tow,2017-01-05 00:29:27+00:00,2017-01-05 07:05:26+00:00,86,6.599722222222222,0.025581395348837212,0.043887681540168796,0.1,21.32103,-158.11644,21.32101,-158.11645,1.0,0.0,0,37.28333333333333,2,,,,,,,,证据缺失_无吃水数据
367730340_3,367730340,KAKU,Tug Tow,2017-01-06 20:22:26+00:00,2017-01-06 20:59:54+00:00,34,0.6244444444444445,0.029411764705882353,0.05239368319955839,0.2,21.32099,-158.11643,21.32102,-158.11645,1.0,0.0,0,21.02,1,,,,,,,,证据缺失_无吃水数据
367730340_4,367730340,KAKU,Tug Tow,2017-01-07 18:01:06+00:00,2017-01-31 23:59:39+00:00,30127,581.9758333333333,0.0783649218309158,0.6105404855753895,10.2,21.32101,-158.11645,21.29306,-157.85921,0.993195472499751,2.909909342918398,1,2.2736111111111112,1,,,,,,,,证据缺失_无吃水数据
367732990_1,367732990,CAPT MILLIONS III,Fishing,2017-01-02 18:08:35+00:00,2017-01-03 10:25:48+00:00,568,16.286944444444444,7.0417253521126755,0.6943220325823812,8.3,21.31275,-157.86631,22.70717,-158.98334,0.0035211267605633804,9.454394464371074,2,409.12611111111113,3,,,,,,,,证据缺失_无吃水数据
367732990_2,367732990,CAPT MILLIONS III,Fishing,2017-01-20 11:33:22+00:00,2017-01-21 21:58:43+00:00,936,34.4225,3.9369658119658117,4.026025093884031,9.6,20.82291,-159.23349,21.31633,-157.87913,0.5053418803418803,12.566199081868762,0,52.556111111111115,1,,,,,,,,证据缺失_无吃水数据
367732990_3,367732990,CAPT MILLIONS III,Fishing,2017-01-24 02:32:05+00:00,2017-01-27 02:10:56+00:00,1564,71.6475,1.0906010230179028,2.5669552024803353,8.6,21.31628,-157.87923,20.81067,-158.10337,0.8459079283887468,5.6513906212762635,0,,0,,,,,,,,证据缺失_无吃水数据
367733060_1,367733060,GREEN MOUNTAIN,Fishing,2017-01-01 00:01:00+00:00,2017-01-08 09:31:10+00:00,3584,177.50277777777777,1.1255580357142858,2.524424859621518,8.4,21.31637,-157.8774,22.43399,-158.67273,0.8337053571428571,8.284416139934415,1,429.7558333333333,1,,,,,,,,证据缺失_无吃水数据
367733060_2,367733060,GREEN MOUNTAIN,Fishing,2017-01-26 07:16:31+00:00,2017-01-31 23:58:26+00:00,2798,136.69861111111112,1.3981057898498928,2.6139706037010657,8.7,22.46551,-158.55244,21.31644,-157.87728,0.7762687634024303,9.888689796504135,0,0.5,1,,,,,,,,证据缺失_无吃水数据
367738010_1,367738010,SANCHO 1.2,Fishing,2017-01-18 00:31:55+00:00,2017-01-20 17:44:55+00:00,1205,65.21666666666667,0.02315352697095436,0.042590694684164425,0.2,21.31704,-157.87945,21.31702,-157.87936,1.0,8.537638313658993,0,9.366666666666667,1,,,,,,,,证据缺失_无吃水数据
367738010_2,367738010,SANCHO 1.2,Fishing,2017-01-21 03:06:55+00:00,2017-01-25 08:10:33+00:00,2077,101.06055555555555,1.5656234954260955,2.7475795546691177,7.8,21.31702,-157.8794,20.00076,-158.34427,0.7534906114588349,18.883777550682293,0,1.8169444444444445,1,,,,,,,,证据缺失_无吃水数据
367740750_1,367740750,ERNEST CAMPBELL,Tug Tow,2017-01-13 00:17:02+00:00,2017-01-18 19:55:23+00:00,3834,139.63916666666665,3.4890453834115807,3.5412355994934934,8.8,21.2999,-160.00288,22.65847,-155.53339,0.4932185706833594,55.741557320804034,0,,0,3834.0,4.6,4.6,4.6,0.0,0.0,False,证据缺失_该船吃水字段不更新
367745320_1,367745320,EXPEDITIONS SIX,Passenger,2017-01-01 00:00:02+00:00,2017-01-01 04:43:04+00:00,195,4.717222222222222,12.692307692307692,8.99885401109968,22.8,20.74209,-156.88795,20.8661,-156.68309,0.24102564102564103,59.627370422562045,0,11.265833333333333,1,,,,,,,,证据缺失_无吃水数据
367745320_10,367745320,EXPEDITIONS SIX,Passenger,2017-01-11 21:42:42+00:00,2017-01-11 22:59:23+00:00,67,1.2780555555555555,0.17164179104477612,0.1368542358256047,0.9,20.86548,-156.68231,20.86538,-156.68226,0.9701492537313433,104.15654361627298,0,16.898888888888887,1,,,,,,,,证据缺失_无吃水数据
367745320_11,367745320,EXPEDITIONS SIX,Passenger,2017-01-12 15:53:19+00:00,2017-01-13 07:39:50+00:00,780,15.775277777777777,10.782051282051283,9.40917318760732,21.7,20.86602,-156.68314,20.86628,-156.683,0.35,59.38720045346448,0,8.480277777777777,1,,,,,,,,证据缺失_无吃水数据
367745320_12,367745320,EXPEDITIONS SIX,Passenger,2017-01-13 16:08:39+00:00,2017-01-14 06:53:11+00:00,731,14.742222222222223,11.327222982216144,9.244573992618875,21.8,20.86619,-156.68268,20.86628,-156.68303,0.32694938440492477,59.25170746290815,0,9.06638888888889,1,,,,,,,,证据缺失_无吃水数据
367745320_13,367745320,EXPEDITIONS SIX,Passenger,2017-01-14 15:57:10+00:00,2017-01-15 07:00:13+00:00,767,15.050833333333333,10.536897001303782,9.775210148112878,22.3,20.86542,-156.68279,20.86612,-156.68278,0.39374185136897,63.39069878164668,0,8.828888888888889,1,,,,,,,,证据缺失_无吃水数据
367745320_14,367745320,EXPEDITIONS SIX,Passenger,2017-01-15 15:49:57+00:00,2017-01-16 07:10:26+00:00,745,15.341388888888888,10.933557046979866,9.846427021982535,22.7,20.8663,-156.68259,20.86624,-156.68295,0.3731543624161074,60.0272651886495,0,11.027777777777779,1,,,,,,,,证据缺失_无吃水数据
367745320_15,367745320,EXPEDITIONS SIX,Passenger,2017-01-16 18:12:06+00:00,2017-01-17 07:11:06+00:00,628,12.983333333333333,11.718471337579617,9.557166681608015,22.5,20.74401,-156.85367,20.86622,-156.68296,0.3535031847133758,55.65069798612592,0,8.7,1,,,,,,,,证据缺失_无吃水数据
367745320_16,367745320,EXPEDITIONS SIX,Passenger,2017-01-17 15:53:06+00:00,2017-01-18 07:08:19+00:00,786,15.25361111111111,10.500763358778626,9.675794181725564,22.0,20.86629,-156.68241,20.86619,-156.68301,0.38295165394402036,63.15866916355073,0,8.694166666666666,1,,,,,,,,证据缺失_无吃水数据
367745320_17,367745320,EXPEDITIONS SIX,Passenger,2017-01-18 15:49:58+00:00,2017-01-19 07:21:16+00:00,734,15.521666666666667,10.968392370572207,9.379684492420287,21.7,20.86614,-156.68267,20.86638,-156.68253,0.35967302452316074,61.04177531886526,0,11.614166666666666,1,,,,,,,,证据缺失_无吃水数据
367745320_18,367745320,EXPEDITIONS SIX,Passenger,2017-01-19 18:58:07+00:00,2017-01-20 01:24:28+00:00,318,6.439166666666667,0.17798742138364781,0.11573264018986675,0.8,20.86557,-156.68249,20.86632,-156.68253,0.9685534591194969,108.18152972664384,0,14.564722222222223,1,,,,,,,,证据缺失_无吃水数据
367745320_19,367745320,EXPEDITIONS SIX,Passenger,2017-01-20 15:58:21+00:00,2017-01-21 06:56:51+00:00,738,14.975,11.066531165311654,9.439742720646517,21.2,20.86547,-156.68279,20.86541,-156.68308,0.35636856368563685,61.29640554176301,0,9.046111111111111,1,,,,,,,,证据缺失_无吃水数据
367745320_2,367745320,EXPEDITIONS SIX,Passenger,2017-01-01 15:59:01+00:00,2017-01-02 06:56:59+00:00,656,14.966111111111111,12.689634146341463,9.319293744510965,23.4,20.86525,-156.68269,20.86624,-156.68303,0.2804878048780488,51.35716637698178,0,8.866388888888888,1,,,,,,,,证据缺失_无吃水数据
367745320_20,367745320,EXPEDITIONS SIX,Passenger,2017-01-21 15:59:37+00:00,2017-01-21 22:48:05+00:00,315,6.807777777777778,10.631746031746031,9.812695296394395,23.1,20.86525,-156.6828,20.86555,-156.68311,0.3492063492063492,63.448549755267706,0,17.125,1,,,,,,,,证据缺失_无吃水数据
367745320_21,367745320,EXPEDITIONS SIX,Passenger,2017-01-22 15:55:35+00:00,2017-01-23 06:43:17+00:00,728,14.795,11.328434065934067,9.850726407196044,23.4,20.86638,-156.68279,20.86624,-156.68307,0.37362637362637363,61.67047796486057,0,58.204166666666666,1,,,,,,,,证据缺失_无吃水数据
367745320_22,367745320,EXPEDITIONS SIX,Passenger,2017-01-25 16:55:32+00:00,2017-01-26 06:59:39+00:00,692,14.06861111111111,11.48815028901734,9.522272074420624,21.9,20.86449,-156.68905,20.86627,-156.68297,0.3511560693641618,57.36280957991047,0,12.551666666666666,1,,,,,,,,证据缺失_无吃水数据
367745320_23,367745320,EXPEDITIONS SIX,Passenger,2017-01-26 19:32:45+00:00,2017-01-26 23:58:40+00:00,227,4.4319444444444445,0.1418502202643172,0.12069897660498657,1.3,20.86624,-156.68285,20.86606,-156.68215,0.986784140969163,100.17650690208382,0,14.935277777777777,1,,,,,,,,证据缺失_无吃水数据
367745320_24,367745320,EXPEDITIONS SIX,Passenger,2017-01-27 14:54:47+00:00,2017-01-28 06:45:59+00:00,740,15.853333333333333,11.091891891891892,9.270388155369748,21.8,20.86578,-156.6831,20.8662,-156.683,0.3527027027027027,59.24627765335388,0,9.131388888888889,1,,,,,,,,证据缺失_无吃水数据
367745320_25,367745320,EXPEDITIONS SIX,Passenger,2017-01-28 15:53:52+00:00,2017-01-29 00:00:08+00:00,402,8.104444444444445,10.16542288557214,9.739836364859423,21.3,20.86592,-156.68312,20.74222,-156.88809,0.42786069651741293,59.47957226819123,0,22.185277777777777,1,,,,,,,,证据缺失_无吃水数据
367745320_26,367745320,EXPEDITIONS SIX,Passenger,2017-01-29 22:11:15+00:00,2017-01-30 03:55:12+00:00,297,5.7325,11.511447811447812,9.133447788478813,23.1,20.74222,-156.88809,20.87191,-156.67864,0.3333333333333333,52.80610796998054,0,11.903055555555556,1,,,,,,,,证据缺失_无吃水数据
367745320_27,367745320,EXPEDITIONS SIX,Passenger,2017-01-30 15:49:23+00:00,2017-01-31 07:19:21+00:00,762,15.499444444444444,11.255905511811024,9.351397994329687,22.8,20.86553,-156.68316,20.86621,-156.6831,0.3543307086614173,54.87290881381188,0,8.538055555555555,1,,,,,,,,证据缺失_无吃水数据
367745320_28,367745320,EXPEDITIONS SIX,Passenger,2017-01-31 15:51:38+00:00,2017-01-31 23:59:12+00:00,401,8.126111111111111,10.714713216957607,9.542238101202981,22.6,20.86602,-156.68246,20.74222,-156.88808,0.341645885286783,59.732745262368006,0,,0,,,,,,,,证据缺失_无吃水数据
367745320_3,367745320,EXPEDITIONS SIX,Passenger,2017-01-02 15:48:58+00:00,2017-01-03 07:55:01+00:00,742,16.100833333333334,11.215633423180593,9.394910519015703,21.7,20.86542,-156.68254,20.86617,-156.68304,0.33962264150943394,58.033221379747964,0,7.9191666666666665,2,,,,,,,,证据缺失_无吃水数据
367745320_4,367745320,EXPEDITIONS SIX,Passenger,2017-01-03 15:50:10+00:00,2017-01-04 07:32:25+00:00,725,15.704166666666667,11.468689655172414,9.370267074559864,22.0,20.86554,-156.68291,20.86608,-156.68306,0.34620689655172415,55.505522009514266,0,12.456666666666667,2,,,,,,,,证据缺失_无吃水数据
367745320_5,367745320,EXPEDITIONS SIX,Passenger,2017-01-04 19:59:49+00:00,2017-01-05 04:25:32+00:00,429,8.428611111111111,0.15594405594405597,0.10089949030259754,0.5,20.8662,-156.68278,20.86603,-156.68318,0.9906759906759907,106.00206117006343,0,14.631666666666666,1,,,,,,,,证据缺失_无吃水数据
367745320_6,367745320,EXPEDITIONS SIX,Passenger,2017-01-05 19:03:26+00:00,2017-01-06 01:23:32+00:00,344,6.335,0.3828488372093023,0.2448823608780304,2.0,20.86553,-156.68247,20.86544,-156.68299,0.6308139534883721,113.21831762796789,0,14.778611111111111,1,,,,,,,,证据缺失_无吃水数据
367745320_7,367745320,EXPEDITIONS SIX,Passenger,2017-01-06 16:10:15+00:00,2017-01-07 07:17:31+00:00,593,15.12111111111111,13.641821247892075,8.606301002621471,21.2,20.86526,-156.68275,20.86525,-156.6827,0.19224283305227655,49.01664880303614,1,56.590555555555554,4,,,,,,,,证据缺失_无吃水数据
367745320_8,367745320,EXPEDITIONS SIX,Passenger,2017-01-09 15:52:57+00:00,2017-01-10 07:29:29+00:00,727,15.608888888888888,11.206327372764786,9.25938812498716,21.4,20.86602,-156.68258,20.86604,-156.68318,0.3535075653370014,56.89929980972767,0,8.41,2,,,,,,,,证据缺失_无吃水数据
367745320_9,367745320,EXPEDITIONS SIX,Passenger,2017-01-10 15:54:05+00:00,2017-01-11 07:31:14+00:00,743,15.619166666666667,10.906191117092867,9.40074777097291,21.4,20.866,-156.68319,20.8662,-156.68306,0.36877523553162855,63.2656872051596,0,14.19111111111111,2,,,,,,,,证据缺失_无吃水数据
367753850_1,367753850,KA PE'A,Passenger,2017-01-02 21:08:12+00:00,2017-01-03 01:32:09+00:00,70,4.399166666666667,0.005714285714285714,0.03763175611532076,0.3,19.66945,-156.02246,19.66944,-156.02247,1.0,43.04917002763469,0,22.99111111111111,2,,,,,,,,证据缺失_无吃水数据
367753850_2,367753850,KA PE'A,Passenger,2017-01-04 00:31:37+00:00,2017-01-04 01:47:08+00:00,23,1.2586111111111111,0.08695652173913043,0.4170288281141495,2.0,19.66947,-156.02249,19.66945,-156.02248,0.9565217391304348,46.51196001290877,0,19.24972222222222,1,,,,,,,,证据缺失_无吃水数据
367753850_3,367753850,KA PE'A,Passenger,2017-01-04 21:02:07+00:00,2017-01-05 03:10:35+00:00,104,6.141111111111111,0.0009615384615384616,0.009805806756909199,0.1,19.66945,-156.0225,19.66943,-156.02248,1.0,18.515773087731443,0,18.244444444444444,1,,,,,,,,证据缺失_无吃水数据
367753850_4,367753850,KA PE'A,Passenger,2017-01-05 21:25:15+00:00,2017-01-05 23:14:34+00:00,31,1.8219444444444444,0.01935483870967742,0.10776318121606494,0.6,19.66945,-156.02251,19.66944,-156.02249,0.967741935483871,24.870069025503994,0,23.904166666666665,1,,,,,,,,证据缺失_无吃水数据
367753850_5,367753850,KA PE'A,Passenger,2017-01-06 23:08:49+00:00,2017-01-16 19:18:21+00:00,3648,236.1588888888889,0.22516447368421053,1.4868650669309609,22.8,19.66945,-156.02246,19.66943,-156.02249,0.9692982456140351,12.131779936154594,0,267.7783333333333,4,,,,,,,,证据缺失_无吃水数据
367753850_6,367753850,KA PE'A,Passenger,2017-01-27 23:05:03+00:00,2017-01-31 23:58:08+00:00,1719,96.88472222222222,0.25026178010471206,1.6838646341238181,16.5,19.66945,-156.02249,19.66946,-156.02246,0.9755671902268761,10.249003500830662,0,,0,,,,,,,,证据缺失_无吃水数据
367754830_1,367754830,CAPTAIN ALEX,Fishing,2017-01-01 00:00:01+00:00,2017-01-01 09:47:32+00:00,408,9.791944444444445,7.0379901960784315,0.6646961803626235,8.8,21.31263,-158.2865,22.41341,-158.5707,0.0,6.924343110881865,1,652.2147222222222,1,,,,,,,,证据缺失_无吃水数据
367754830_2,367754830,CAPTAIN ALEX,Fishing,2017-01-28 14:00:25+00:00,2017-01-31 23:59:39+00:00,1685,81.98722222222223,1.7100890207715134,3.093083665174055,8.7,20.92967,-159.18943,21.31283,-157.8664,0.7637982195845697,10.01810297032325,0,0.9744444444444444,1,,,,,,,,证据缺失_无吃水数据
367755410_1,367755410,LADY ALICE,Fishing,2017-01-03 20:48:36+00:00,2017-01-08 11:28:44+00:00,2880,110.66888888888889,2.833645833333333,3.5075559643310403,10.0,22.20169,-158.64848,22.15018,-158.6562,0.5892361111111111,11.228740318609566,1,499.8675,1,,,,,,,,证据缺失_无吃水数据
367755410_2,367755410,LADY ALICE,Fishing,2017-01-29 07:20:47+00:00,2017-01-31 23:58:47+00:00,1628,64.63333333333334,2.587960687960688,3.5025834726795457,9.4,22.15025,-158.74814,21.3168,-157.87956,0.6412776412776413,4.53072576162629,0,,0,,,,,,,,证据缺失_无吃水数据
367757620_1,367757620,TESLA,Pleasure Craft/Sailing,2017-01-29 20:05:49+00:00,2017-01-31 23:57:18+00:00,1775,51.85805555555555,3.9429859154929576,3.917152908416872,10.5,20.71436,-154.41681,20.86006,-156.67623,0.47774647887323946,60.51386648176826,0,,0,,,,,,,,证据缺失_无吃水数据
367762610_1,367762610,KALANI,Fishing,2017-01-12 03:12:23+00:00,2017-01-12 03:50:25+00:00,13,0.6338888888888888,0.05384615384615385,0.05188745216627709,0.1,21.3133,-157.86672,21.31331,-157.86672,1.0,0.0,0,12.938055555555556,1,,,,,,,,证据缺失_无吃水数据
367762610_2,367762610,KALANI,Fishing,2017-01-12 16:46:42+00:00,2017-01-12 19:12:38+00:00,48,2.4322222222222223,0.06458333333333334,0.04833211052500624,0.1,21.31331,-157.86672,21.31331,-157.86672,1.0,0.0,0,126.92222222222222,1,,,,,,,,证据缺失_无吃水数据
367762610_3,367762610,KALANI,Fishing,2017-01-18 02:07:58+00:00,2017-01-18 02:07:58+00:00,1,0.0,0.0,,0.0,21.31334,-157.86673,21.31334,-157.86673,1.0,,0,282.6166666666667,1,,,,,,,,证据缺失_无吃水数据
367762610_4,367762610,KALANI,Fishing,2017-01-29 20:44:58+00:00,2017-01-31 03:36:18+00:00,560,30.855555555555554,0.024107142857142858,0.043227433883156495,0.2,21.31332,-157.86672,21.3133,-157.86673,1.0,0.17470855585179731,0,,0,,,,,,,,证据缺失_无吃水数据
367806000_1,367806000,CG MORGENTHAU,Military,2017-01-12 19:04:18+00:00,2017-01-13 17:02:15+00:00,991,21.965833333333332,12.301614530776993,3.5041645377791597,15.8,21.30706,-157.87253,22.80343,-159.18277,0.02320887991927346,18.078786721670642,1,2.243333333333333,1,,,,,,,,证据缺失_无吃水数据
367884000_1,367884000,SIOUX,"Public Vessel, Unclassified",2017-01-05 19:43:29+00:00,2017-01-06 13:05:43+00:00,463,17.370555555555555,2.26133909287257,3.171845151666834,9.8,21.2914,-157.93938,21.37894,-157.96612,0.6177105831533477,38.51255698624643,0,319.1022222222222,1,,,,,,,,证据缺失_无吃水数据
367884000_10,367884000,SIOUX,"Public Vessel, Unclassified",2017-01-29 17:36:14+00:00,2017-01-30 02:06:18+00:00,168,8.501111111111111,0.11785714285714285,0.08285434053253496,0.4,21.28915,-157.93797,21.28862,-157.9377,1.0,104.35705326103826,0,15.599166666666667,1,,,,,,,,证据缺失_无吃水数据
367884000_11,367884000,SIOUX,"Public Vessel, Unclassified",2017-01-30 17:42:15+00:00,2017-01-31 03:12:19+00:00,190,9.501111111111111,0.10842105263157896,0.07511988005740214,0.4,21.28874,-157.93781,21.28862,-157.93778,1.0,98.71069583054194,0,14.551666666666666,1,,,,,,,,证据缺失_无吃水数据
367884000_12,367884000,SIOUX,"Public Vessel, Unclassified",2017-01-31 17:45:25+00:00,2017-01-31 23:57:27+00:00,122,6.200555555555556,0.11557377049180328,0.07927407401199514,0.4,21.28932,-157.93792,21.28874,-157.93781,1.0,97.80870019243345,0,,0,,,,,,,,证据缺失_无吃水数据
367884000_2,367884000,SIOUX,"Public Vessel, Unclassified",2017-01-19 20:11:51+00:00,2017-01-20 01:53:54+00:00,113,5.700833333333334,0.1088495575221239,0.0807968375042942,0.4,21.28966,-157.93805,21.28953,-157.93807,1.0,109.4054775260779,0,17.581944444444446,1,,,,,,,,证据缺失_无吃水数据
367884000_3,367884000,SIOUX,"Public Vessel, Unclassified",2017-01-20 19:28:49+00:00,2017-01-21 01:46:53+00:00,127,6.301111111111111,0.11811023622047244,0.11779543934002212,1.1,21.28961,-157.93805,21.2893,-157.93804,0.9921259842519685,100.69379384731253,0,16.159444444444443,1,,,,,,,,证据缺失_无吃水数据
367884000_4,367884000,SIOUX,"Public Vessel, Unclassified",2017-01-21 17:56:27+00:00,2017-01-22 15:11:38+00:00,422,21.253055555555555,0.12085308056872038,0.08875615653592217,0.5,21.28914,-157.93805,21.28908,-157.93806,0.995260663507109,111.8586482813908,0,29.466944444444444,1,,,,,,,,证据缺失_无吃水数据
367884000_5,367884000,SIOUX,"Public Vessel, Unclassified",2017-01-23 20:39:39+00:00,2017-01-24 14:42:43+00:00,357,18.051111111111112,0.0927170868347339,0.07191334567291145,0.3,21.2896,-157.93804,21.28953,-157.93804,1.0,108.5298342480177,0,6.221111111111111,1,,,,,,,,证据缺失_无吃水数据
367884000_6,367884000,SIOUX,"Public Vessel, Unclassified",2017-01-24 20:55:59+00:00,2017-01-25 17:29:08+00:00,405,20.5525,0.07827160493827161,0.06579276878501161,0.3,21.2895,-157.93804,21.28926,-157.93803,1.0,103.09022537071706,0,23.94611111111111,1,,,,,,,,证据缺失_无吃水数据
367884000_7,367884000,SIOUX,"Public Vessel, Unclassified",2017-01-26 17:25:54+00:00,2017-01-27 10:38:00+00:00,336,17.201666666666668,0.08095238095238096,0.06272649082349946,0.2,21.28933,-157.93803,21.28931,-157.938,1.0,103.49583858984879,0,8.929444444444444,1,,,,,,,,证据缺失_无吃水数据
367884000_8,367884000,SIOUX,"Public Vessel, Unclassified",2017-01-27 19:33:46+00:00,2017-01-28 11:12:46+00:00,297,15.65,0.06363636363636364,0.05597033261182335,0.2,21.28951,-157.93801,21.28937,-157.938,1.0,100.26484382778618,0,6.503888888888889,1,,,,,,,,证据缺失_无吃水数据
367884000_9,367884000,SIOUX,"Public Vessel, Unclassified",2017-01-28 17:43:00+00:00,2017-01-29 05:19:02+00:00,233,11.600555555555555,0.05278969957081545,0.055735160978559184,0.2,21.28923,-157.938,21.28924,-157.93796,1.0,91.69417038704044,0,12.286666666666667,1,,,,,,,,证据缺失_无吃水数据
367901000_1,367901000,CG GALVESTON ISLAND,"Public Vessel, Unclassified",2017-01-01 16:56:45+00:00,2017-01-01 17:50:57+00:00,35,0.9033333333333333,3.6114285714285717,4.373971908014596,9.2,21.30932,-157.87416,21.27347,-157.875,0.5714285714285714,60.39418886058776,1,13.11,1,,,,,,,,证据缺失_无吃水数据
367901000_2,367901000,CG GALVESTON ISLAND,"Public Vessel, Unclassified",2017-01-02 06:57:33+00:00,2017-01-02 06:57:33+00:00,1,0.0,12.6,,12.6,21.20781,-157.78249,21.20781,-157.78249,0.0,,0,,0,,,,,,,,证据缺失_无吃水数据
367914000_1,367914000,CG KISKA,"Public Vessel, Unclassified",2017-01-01 09:16:02+00:00,2017-01-01 11:54:33+00:00,139,2.6419444444444444,5.512230215827339,3.8819063826949667,9.3,21.26853,-157.86644,21.16381,-158.01005,0.014388489208633094,21.488820562847796,0,,0,,,,,,,,证据缺失_无吃水数据
368144000_1,368144000,KILAUEA,Fishing,2017-01-10 18:11:10+00:00,2017-01-16 12:01:23+00:00,3103,137.83694444444444,2.750048340315823,3.9037384540609295,10.1,22.72958,-157.7755,19.62808,-157.94514,0.661295520464067,14.285363208754966,0,0.5252777777777777,1,,,,,,,,证据缺失_无吃水数据
368305000_1,368305000,MANULANI,Cargo,2017-01-08 15:30:23+00:00,2017-01-11 00:19:40+00:00,1588,56.82138888888889,9.502392947103274,9.072117795880532,20.7,22.44965,-155.16302,18.26567,-160.15382,0.43136020151133503,67.94938019308847,0,2.636111111111111,3,1588.0,12.5,12.5,12.5,0.0,0.0,False,证据缺失_该船吃水字段不更新
368492000_1,368492000,KATHERINE II,Fishing,2017-01-08 17:32:54+00:00,2017-01-09 22:55:30+00:00,711,29.376666666666665,6.433755274261602,0.8011346473118931,7.7,18.6321,-156.31097,21.31082,-157.87457,0.004219409282700422,8.643472216127753,1,193.62333333333333,2,,,,,,,,证据缺失_无吃水数据
368492000_2,368492000,KATHERINE II,Fishing,2017-01-18 00:32:54+00:00,2017-01-19 10:29:30+00:00,943,33.943333333333335,5.361823966065748,1.5883084188918355,8.5,21.31664,-157.87729,18.74822,-156.26983,0.053022269353128315,13.319414803451876,0,1.688611111111111,2,,,,,,,,证据缺失_无吃水数据
368501000_1,368501000,C-COMMANDO,Industrial Vessel,2017-01-01 00:01:42+00:00,2017-01-31 23:57:58+00:00,14805,743.9377777777778,0.13140830800405268,1.0502941243710395,11.7,21.37107,-157.9728,21.37133,-157.97331,0.9771023302938197,12.559162716496123,0,,0,14805.0,4.8,4.8,4.8,0.0,0.0,False,证据缺失_该船吃水字段不更新
368806000_1,368806000,LTG WILLIAM B BUNKER,"Public Vessel, Unclassified",2017-01-01 00:02:35+00:00,2017-01-31 23:58:57+00:00,16128,743.9394444444445,1.134046378968254,2.7717504046908075,10.5,21.33,-157.96683,21.32967,-157.96733,0.8570808531746031,96.7552048667162,1,1.9747222222222223,2,,,,,,,,证据缺失_无吃水数据
368826000_1,368826000,CG KUKUI,"Public Vessel, Unclassified",2017-01-10 00:56:05+00:00,2017-01-10 13:45:14+00:00,649,12.819166666666666,12.12326656394453,3.6487226487380804,15.4,21.3083,-157.87338,21.46775,-155.22942,0.020030816640986132,16.140197092372347,0,,0,649.0,4.0,4.0,4.0,0.0,0.0,False,证据缺失_该船吃水字段不更新
369004000_1,369004000,KIMMY I,Fishing,2017-01-12 21:56:03+00:00,2017-01-13 00:18:25+00:00,103,2.372777777777778,8.856310679611651,0.6622406858999982,10.1,21.07487,-158.1508,21.3031,-157.86771,0.0,6.9878967389901625,1,141.4661111111111,1,,,,,,,,证据缺失_无吃水数据
369004000_2,369004000,KIMMY I,Fishing,2017-01-18 21:46:23+00:00,2017-01-19 02:11:52+00:00,133,4.424722222222222,5.322556390977444,3.036460672453469,8.0,21.31699,-157.87743,21.02537,-158.02543,0.23308270676691728,33.57651269098124,0,,0,,,,,,,,证据缺失_无吃水数据
369296000_1,369296000,MANUKAI,Cargo,2017-01-02 07:31:12+00:00,2017-01-04 10:05:22+00:00,1618,50.56944444444444,9.155129789864029,9.3225696312014,20.8,22.33625,-155.27419,21.0755,-160.62694,0.48022249690976515,5.21097624537802,0,,0,1618.0,12.5,12.5,12.5,0.0,0.0,False,证据缺失_该船吃水字段不更新
369347000_1,369347000,PERSISTENCE LAB,Offshore supply vessel,2017-01-01 00:02:32+00:00,2017-01-11 01:20:09+00:00,4640,241.29361111111112,0.08762931034482759,0.5612457125179167,9.2,21.29244,-157.85937,21.30965,-157.87027,0.9941810344827586,22.683898890792307,0,,0,4640.0,3.2,3.2,3.2,0.0,0.0,False,证据缺失_该船吃水字段不更新
369494209_1,369494209,CG24209,"Public Vessel, Unclassified",2017-01-02 18:31:05+00:00,2017-01-02 19:31:24+00:00,4,1.0052777777777777,0.0,0.0,0.0,21.30661,-157.87199,21.30658,-157.87203,1.0,139.79564847781683,0,82.56027777777778,2,,,,,,,,证据缺失_无吃水数据
369494209_2,369494209,CG24209,"Public Vessel, Unclassified",2017-01-06 06:05:01+00:00,2017-01-06 06:07:22+00:00,3,0.03916666666666667,0.03333333333333333,0.05773502691896258,0.1,21.30655,-157.87202,21.30659,-157.87205,1.0,8.555992052357201,0,,0,,,,,,,,证据缺失_无吃水数据
369494220_1,369494220,CG24220,"Public Vessel, Unclassified",2017-01-01 20:44:33+00:00,2017-01-01 22:11:17+00:00,40,1.4455555555555555,9.4025,10.580545463618229,29.3,21.27039,-157.93665,21.3079,-157.87369,0.15,64.70389171633238,0,44.14194444444445,1,,,,,,,,证据缺失_无吃水数据
369494220_2,369494220,CG24220,"Public Vessel, Unclassified",2017-01-03 18:19:48+00:00,2017-01-03 18:44:19+00:00,23,0.4086111111111111,6.221739130434782,6.83493409702478,27.7,21.30754,-157.8724,21.30812,-157.87337,0.0,54.47900366037213,0,,0,,,,,,,,证据缺失_无吃水数据
369565000_1,369565000,KILO MOANA,Research Vessel,2017-01-19 18:05:47+00:00,2017-01-27 20:02:46+00:00,5997,193.94972222222222,4.446656661664165,4.891960591620137,12.6,18.99216,-158.42142,21.3151,-157.87754,0.4215441053860263,47.90616413770307,0,10.9825,7,5997.0,7.6,7.6,7.6,0.0,0.0,False,证据缺失_该船吃水字段不更新
369565000_2,369565000,KILO MOANA,Research Vessel,2017-01-28 07:01:43+00:00,2017-01-31 23:58:04+00:00,1785,88.93916666666667,0.0,0.0,0.0,21.3151,-157.87754,21.31515,-157.87752,1.0,0.0,0,,0,1785.0,7.6,7.6,7.6,0.0,0.0,False,证据缺失_该船吃水字段不更新
369629000_1,369629000,MAJESTIC,Passenger,2017-01-01 00:01:16+00:00,2017-01-01 11:57:06+00:00,628,11.930555555555555,1.378503184713376,2.3596014426364285,10.4,21.30504,-157.86463,21.30938,-157.86997,0.6576433121019108,24.99070723947055,0,7.554722222222222,1,,,,,,,,证据缺失_无吃水数据
369629000_10,369629000,MAJESTIC,Passenger,2017-01-09 19:17:19+00:00,2017-01-10 06:31:50+00:00,596,11.241944444444444,2.773657718120805,3.3751281148854044,11.0,21.30941,-157.86997,21.30938,-157.86997,0.46476510067114096,49.39519822829849,0,12.966388888888888,1,,,,,,,,证据缺失_无吃水数据
369629000_11,369629000,MAJESTIC,Passenger,2017-01-10 19:29:49+00:00,2017-01-11 06:38:30+00:00,544,11.144722222222223,2.5091911764705883,3.7913427710486873,12.2,21.30941,-157.86995,21.30939,-157.86995,0.6176470588235294,39.78298292695189,0,12.585277777777778,1,,,,,,,,证据缺失_无吃水数据
369629000_12,369629000,MAJESTIC,Passenger,2017-01-11 19:13:37+00:00,2017-01-12 06:33:53+00:00,571,11.337777777777777,2.505954465849387,3.7140226819627165,11.3,21.30941,-157.86996,21.30938,-157.86996,0.626970227670753,47.01143312153148,0,13.22638888888889,1,,,,,,,,证据缺失_无吃水数据
369629000_13,369629000,MAJESTIC,Passenger,2017-01-12 19:47:28+00:00,2017-01-13 06:38:04+00:00,559,10.843333333333334,1.838282647584973,2.75078377600508,11.9,21.30942,-157.86996,21.30939,-157.86996,0.5796064400715564,60.90002877152442,0,12.969722222222222,1,,,,,,,,证据缺失_无吃水数据
369629000_14,369629000,MAJESTIC,Passenger,2017-01-13 19:36:15+00:00,2017-01-14 07:13:05+00:00,459,11.613888888888889,1.8100217864923747,2.932647841451429,10.6,21.30942,-157.86996,21.30939,-157.86999,0.6209150326797386,40.545353485669594,0,12.206666666666667,2,,,,,,,,证据缺失_无吃水数据
369629000_15,369629000,MAJESTIC,Passenger,2017-01-14 19:25:29+00:00,2017-01-15 06:46:58+00:00,464,11.358055555555556,2.90625,3.726303640726849,10.6,21.30942,-157.86993,21.3094,-157.86997,0.5258620689655172,32.69343122038134,0,12.741111111111111,1,,,,,,,,证据缺失_无吃水数据
369629000_16,369629000,MAJESTIC,Passenger,2017-01-15 19:31:26+00:00,2017-01-16 06:15:52+00:00,423,10.740555555555556,1.9120567375886524,2.9923395523859284,11.1,21.30942,-157.86996,21.30939,-157.86998,0.5981087470449172,40.5947939046563,0,13.129722222222222,2,,,,,,,,证据缺失_无吃水数据
369629000_17,369629000,MAJESTIC,Passenger,2017-01-16 19:23:39+00:00,2017-01-17 06:14:38+00:00,441,10.849722222222223,3.153514739229025,3.717439567325081,10.9,21.30942,-157.86996,21.30938,-157.86997,0.4421768707482993,34.805956674169174,0,12.980277777777777,1,,,,,,,,证据缺失_无吃水数据
369629000_18,369629000,MAJESTIC,Passenger,2017-01-17 19:13:27+00:00,2017-01-18 06:37:28+00:00,442,11.400277777777777,1.7873303167420815,2.599829512016215,10.8,21.30943,-157.86996,21.30939,-157.86996,0.583710407239819,28.66322084538104,0,12.626666666666667,2,,,,,,,,证据缺失_无吃水数据
369629000_19,369629000,MAJESTIC,Passenger,2017-01-18 19:15:04+00:00,2017-01-19 06:22:39+00:00,414,11.126388888888888,1.9840579710144928,2.691667162346411,10.2,21.30944,-157.86997,21.3094,-157.86996,0.5048309178743962,37.13371099871733,0,13.468333333333334,1,,,,,,,,证据缺失_无吃水数据
369629000_2,369629000,MAJESTIC,Passenger,2017-01-01 19:30:23+00:00,2017-01-02 06:29:33+00:00,577,10.98611111111111,1.933622183708839,3.0028827959435413,10.7,21.30942,-157.86995,21.30938,-157.86998,0.584055459272097,30.482041469919842,0,12.909166666666666,1,,,,,,,,证据缺失_无吃水数据
369629000_20,369629000,MAJESTIC,Passenger,2017-01-19 19:50:45+00:00,2017-01-20 06:25:23+00:00,411,10.577222222222222,2.9389294403892947,3.5183897123797894,10.7,21.30944,-157.86996,21.30941,-157.86998,0.5085158150851582,35.51719520327639,0,13.023055555555555,1,,,,,,,,证据缺失_无吃水数据
369629000_21,369629000,MAJESTIC,Passenger,2017-01-20 19:26:46+00:00,2017-01-21 07:01:25+00:00,477,11.5775,1.5431865828092244,2.564680249532212,10.7,21.30942,-157.86997,21.30939,-157.86996,0.5807127882599581,38.727162229926115,0,12.218055555555555,1,,,,,,,,证据缺失_无吃水数据
369629000_22,369629000,MAJESTIC,Passenger,2017-01-21 19:14:30+00:00,2017-01-22 01:16:35+00:00,286,6.034722222222222,2.141958041958042,3.0193391303724497,10.8,21.30942,-157.86997,21.30944,-157.86996,0.534965034965035,50.13530876120313,0,22.475277777777777,1,,,,,,,,证据缺失_无吃水数据
369629000_23,369629000,MAJESTIC,Passenger,2017-01-22 23:45:06+00:00,2017-01-23 06:19:23+00:00,337,6.5713888888888885,1.316913946587537,2.285248755934754,10.6,21.30944,-157.86998,21.3094,-157.86996,0.6617210682492581,42.1618106488028,0,13.058055555555555,1,,,,,,,,证据缺失_无吃水数据
369629000_24,369629000,MAJESTIC,Passenger,2017-01-23 19:22:52+00:00,2017-01-24 06:18:07+00:00,498,10.920833333333333,2.452409638554217,3.185543965953317,10.7,21.30942,-157.86995,21.3094,-157.86997,0.4959839357429719,38.13731402535246,0,13.105277777777777,1,,,,,,,,证据缺失_无吃水数据
369629000_25,369629000,MAJESTIC,Passenger,2017-01-24 19:24:26+00:00,2017-01-25 06:34:28+00:00,490,11.167222222222222,2.0755102040816324,3.1480919408419146,12.0,21.30942,-157.86997,21.3094,-157.86998,0.5857142857142857,38.30484817151248,0,12.651666666666667,1,,,,,,,,证据缺失_无吃水数据
369629000_26,369629000,MAJESTIC,Passenger,2017-01-25 19:13:34+00:00,2017-01-26 06:34:31+00:00,416,11.349166666666667,2.117548076923077,2.7588202031567213,10.3,21.30943,-157.86998,21.30939,-157.86995,0.5240384615384616,31.37851712465028,0,12.469166666666666,2,,,,,,,,证据缺失_无吃水数据
369629000_27,369629000,MAJESTIC,Passenger,2017-01-26 19:02:40+00:00,2017-01-27 06:46:40+00:00,485,11.733333333333333,2.1750515463917526,3.2689587278968286,11.0,21.30941,-157.86997,21.30939,-157.86995,0.6041237113402061,35.307846552833205,0,13.392222222222221,1,,,,,,,,证据缺失_无吃水数据
369629000_28,369629000,MAJESTIC,Passenger,2017-01-27 20:10:12+00:00,2017-01-28 07:36:16+00:00,474,11.434444444444445,3.1829113924050634,3.950066657793461,11.2,21.30458,-157.86717,21.30939,-157.86996,0.4767932489451477,29.261774770431263,1,12.750833333333333,2,,,,,,,,证据缺失_无吃水数据
369629000_29,369629000,MAJESTIC,Passenger,2017-01-28 20:21:19+00:00,2017-01-29 06:34:47+00:00,450,10.224444444444444,3.7779999999999996,4.441616361416693,11.7,21.305,-157.86465,21.30938,-157.86997,0.5022222222222222,28.58813351138286,0,12.988888888888889,1,,,,,,,,证据缺失_无吃水数据
369629000_3,369629000,MAJESTIC,Passenger,2017-01-02 19:24:06+00:00,2017-01-03 06:28:35+00:00,582,11.074722222222222,2.643127147766323,3.386204549939263,10.8,21.30941,-157.86999,21.30938,-157.86997,0.47079037800687284,34.25174841539544,0,13.286944444444444,1,,,,,,,,证据缺失_无吃水数据
369629000_30,369629000,MAJESTIC,Passenger,2017-01-29 19:34:07+00:00,2017-01-30 06:22:05+00:00,397,10.799444444444445,2.0649874055415616,3.111620175001657,10.8,21.30944,-157.87002,21.30937,-157.86997,0.5440806045340051,32.696699496617796,0,12.984444444444444,2,,,,,,,,证据缺失_无吃水数据
369629000_31,369629000,MAJESTIC,Passenger,2017-01-30 19:21:09+00:00,2017-01-31 06:46:17+00:00,419,11.418888888888889,3.6348448687350836,3.8160487295760133,11.2,21.30942,-157.86999,21.30939,-157.86996,0.42720763723150357,31.024187307645843,0,12.829722222222221,2,,,,,,,,证据缺失_无吃水数据
369629000_32,369629000,MAJESTIC,Passenger,2017-01-31 19:36:04+00:00,2017-01-31 23:59:23+00:00,133,4.3886111111111115,4.287218045112782,2.863125372572052,8.5,21.30943,-157.86999,21.30459,-157.86541,0.24060150375939848,16.052265649354492,0,1.2391666666666667,1,,,,,,,,证据缺失_无吃水数据
369629000_4,369629000,MAJESTIC,Passenger,2017-01-03 19:45:48+00:00,2017-01-04 06:16:05+00:00,493,10.504722222222222,1.8529411764705883,2.968358965789817,11.0,21.30941,-157.86998,21.30939,-157.86997,0.6024340770791075,26.458842702593742,0,12.717222222222222,1,,,,,,,,证据缺失_无吃水数据
369629000_5,369629000,MAJESTIC,Passenger,2017-01-04 18:59:07+00:00,2017-01-05 06:50:10+00:00,536,11.850833333333334,1.8494402985074625,2.6031755704590256,10.3,21.30939,-157.86998,21.30938,-157.86997,0.5541044776119403,30.71842241596135,0,12.917222222222222,1,,,,,,,,证据缺失_无吃水数据
369629000_6,369629000,MAJESTIC,Passenger,2017-01-05 19:45:12+00:00,2017-01-06 06:45:20+00:00,418,11.002222222222223,2.174401913875598,2.9359575548255696,10.5,21.30941,-157.86996,21.30938,-157.86996,0.5311004784688995,33.01686132223452,0,12.70888888888889,2,,,,,,,,证据缺失_无吃水数据
369629000_7,369629000,MAJESTIC,Passenger,2017-01-06 19:27:52+00:00,2017-01-07 07:19:07+00:00,511,11.854166666666666,1.7628180039138943,2.9330214435597126,10.6,21.3094,-157.86994,21.3094,-157.86998,0.589041095890411,31.213928179215287,0,12.186666666666667,1,,,,,,,,证据缺失_无吃水数据
369629000_8,369629000,MAJESTIC,Passenger,2017-01-07 19:30:19+00:00,2017-01-08 08:24:26+00:00,554,12.901944444444444,2.3828519855595665,3.169818990120994,10.5,21.30941,-157.86996,21.30938,-157.86995,0.5108303249097473,29.739931973762484,0,11.26,1,,,,,,,,证据缺失_无吃水数据
369629000_9,369629000,MAJESTIC,Passenger,2017-01-08 19:40:02+00:00,2017-01-09 06:35:02+00:00,460,10.916666666666666,2.27804347826087,3.1851467097098816,11.2,21.30941,-157.86996,21.30938,-157.86995,0.5739130434782609,29.854928241466403,0,12.704722222222221,1,,,,,,,,证据缺失_无吃水数据
369770676_1,369770676,BH1007,Military,2017-01-13 18:45:42+00:00,2017-01-13 19:55:40+00:00,7,1.166111111111111,0.14285714285714285,0.12724180205607039,0.4,21.33079,-157.96709,21.3307,-157.96709,1.0,31.01412581389327,0,98.00111111111111,2,,,,,,,,证据缺失_无吃水数据
369770676_2,369770676,BH1007,Military,2017-01-17 21:55:44+00:00,2017-01-17 22:44:33+00:00,16,0.8136111111111111,0.0125,0.034156502553198666,0.1,21.33137,-157.96763,21.33139,-157.96761,1.0,54.08840470756671,0,47.591944444444444,1,,,,,,,,证据缺失_无吃水数据
369770676_3,369770676,BH1007,Military,2017-01-19 22:20:04+00:00,2017-01-19 22:20:04+00:00,1,0.0,0.1,,0.1,21.3311,-157.96703,21.3311,-157.96703,1.0,,0,141.73194444444445,1,,,,,,,,证据缺失_无吃水数据
369770676_4,369770676,BH1007,Military,2017-01-25 20:03:59+00:00,2017-01-26 00:38:43+00:00,108,4.578888888888889,8.58148148148148,8.336858236850144,29.1,21.33133,-157.96767,21.33133,-157.96765,0.1574074074074074,58.86012654218008,0,1.1288888888888888,2,,,,,,,,证据缺失_无吃水数据
369888000_1,369888000,OKEANOS EXPLORER,Research Vessel,2017-01-01 00:01:56+00:00,2017-01-21 16:14:03+00:00,13450,496.20194444444445,0.5532490706319703,2.261834287198703,11.3,21.36774,-157.96387,18.29021,-159.04267,0.9397026022304833,18.96671300026322,0,3.9716666666666667,2,13450.0,4.6,4.6,4.6,0.0,0.0,False,证据缺失_该船吃水字段不更新
369888002_1,369888002,EXFRB2,"Public Vessel, Unclassified",2017-01-12 18:08:47+00:00,2017-01-13 00:07:21+00:00,8,5.976111111111111,2.25,4.206797220825227,12.0,21.36771,-157.96411,21.36779,-157.96414,0.625,103.58259874083465,1,17.816388888888888,2,,,,,,,,证据缺失_无吃水数据
369888002_2,369888002,EXFRB2,"Public Vessel, Unclassified",2017-01-13 17:56:20+00:00,2017-01-13 20:02:54+00:00,18,2.1094444444444442,1.8999999999999997,1.881176102711217,6.1,21.36768,-157.96408,21.36776,-157.96409,0.3333333333333333,95.99144531430605,0,119.28722222222223,2,,,,,,,,证据缺失_无吃水数据
369888002_3,369888002,EXFRB2,"Public Vessel, Unclassified",2017-01-18 19:20:08+00:00,2017-01-18 19:46:33+00:00,8,0.44027777777777777,0.525,0.7086203900134805,2.1,21.36852,-157.9654,21.36868,-157.96606,0.625,97.61146985687208,0,,0,,,,,,,,证据缺失_无吃水数据
369961004_1,369961004,KAKU,Diving,2017-01-09 21:16:50+00:00,2017-01-09 21:36:50+00:00,6,0.3333333333333333,0.0,0.0,0.0,21.36494,-157.96342,21.36492,-157.9634,1.0,0.0,0,,0,,,,,,,,证据缺失_无吃水数据
369961005_1,369961005,RUBBADUCK,Diving,2017-01-23 21:32:15+00:00,2017-01-24 02:47:59+00:00,37,5.262222222222222,0.016216216216216217,0.03736838766118224,0.1,21.36525,-157.96381,21.36518,-157.96383,1.0,46.7729897636293,0,14.669166666666667,2,,,,,,,,证据缺失_无吃水数据
369961005_2,369961005,RUBBADUCK,Diving,2017-01-24 17:28:08+00:00,2017-01-25 03:04:41+00:00,308,9.609166666666667,4.202597402597403,6.5401286786885375,25.7,21.36519,-157.96381,21.3652,-157.9638,0.2305194805194805,43.12318149719741,0,14.04138888888889,1,,,,,,,,证据缺失_无吃水数据
369961005_3,369961005,RUBBADUCK,Diving,2017-01-25 17:07:10+00:00,2017-01-26 02:05:50+00:00,270,8.977777777777778,5.917037037037037,10.29678941365251,50.5,21.36521,-157.96377,21.36537,-157.96395,0.12962962962962962,60.50099996055473,0,19.003055555555555,2,,,,,,,,证据缺失_无吃水数据
369961005_4,369961005,RUBBADUCK,Diving,2017-01-26 21:06:01+00:00,2017-01-27 03:23:06+00:00,139,6.284722222222222,1.5007194244604316,2.625584721705213,23.0,21.36518,-157.96382,21.36299,-157.96783,0.460431654676259,91.38850483359424,0,14.091388888888888,2,,,,,,,,证据缺失_无吃水数据
369961005_5,369961005,RUBBADUCK,Diving,2017-01-27 17:28:35+00:00,2017-01-28 02:33:06+00:00,207,9.075277777777778,1.5342995169082128,2.8543158204827335,26.7,21.36519,-157.96379,21.36521,-157.96383,0.463768115942029,92.11617093211126,0,64.79861111111111,1,,,,,,,,证据缺失_无吃水数据
369961005_6,369961005,RUBBADUCK,Diving,2017-01-30 19:21:01+00:00,2017-01-31 00:21:12+00:00,189,5.003055555555555,4.057142857142857,3.8083494897220587,17.9,21.36521,-157.96383,21.36534,-157.96393,0.15873015873015872,45.922648534510365,0,17.15972222222222,1,,,,,,,,证据缺失_无吃水数据
369961005_7,369961005,RUBBADUCK,Diving,2017-01-31 17:30:47+00:00,2017-01-31 21:02:58+00:00,105,3.536388888888889,4.325714285714286,6.726640900345268,21.2,21.36535,-157.96363,21.36529,-157.96397,0.29523809523809524,72.62609901168427,0,,0,,,,,,,,证据缺失_无吃水数据
369970176_1,369970176,COLUMBIA,"Public Vessel, Unclassified",2017-01-17 16:17:32+00:00,2017-01-17 16:39:02+00:00,4,0.35833333333333334,0.0,0.0,0.0,21.35337,-157.94089,21.35337,-157.94088,1.0,0.0,0,,0,,,,,,,,证据缺失_无吃水数据
369970228_1,369970228,USS TUCSON,"Public Vessel, Unclassified",2017-01-12 20:28:26+00:00,2017-01-12 23:07:36+00:00,5,2.6527777777777777,0.0,0.0,0.0,21.35428,-157.94429,21.35429,-157.94429,1.0,0.0,0,17.414166666666667,3,,,,,,,,证据缺失_无吃水数据
369970228_2,369970228,USS TUCSON,"Public Vessel, Unclassified",2017-01-13 16:32:27+00:00,2017-01-13 19:00:56+00:00,131,2.4747222222222223,4.404580152671755,4.752066151369072,11.6,21.35427,-157.94428,21.20636,-157.94083,0.45038167938931295,21.056965981325515,1,27.642222222222223,1,,,,,,,,证据缺失_无吃水数据
369970228_3,369970228,USS TUCSON,"Public Vessel, Unclassified",2017-01-14 22:39:28+00:00,2017-01-14 22:46:37+00:00,7,0.11916666666666667,4.271428571428571,0.5407226205560036,5.3,20.06606,-157.4915,20.07204,-157.49739,0.0,15.645244218824686,1,161.59805555555556,1,,,,,,,,证据缺失_无吃水数据
369970228_4,369970228,USS TUCSON,"Public Vessel, Unclassified",2017-01-21 16:22:30+00:00,2017-01-21 19:02:11+00:00,140,2.661388888888889,7.614285714285714,4.132057014318487,11.4,21.15031,-157.92304,21.21575,-157.94451,0.12142857142857143,21.555624736316787,1,50.395833333333336,1,,,,,,,,证据缺失_无吃水数据
369970228_5,369970228,USS TUCSON,"Public Vessel, Unclassified",2017-01-23 21:25:56+00:00,2017-01-28 02:29:04+00:00,4577,101.05222222222223,0.4622897094166485,2.159677520799646,13.6,20.75193,-157.96469,21.35429,-157.94431,0.9429757483067511,6.038137265652926,0,64.1725,3,,,,,,,,证据缺失_无吃水数据
369970228_6,369970228,USS TUCSON,"Public Vessel, Unclassified",2017-01-30 18:39:25+00:00,2017-01-30 18:41:35+00:00,3,0.03611111111111111,0.0,0.0,0.0,21.35429,-157.9443,21.35429,-157.94431,1.0,0.0,0,23.73611111111111,1,,,,,,,,证据缺失_无吃水数据
369970228_7,369970228,USS TUCSON,"Public Vessel, Unclassified",2017-01-31 18:25:45+00:00,2017-01-31 22:19:52+00:00,172,3.9019444444444447,7.576744186046512,4.543543054680136,12.4,21.35429,-157.94431,21.19711,-157.59819,0.18604651162790697,19.405870772357435,1,0.5002777777777778,1,,,,,,,,证据缺失_无吃水数据
369970261_1,369970261,ILIWAI,"Public Vessel, Unclassified",2017-01-01 00:01:08+00:00,2017-01-25 07:40:31+00:00,29735,583.6563888888888,0.42048427778711955,2.0058692804206326,15.1,21.3532,-157.94027,21.35319,-157.94027,0.9516731124936944,58.78480690988854,0,6.155555555555556,2,,,,,,,,证据缺失_无吃水数据
369970261_2,369970261,ILIWAI,"Public Vessel, Unclassified",2017-01-25 13:49:51+00:00,2017-01-31 16:28:55+00:00,7288,146.6511111111111,0.6350439077936334,2.285681043490455,13.7,21.35316,-157.94029,21.35316,-157.94028,0.8931119648737651,60.597645417731364,0,,0,,,,,,,,证据缺失_无吃水数据
369970674_1,369970674,BH1005,"Public Vessel, Unclassified",2017-01-25 19:54:05+00:00,2017-01-25 23:36:58+00:00,97,3.714722222222222,9.62680412371134,8.730114492661757,30.6,21.3311,-157.96681,21.33079,-157.96787,0.12371134020618557,62.69614932634123,0,0.8041666666666667,2,,,,,,,,证据缺失_无吃水数据
369970729_1,369970729,MPC-2,"Public Vessel, Unclassified",2017-01-05 18:23:07+00:00,2017-01-05 19:30:03+00:00,33,1.1155555555555556,3.809090909090909,3.8927306961472783,13.2,21.90024,-159.58864,21.89957,-159.59067,0.09090909090909091,91.5857625134021,0,139.07527777777779,1,,,,,,,,证据缺失_无吃水数据
369970729_2,369970729,MPC-2,"Public Vessel, Unclassified",2017-01-11 14:34:34+00:00,2017-01-12 02:02:22+00:00,102,11.463333333333333,9.03921568627451,6.182683528726436,14.8,21.90021,-159.58854,21.89796,-159.5914,0.08823529411764706,37.82540769544635,0,307.5836111111111,5,,,,,,,,证据缺失_无吃水数据
369970729_3,369970729,MPC-2,"Public Vessel, Unclassified",2017-01-24 21:37:23+00:00,2017-01-24 23:33:05+00:00,62,1.9283333333333332,3.8725806451612903,4.566383558667094,13.8,21.89974,-159.59098,21.89971,-159.59046,0.06451612903225806,84.36862995990556,0,28.998333333333335,1,,,,,,,,证据缺失_无吃水数据
369970729_4,369970729,MPC-2,"Public Vessel, Unclassified",2017-01-26 04:32:59+00:00,2017-01-26 06:36:50+00:00,40,2.0641666666666665,11.715,3.6458300732586157,13.8,21.90022,-159.58854,21.89962,-159.59039,0.025,38.92649254508231,0,21.9675,1,,,,,,,,证据缺失_无吃水数据
369970729_5,369970729,MPC-2,"Public Vessel, Unclassified",2017-01-27 04:34:53+00:00,2017-01-27 10:53:52+00:00,54,6.316388888888889,13.35,1.3944296189711949,14.7,21.90018,-159.58987,21.89579,-159.59186,0.0,29.314846741497785,0,4.047777777777778,1,,,,,,,,证据缺失_无吃水数据
369970797_1,369970797,HIHIMANU,Diving,2017-01-11 17:31:18+00:00,2017-01-11 20:25:17+00:00,105,2.899722222222222,8.48,9.141078037753955,26.1,21.36503,-157.96337,21.36464,-157.96695,0.2571428571428571,48.06751109290108,0,19.796388888888888,1,105.0,0.6,0.6,0.6,0.0,0.0,False,证据缺失_该船吃水字段不更新
369970797_2,369970797,HIHIMANU,Diving,2017-01-12 16:13:04+00:00,2017-01-12 19:40:04+00:00,108,3.45,4.57037037037037,7.593409085765549,28.4,21.36463,-157.96697,21.36464,-157.96696,0.3611111111111111,55.38965417345665,0,22.9325,1,108.0,0.6,0.6,0.6,0.0,0.0,False,证据缺失_该船吃水字段不更新
369970797_3,369970797,HIHIMANU,Diving,2017-01-13 18:36:01+00:00,2017-01-14 00:06:03+00:00,159,5.500555555555556,4.328930817610063,8.311927878184795,28.9,21.36463,-157.96696,21.36464,-157.96697,0.44654088050314467,61.207480075472716,0,118.1061111111111,1,159.0,0.6,0.6,0.6,0.0,0.0,False,证据缺失_该船吃水字段不更新
369970797_4,369970797,HIHIMANU,Diving,2017-01-18 22:12:25+00:00,2017-01-18 23:47:25+00:00,27,1.5833333333333333,0.0,0.0,0.0,21.36466,-157.96696,21.36466,-157.96697,1.0,0.0,0,43.147777777777776,1,27.0,0.6,0.6,0.6,0.0,0.0,False,证据缺失_该船吃水字段不更新
369970797_5,369970797,HIHIMANU,Diving,2017-01-20 18:56:17+00:00,2017-01-20 23:55:50+00:00,147,4.9925,6.18843537414966,8.395265438433366,24.9,21.36466,-157.96692,21.36315,-157.96803,0.32653061224489793,55.714889437692705,0,,0,147.0,0.6,0.6,0.6,0.0,0.0,False,证据缺失_该船吃水字段不更新
369970809_1,369970809,MPC-3,Military,2017-01-06 17:36:06+00:00,2017-01-06 23:17:27+00:00,7,5.689166666666667,13.214285714285714,0.6039552175136047,14.0,21.89594,-159.59211,21.89471,-159.5917,0.0,80.41190624942718,0,256.6486111111111,2,,,,,,,,证据缺失_无吃水数据
369970809_2,369970809,MPC-3,Military,2017-01-17 15:56:22+00:00,2017-01-18 01:54:14+00:00,261,9.964444444444444,9.411494252873563,5.823667070088747,15.3,21.89999,-159.58916,21.9,-159.5892,0.0842911877394636,21.00807715173632,0,192.07611111111112,2,,,,,,,,证据缺失_无吃水数据
369970809_3,369970809,MPC-3,Military,2017-01-26 01:58:48+00:00,2017-01-26 06:28:53+00:00,54,4.501388888888889,9.633333333333335,5.8980329308024535,14.7,21.90002,-159.58919,21.89993,-159.58968,0.16666666666666666,40.84088705148793,0,22.061666666666667,3,,,,,,,,证据缺失_无吃水数据
369970809_4,369970809,MPC-3,Military,2017-01-27 04:32:35+00:00,2017-01-28 04:54:10+00:00,309,24.35972222222222,2.987378640776699,5.321422271280734,15.7,21.89748,-159.59191,21.9,-159.58922,0.5631067961165048,35.617378826912116,0,6.946944444444444,7,,,,,,,,证据缺失_无吃水数据
369970809_5,369970809,MPC-3,Military,2017-01-28 11:50:59+00:00,2017-01-29 04:51:50+00:00,54,17.014166666666668,0.3037037037037037,0.1553607645315737,0.7,21.9,-159.58923,21.89999,-159.5892,0.8518518518518519,60.570609217804346,0,9.0,6,,,,,,,,证据缺失_无吃水数据
369970809_6,369970809,MPC-3,Military,2017-01-29 13:51:50+00:00,2017-01-30 00:50:09+00:00,8,10.971944444444444,0.225,0.12817398889233114,0.4,21.89997,-159.5892,21.89997,-159.58922,1.0,83.13897429977739,0,9.144444444444444,5,,,,,,,,证据缺失_无吃水数据
369970809_7,369970809,MPC-3,Military,2017-01-30 09:58:49+00:00,2017-01-30 15:52:09+00:00,6,5.888888888888889,0.2833333333333333,0.14719601443879746,0.5,21.89999,-159.58923,21.89993,-159.58922,0.8333333333333334,67.39137185129857,0,21.98472222222222,5,,,,,,,,证据缺失_无吃水数据
369970809_8,369970809,MPC-3,Military,2017-01-31 13:51:14+00:00,2017-01-31 23:13:27+00:00,189,9.370277777777778,11.392063492063492,3.97366202240298,18.0,21.89997,-159.58916,22.24255,-159.92761,0.021164021164021163,17.76394447442563,0,1.4058333333333333,3,,,,,,,,证据缺失_无吃水数据
369970966_1,369970966,95SC1203,"Public Vessel, Unclassified",2017-01-01 00:00:05+00:00,2017-01-23 18:58:37+00:00,27951,546.9755555555555,0.5040964545096777,2.2921497901141903,102.3,21.35335,-157.94027,21.35358,-157.99729,0.9476226253085758,67.8749091073305,0,19.470555555555556,4,,,,,,,,证据缺失_无吃水数据
369970966_2,369970966,95SC1203,"Public Vessel, Unclassified",2017-01-24 14:26:51+00:00,2017-01-31 23:59:24+00:00,8579,177.5425,2.6362396549714417,4.871944021752737,15.3,21.32191,-157.9683,21.35335,-157.94027,0.7214127520690057,65.29044406385417,0,2.985,1,,,,,,,,证据缺失_无吃水数据
370661000_1,370661000,CRONUS LEADER,Cargo,2017-01-26 04:17:38+00:00,2017-01-27 14:47:03+00:00,1367,34.49027777777778,12.06005852231163,6.019966728389873,17.9,21.0535,-161.2514,21.59292,-154.84288,0.11338697878566203,9.123566990481924,0,1.1166666666666667,1,1367.0,10.0,10.0,10.0,0.0,0.0,False,证据缺失_该船吃水字段不更新
371318000_1,371318000,SHANGHAI HIGHWAY,Cargo,2017-01-07 01:30:55+00:00,2017-01-08 18:24:46+00:00,1372,40.8975,11.831049562682216,7.27540230457287,18.4,20.46538,-161.64913,22.48957,-155.13873,0.22667638483965014,7.320712804143536,0,0.7586111111111111,1,1372.0,9.4,9.4,9.4,0.0,0.0,False,证据缺失_该船吃水字段不更新
372919000_1,372919000,SINGAPORE VOYAGER,Tanker,2017-01-02 09:59:33+00:00,2017-01-06 22:17:18+00:00,2892,108.29583333333333,5.052731673582296,5.14788389055134,13.5,20.95641,-161.60491,22.68082,-156.03956,0.40767634854771784,21.180418734057533,0,4.441944444444444,9,2892.0,14.9,14.9,14.9,0.0,0.0,False,证据缺失_该船吃水字段不更新
373057000_1,373057000,LEO SPIRIT,Cargo,2017-01-08 00:14:12+00:00,2017-01-09 12:03:44+00:00,1399,35.82555555555555,13.662330235882772,6.006403640688156,18.6,24.06623,-160.61253,22.54325,-155.13045,0.10150107219442459,11.591445607209273,0,,0,1399.0,9.6,9.6,9.6,0.0,0.0,False,证据缺失_该船吃水字段不更新
373312000_1,373312000,INCA QUEEN,Cargo,2017-01-30 05:37:36+00:00,2017-01-31 23:58:45+00:00,1636,42.3525,8.665403422982886,5.6495461014257495,14.3,18.38414,-155.64412,21.06406,-158.23459,0.05134474327628362,27.907428258321872,0,,0,1636.0,12.4,12.4,12.4,0.0,0.0,False,证据缺失_该船吃水字段不更新
403557000_1,403557000,BORAQ,Tanker,2017-01-14 04:55:22+00:00,2017-01-15 05:18:03+00:00,693,24.378055555555555,11.527561327561328,0.35632918680531067,12.9,24.05453,-159.22907,21.69525,-154.81893,0.0,1.2261178157038983,0,2.571111111111111,3,693.0,8.3,12.7,12.541269841269841,0.8210909162129407,4.399999999999999,True,证据支持_有装卸
431498000_1,431498000,NIPPON MARU,School Ship,2017-01-05 16:17:17+00:00,2017-01-17 12:26:42+00:00,7700,284.15694444444443,2.416961038961039,3.258234742006622,11.9,22.52304,-159.0616,20.62562,-161.68586,0.3912987012987013,38.48373043366651,0,3.750277777777778,23,7700.0,6.6,6.6,6.6,0.0,0.0,False,证据缺失_该船吃水字段不更新
432440000_1,432440000,TEXAS HIGHWAY,Cargo,2017-01-29 15:47:23+00:00,2017-01-30 16:30:14+00:00,962,24.714166666666667,14.195114345114346,0.42985252343843156,15.6,21.28407,-161.08882,23.4652,-155.54777,0.0,1.845638120770372,0,0.7447222222222222,3,962.0,9.6,9.6,9.6,0.0,0.0,False,证据缺失_该船吃水字段不更新
436827810_1,436827810,MISS JANE,Fishing,2017-01-01 00:01:56+00:00,2017-01-30 22:03:41+00:00,12985,718.0291666666667,0.02588371197535618,0.044775131665599884,0.4,21.31699,-157.87741,21.31702,-157.87738,1.0,4.917026073796993,0,1.0497222222222222,2,,,,,,,,证据缺失_无吃水数据
477335400_1,477335400,JOSCO TAICANG,Cargo,2017-01-25 20:56:07+00:00,2017-01-27 21:47:46+00:00,1633,48.86083333333333,9.256093080220454,6.023889424221893,15.4,19.35683,-159.18935,23.0354,-155.45254,0.1745254133496632,6.042218269344557,0,0.9777777777777777,3,1633.0,12.7,12.7,12.7,0.0,0.0,False,证据缺失_该船吃水字段不更新
477454500_1,477454500,AQUILA,Tanker,2017-01-09 16:22:21+00:00,2017-01-10 10:24:25+00:00,387,18.034444444444443,13.837984496124031,0.3253202006018515,14.5,23.53472,-155.77891,23.67239,-160.28749,0.0,1.3873321393867566,0,1.5719444444444444,3,387.0,13.3,13.3,13.3,0.0,0.0,False,证据缺失_该船吃水字段不更新
518100014_1,518100014,HAI SOON 39,Tanker,2017-01-01 00:00:01+00:00,2017-01-05 08:24:31+00:00,5386,104.40833333333333,1.418232454511697,3.5507193766255956,11.9,21.31349,-157.87743,19.09038,-158.12562,0.8559227627181581,4.772839297611519,0,,0,5386.0,6.3,6.3,6.299999999999999,0.0,0.0,False,证据缺失_该船吃水字段不更新
518645000_1,518645000,HIKIANALIA,Pleasure Craft/Sailing,2017-01-04 07:18:10+00:00,2017-01-04 11:40:28+00:00,185,4.371666666666667,3.3221621621621624,1.594520398002946,8.6,21.30673,-157.89472,21.31312,-157.88856,0.032432432432432434,14.774865633581166,0,392.19305555555553,1,,,,,,,,证据缺失_无吃水数据
518645000_2,518645000,HIKIANALIA,Pleasure Craft/Sailing,2017-01-20 19:52:03+00:00,2017-01-20 19:54:00+00:00,2,0.0325,0.0,0.0,0.0,21.31314,-157.88854,21.31314,-157.88854,1.0,,0,24.31111111111111,1,,,,,,,,证据缺失_无吃水数据
518645000_3,518645000,HIKIANALIA,Pleasure Craft/Sailing,2017-01-21 20:12:40+00:00,2017-01-21 21:21:39+00:00,23,1.1497222222222223,0.034782608695652174,0.0486984753557674,0.1,21.31317,-157.88855,21.31316,-157.88856,1.0,16.96131388870475,0,77.55583333333334,1,,,,,,,,证据缺失_无吃水数据
518645000_4,518645000,HIKIANALIA,Pleasure Craft/Sailing,2017-01-25 02:55:00+00:00,2017-01-25 06:24:28+00:00,101,3.491111111111111,2.5514851485148515,2.201618216739048,6.8,21.31315,-157.88855,21.31314,-157.88853,0.36633663366336633,26.226590408294488,0,81.98222222222222,1,,,,,,,,证据缺失_无吃水数据
518645000_5,518645000,HIKIANALIA,Pleasure Craft/Sailing,2017-01-28 16:23:24+00:00,2017-01-28 21:33:31+00:00,166,5.168611111111111,3.3493975903614457,2.2462021007308066,6.5,21.31315,-157.88857,21.31315,-157.88854,0.10843373493975904,19.753708980276524,0,22.326666666666668,1,,,,,,,,证据缺失_无吃水数据
518645000_6,518645000,HIKIANALIA,Pleasure Craft/Sailing,2017-01-29 19:53:07+00:00,2017-01-29 21:44:07+00:00,38,1.85,0.034210526315789476,0.04807829082199318,0.1,21.31315,-157.88864,21.31316,-157.88856,1.0,14.637243213422702,0,,0,,,,,,,,证据缺失_无吃水数据
518728000_1,518728000,ENCORE,Pleasure Craft/Sailing,2017-01-01 00:01:37+00:00,2017-01-31 23:58:35+00:00,14108,743.9494444444445,0.00517436915225404,0.023697771929149788,0.3,21.32848,-158.11838,21.32849,-158.11839,1.0,105.20984616253939,0,,0,14108.0,4.2,4.2,4.2,0.0,0.0,False,证据缺失_该船吃水字段不更新
538001646_1,538001646,DEPENDABLE,Industrial Vessel,2017-01-25 18:03:13+00:00,2017-01-30 15:28:56+00:00,3621,117.42861111111111,3.9063794531897265,5.077118604531881,12.4,20.34098,-160.8912,21.515,-154.92537,0.608395470864402,16.657422793447004,0,4.708055555555555,3,3621.0,7.8,7.8,7.8,0.0,0.0,False,证据缺失_该船吃水字段不更新
538001663_1,538001663,INSIGNIA,Passenger,2017-01-27 13:40:59+00:00,2017-01-27 16:51:12+00:00,133,3.1702777777777778,16.089473684210528,2.0393575621620865,18.1,19.9725,-154.1355,19.79,-155.03383,0.0,2.431135743625282,1,10.963055555555556,2,133.0,6.0,6.0,6.0,0.0,0.0,False,证据缺失_该船吃水字段不更新
538001663_2,538001663,INSIGNIA,Passenger,2017-01-28 03:48:59+00:00,2017-01-30 08:43:06+00:00,2135,52.901944444444446,11.943231850117096,5.152773781927546,18.0,19.81133,-155.05417,18.30217,-159.28083,0.10819672131147541,34.456139149293165,0,0.5258333333333334,1,2135.0,6.0,6.0,6.0,0.0,0.0,False,证据缺失_该船吃水字段不更新
538004025_1,538004025,TRYSIL SPIRIT,Tanker,2017-01-24 09:43:32+00:00,2017-01-30 07:16:58+00:00,3920,141.5572222222222,4.6477806122448975,5.248217979469035,13.3,21.1538,-160.9698,21.75398,-154.67228,0.5015306122448979,52.25050733022,0,0.8355555555555556,6,3920.0,15.0,15.0,15.0,0.0,0.0,False,证据缺失_该船吃水字段不更新
538005264_1,538005264,KORYU,Cargo,2017-01-07 08:40:35+00:00,2017-01-07 10:28:40+00:00,9,1.801388888888889,13.711111111111112,0.24720661623652257,14.1,18.39723,-159.56804,18.2332,-159.16785,0.0,1.9248376554920121,0,0.775,1,9.0,12.6,12.6,12.6,0.0,0.0,False,证据缺失_该船吃水字段不更新
538005966_1,538005966,ALPINE,Cargo,2017-01-02 01:32:53+00:00,2017-01-11 13:53:33+00:00,6840,228.34444444444443,3.2805847953216376,3.630723829858967,13.9,18.45875,-155.66492,21.22075,-160.06131,0.3902046783625731,16.880444370951352,0,0.7175,3,6840.0,10.7,10.7,10.7,0.0,0.0,False,证据缺失_该船吃水字段不更新
538005992_1,538005992,NAVIG8 VICTORIA,Tanker,2017-01-29 16:53:07+00:00,2017-01-29 19:16:25+00:00,7,2.388333333333333,14.342857142857143,0.09759000729485359,14.5,18.95885,-153.32216,18.79528,-153.89847,0.0,5.632287871430833,0,6.546388888888889,3,7.0,13.3,13.3,13.3,0.0,0.0,False,证据缺失_该船吃水字段不更新
538005992_2,538005992,NAVIG8 VICTORIA,Tanker,2017-01-30 01:49:12+00:00,2017-01-31 23:57:50+00:00,1709,46.14388888888889,9.00860152135752,5.79069974079794,15.3,18.25629,-155.49504,21.26944,-158.08995,0.24751316559391456,54.725528779916445,0,,0,1709.0,13.3,13.3,13.3,0.0,0.0,False,证据缺失_该船吃水字段不更新
538006238_1,538006238,D&K ABDUL RAZZAK KHA,Tanker,2017-01-11 04:52:36+00:00,2017-01-15 19:11:49+00:00,2694,110.32027777777778,5.172011878247958,6.114489123030257,14.1,21.26452,-161.24845,20.92498,-161.44142,0.5530809205642168,34.90998034323578,0,0.6,6,,,,,,,,证据缺失_无吃水数据
538006544_1,538006544,TRF MONGSTAD,Tanker,2017-01-26 22:21:57+00:00,2017-01-27 07:43:57+00:00,439,9.366666666666667,13.944874715261959,0.3526351164642972,14.6,22.96536,-158.32341,21.35606,-159.60684,0.0,2.0390944762270418,0,,0,,,,,,,,证据缺失_无吃水数据
538006842_1,538006842,SIRENA,Passenger,2017-01-10 02:22:00+00:00,2017-01-13 16:31:39+00:00,2891,86.16083333333333,10.397682462815634,4.5853639006311555,17.5,22.90886,-155.89613,19.82935,-155.05334,0.13801452784503632,37.373740871250945,1,9.805277777777778,2,2891.0,5.8,5.8,5.8,0.0,0.0,False,证据缺失_该船吃水字段不更新
538006842_2,538006842,SIRENA,Passenger,2017-01-14 02:19:58+00:00,2017-01-14 03:38:28+00:00,9,1.3083333333333333,16.87777777777778,0.7327649312326855,17.5,19.76638,-155.01484,19.52071,-154.73149,0.0,17.72760156205168,0,1.1416666666666666,1,9.0,5.8,5.8,5.8,0.0,0.0,False,证据缺失_该船吃水字段不更新
538090209_1,538090209,HELLESPONT PROGRESS,Tanker,2017-01-17 02:13:09+00:00,2017-01-24 18:58:41+00:00,5237,184.7588888888889,5.536203933549742,6.26576507854536,15.2,24.06558,-155.82672,21.27825,-154.58398,0.48100057284704983,51.81840447991648,0,0.8141666666666667,1,5237.0,14.5,14.5,14.5,0.0,0.0,False,证据缺失_该船吃水字段不更新
538090332_1,538090332,MARE FOX,Cargo,2017-01-19 11:27:14+00:00,2017-01-23 04:27:20+00:00,2202,89.00166666666667,5.223115349682107,5.4691399497092155,15.1,21.20522,-161.70361,21.17936,-159.77352,0.4963669391462307,65.70934723718125,0,3.488611111111111,4,2202.0,9.0,9.0,9.0,0.0,0.0,False,证据缺失_该船吃水字段不更新
563007600_1,563007600,PSU TENTH,Cargo,2017-01-16 08:39:26+00:00,2017-01-18 09:15:36+00:00,2455,48.602777777777774,8.739022403258655,5.730052805723925,15.3,21.05505,-161.68112,18.15667,-156.76215,0.0329938900203666,7.531256873200381,0,,0,,,,,,,,证据缺失_无吃水数据
563411000_1,563411000,TORM ASLAUG,Tanker,2017-01-05 14:37:57+00:00,2017-01-08 18:02:25+00:00,2163,75.40777777777778,6.049976883957466,5.982939339108382,14.2,21.17661,-160.10321,22.58606,-157.54441,0.4609338881183541,45.64864599360179,0,0.7252777777777778,1,2163.0,12.6,12.6,12.6,0.0,0.0,False,证据缺失_该船吃水字段不更新
565037000_1,565037000,MERMAID VIGILANCE,Offshore supply vessel,2017-01-13 23:08:53+00:00,2017-01-31 23:59:25+00:00,10434,432.84222222222223,1.6153248993674525,6.098800421547192,102.3,23.95422,-159.00408,21.28424,-157.88871,0.5392946137626988,57.94511265732832,0,1.068888888888889,1,10434.0,5.8,5.8,5.8,0.0,0.0,False,证据缺失_该船吃水字段不更新
565322000_1,565322000,FORTUNATO,Tanker,2017-01-01 00:00:05+00:00,2017-01-02 19:30:13+00:00,2170,43.50222222222222,6.451751152073732,4.5089674670599615,11.3,20.31423,-155.56681,21.95207,-159.35835,0.00967741935483871,13.902298875393925,0,21.88111111111111,2,2170.0,7.4,7.4,7.4,0.0,0.0,True,存疑_未观测到装卸
565322000_2,565322000,FORTUNATO,Tanker,2017-01-03 17:23:05+00:00,2017-01-06 23:08:17+00:00,2942,77.75333333333333,7.939768864717879,4.168135265998121,11.9,21.95192,-159.35552,20.53033,-154.56347,0.1699524133242692,6.829416138686502,0,0.6138888888888889,1,2942.0,5.6,7.4,5.614751869476546,0.10799361634501518,1.8000000000000007,True,证据支持_有装卸
565370000_1,565370000,SPIRIT OF SEATREK,Cargo,2017-01-01 00:00:29+00:00,2017-01-07 19:55:52+00:00,3831,163.92305555555555,2.356382145653876,4.08689114504806,11.4,21.32609,-158.11045,22.95457,-155.57489,0.7478465152701644,28.418661004668973,0,1.2052777777777777,1,3831.0,13.3,13.3,13.3,0.0,0.0,False,证据缺失_该船吃水字段不更新
566255000_1,566255000,HAFNIA BERING,Tanker,2017-01-25 17:41:20+00:00,2017-01-31 23:59:35+00:00,4201,150.30416666666667,5.085503451559153,5.7607668793436595,15.0,22.12646,-154.47748,22.09055,-157.66209,0.5336824565579624,65.61381318113395,0,0.7169444444444445,1,,,,,,,,证据缺失_无吃水数据
577201000_1,577201000,B SKY,Tanker,2017-01-23 22:18:37+00:00,2017-01-24 22:11:16+00:00,1115,23.8775,7.620717488789238,3.1952488609919767,11.7,18.77932,-158.24017,21.31191,-157.8751,0.04394618834080718,14.46144264465488,0,6.385277777777778,1,1115.0,6.6,6.6,6.6,0.0,0.0,False,证据缺失_该船吃水字段不更新
577201000_2,577201000,B SKY,Tanker,2017-01-25 04:34:23+00:00,2017-01-28 14:24:32+00:00,1910,81.83583333333333,3.310471204188482,4.56478139863755,12.3,21.3119,-157.87514,18.81148,-159.04166,0.6418848167539267,9.084227809867173,0,1.288888888888889,4,1910.0,6.6,6.6,6.6,0.0,0.0,False,证据缺失_该船吃水字段不更新
636090534_1,636090534,E R WILHELMSHAVEN,Cargo,2017-01-13 03:45:22+00:00,2017-01-15 04:41:10+00:00,1269,48.93,9.82521670606777,9.91655377109987,102.3,18.72062,-159.45998,23.3874,-155.8883,0.40425531914893614,50.04384931421375,0,1.346111111111111,3,1269.0,11.4,11.4,11.4,0.0,0.0,False,证据缺失_该船吃水字段不更新
866994250_1,866994250,MASCO ENDEAVOR,Other,2017-01-13 23:38:11+00:00,2017-01-14 03:44:51+00:00,217,4.111111111111111,8.77926267281106,3.076250635489609,11.0,21.27644,-157.55336,21.3216,-158.11712,0.08755760368663594,12.707495058555855,0,44.971666666666664,1,217.0,3.5,3.5,3.5,0.0,0.0,False,证据缺失_该船吃水字段不更新
866994250_2,866994250,MASCO ENDEAVOR,Other,2017-01-16 00:43:09+00:00,2017-01-16 04:54:43+00:00,207,4.192777777777778,5.515942028985507,1.8119310507150583,10.1,21.32161,-158.11712,21.12513,-158.21846,0.033816425120772944,21.836564629511876,0,44.80972222222222,1,207.0,3.5,3.5,3.5,0.0,0.0,False,证据缺失_该船吃水字段不更新
866994250_3,866994250,MASCO ENDEAVOR,Other,2017-01-18 01:43:18+00:00,2017-01-18 04:26:28+00:00,49,2.7194444444444446,5.548979591836734,0.23551578943847923,6.1,21.83536,-159.82298,21.81118,-159.85734,0.0,17.158181473843953,0,56.11888888888889,3,49.0,3.5,3.5,3.5,0.0,0.0,False,证据缺失_该船吃水字段不更新
866994250_4,866994250,MASCO ENDEAVOR,Other,2017-01-20 12:33:36+00:00,2017-01-21 09:14:51+00:00,1084,20.6875,5.824538745387454,1.1504093251111023,10.2,21.10653,-158.17072,21.07774,-157.94597,0.0,11.209156965982594,1,20.68,1,1084.0,3.5,3.5,3.5,0.0,0.0,False,证据缺失_该船吃水字段不更新
866994250_5,866994250,MASCO ENDEAVOR,Other,2017-01-22 05:55:39+00:00,2017-01-24 07:56:12+00:00,2236,50.009166666666665,5.470169946332737,1.9902536948246154,10.7,21.11768,-158.21469,18.89296,-156.01288,0.0,14.201826369057187,0,84.54777777777778,2,2236.0,3.5,3.5,3.5,0.0,0.0,False,证据缺失_该船吃水字段不更新
866994250_6,866994250,MASCO ENDEAVOR,Other,2017-01-27 20:29:04+00:00,2017-01-31 23:59:44+00:00,4831,99.5111111111111,0.3259366590767957,1.3071677011331237,9.6,21.09658,-158.19778,21.312,-157.86732,0.9538397847236597,11.259231943468157,0,0.9525,2,4831.0,3.5,3.5,3.5,0.0,0.0,False,证据缺失_该船吃水字段不更新
941002686_1,941002686,DDF2 7.2V,,2017-01-12 00:19:24+00:00,2017-01-12 10:22:24+00:00,110,10.05,1.3900000000000001,0.5846586081410196,2.3,23.33153,-157.25812,23.27653,-157.34335,0.09090909090909091,88.61818088107397,0,115.25,4,,,,,,,,证据缺失_无吃水数据
941002686_2,941002686,DDF2 7.2V,,2017-01-17 05:37:24+00:00,2017-01-17 14:13:24+00:00,17,8.6,1.4882352941176469,0.5775837092374321,2.3,23.19793,-157.6534,23.15429,-157.78198,0.0,98.0083327664881,0,16.3,9,,,,,,,,证据缺失_无吃水数据
941002686_3,941002686,DDF2 7.2V,,2017-01-18 06:31:24+00:00,2017-01-18 06:31:24+00:00,1,0.0,1.2,,1.2,23.2983,-158.38037,23.2983,-158.38037,0.0,,0,65.46666666666667,1,,,,,,,,证据缺失_无吃水数据
941002686_4,941002686,DDF2 7.2V,,2017-01-20 23:59:24+00:00,2017-01-21 01:26:24+00:00,27,1.45,1.9296296296296294,0.10675210253672474,2.3,22.16871,-158.42181,22.00342,-158.39555,0.0,47.66616474542987,0,,0,,,,,,,,证据缺失_无吃水数据
941002693_1,941002693,HOLF4 6.3V,,2017-01-12 00:45:28+00:00,2017-01-12 07:48:28+00:00,80,7.05,1.5775,0.5279468231756544,2.3,23.55801,-157.21451,23.53538,-157.26025,0.0125,102.64091174593906,0,117.5,3,,,,,,,,证据缺失_无吃水数据
941002693_2,941002693,HOLF4 6.3V,,2017-01-17 05:18:28+00:00,2017-01-17 06:06:28+00:00,2,0.8,1.6,0.42426406871192834,1.9,23.45628,-157.5338,23.45163,-157.53929,0.0,,0,88.71666666666667,2,,,,,,,,证据缺失_无吃水数据
941002693_3,941002693,HOLF4 6.3V,,2017-01-20 22:49:28+00:00,2017-01-21 01:25:28+00:00,31,2.6,1.9387096774193546,0.12021486140750569,2.3,22.29911,-158.4426,22.00477,-158.39568,0.0,65.6350799811955,0,0.7,1,,,,,,,,证据缺失_无吃水数据
941002707_1,941002707,DDF5 8.0V,,2017-01-12 01:03:33+00:00,2017-01-12 04:39:33+00:00,36,3.6,1.2916666666666667,0.5384501568655834,2.3,23.67968,-157.18033,23.67343,-157.18589,0.027777777777777776,94.52849643708218,0,211.51666666666668,2,,,,,,,,证据缺失_无吃水数据
941002707_2,941002707,DDF5 8.0V,,2017-01-21 00:10:33+00:00,2017-01-21 01:25:33+00:00,25,1.25,1.996,0.17435595774162685,2.3,22.14782,-158.41888,22.00517,-158.39567,0.0,15.928257976750409,0,,0,,,,,,,,证据缺失_无吃水数据
941002722_1,941002722,DDF1 6.4V,,2017-01-11 23:28:08+00:00,2017-01-12 10:25:09+00:00,124,10.950277777777778,1.2959677419354838,0.5523636120587297,1.9,23.25027,-157.25949,23.20997,-157.3586,0.07258064516129033,90.91646916952669,0,106.75,5,,,,,,,,证据缺失_无吃水数据
941002722_2,941002722,DDF1 6.4V,,2017-01-16 21:10:09+00:00,2017-01-16 21:31:09+00:00,2,0.35,1.0,0.7071067811865476,1.5,23.1381,-157.5513,23.13798,-157.55785,0.0,,0,8.55,1,,,,,,,,证据缺失_无吃水数据
941002722_3,941002722,DDF1 6.4V,,2017-01-17 06:04:09+00:00,2017-01-17 16:52:09+00:00,22,10.8,1.3363636363636362,0.5507963538156578,2.3,23.0868,-157.69373,23.018,-157.86792,0.09090909090909091,76.84139695316767,0,78.63333333333334,6,,,,,,,,证据缺失_无吃水数据
941002722_4,941002722,DDF1 6.4V,,2017-01-20 23:30:09+00:00,2017-01-21 01:24:09+00:00,18,1.9,1.9222222222222223,0.09428090415820635,2.3,22.22253,-158.43001,22.00733,-158.39588,0.0,10.030834813654524,0,,0,,,,,,,,证据缺失_无吃水数据
941002749_1,941002749,DDF3 7.4V,,2017-01-12 00:23:55+00:00,2017-01-12 09:41:55+00:00,110,9.3,1.4918181818181817,0.5785352935689583,2.3,23.44177,-157.23241,23.39621,-157.29791,0.05454545454545454,97.78396764764699,0,115.95,3,,,,,,,,证据缺失_无吃水数据
941002749_2,941002749,DDF3 7.4V,,2017-01-17 05:38:55+00:00,2017-01-17 11:23:55+00:00,11,5.75,1.5909090909090908,0.607378869330413,2.3,23.32096,-157.60478,23.29159,-157.68578,0.09090909090909091,65.19516427193389,0,84.11666666666666,4,,,,,,,,证据缺失_无吃水数据
941002749_3,941002749,DDF3 7.4V,,2017-01-20 23:30:55+00:00,2017-01-21 01:27:55+00:00,34,1.95,1.947058823529412,0.13081398803354574,2.3,22.22155,-158.43028,22.00093,-158.39507,0.0,8.859016764308725,0,,0,,,,,,,,证据缺失_无吃水数据
941002781_1,941002781,LK01 6.9V,,2017-01-07 13:23:55+00:00,2017-01-08 20:44:55+00:00,394,31.35,1.7246192893401016,0.4914826530021563,1.9,19.40878,-156.91377,20.99274,-157.09828,0.07360406091370558,39.748132570167364,0,1.0,7,,,,,,,,证据缺失_无吃水数据
941002783_1,941002783,LK02 6.7V,,2017-01-07 12:58:48+00:00,2017-01-08 20:43:48+00:00,446,31.75,1.5688340807174885,0.6554812859488468,1.9,19.38436,-156.96311,20.99262,-157.09827,0.16143497757847533,45.69617252483379,0,0.6,1,,,,,,,,证据缺失_无吃水数据
941004389_1,941004389,R 02 11.3V,,2017-01-04 09:11:38+00:00,2017-01-04 09:50:39+00:00,2,0.6502777777777777,0.4,0.0,0.4,19.43789,-158.12742,19.43771,-158.12373,1.0,,0,14.07638888888889,2,,,,,,,,证据缺失_无吃水数据
941004389_2,941004389,R 02 11.3V,,2017-01-04 23:55:14+00:00,2017-01-06 13:05:36+00:00,95,37.172777777777775,0.8526315789473684,0.4551927590904005,1.9,19.44614,-158.06742,19.511,-157.83875,0.2,39.12575809152532,0,6.083333333333333,18,,,,,,,,证据缺失_无吃水数据
941004389_3,941004389,R 02 11.3V,,2017-01-06 19:10:36+00:00,2017-01-08 08:12:37+00:00,234,37.033611111111114,0.9034188034188034,0.5043895939425516,1.9,19.50344,-157.90608,19.57834,-157.61871,0.21794871794871795,38.469455323623386,0,17.233055555555556,16,,,,,,,,证据缺失_无吃水数据
941004389_4,941004389,R 02 11.3V,,2017-01-09 01:26:36+00:00,2017-01-09 16:11:37+00:00,67,14.750277777777777,0.9626865671641791,0.5032728704088391,1.9,19.57865,-158.08506,19.55354,-157.94761,0.1791044776119403,38.030344159934664,0,2.8002777777777776,5,,,,,,,,证据缺失_无吃水数据
941004470_1,941004470,R 01 11.1V,,2017-01-04 02:43:03+00:00,2017-01-04 10:16:06+00:00,13,7.550833333333333,0.6615384615384615,0.3841407327583246,1.5,19.45456,-158.02933,19.47244,-158.00949,0.38461538461538464,0.0,0,10.75,3,,,,,,,,证据缺失_无吃水数据
941004470_2,941004470,R 01 11.1V,,2017-01-04 21:01:06+00:00,2017-01-08 04:49:05+00:00,689,79.79972222222223,0.9296081277213353,0.5054873227116741,1.9,19.5094,-157.95442,19.56416,-157.48371,0.17561683599419448,37.35572131479615,0,16.849444444444444,16,,,,,,,,证据缺失_无吃水数据
941004470_3,941004470,R 01 11.1V,,2017-01-08 21:40:03+00:00,2017-01-08 21:43:03+00:00,2,0.05,1.9,0.0,1.9,19.63977,-158.03678,19.6397,-158.04216,0.0,,0,,0,,,,,,,,证据缺失_无吃水数据
941004472_1,941004472,R 03 12.2V,,2017-01-04 09:21:51+00:00,2017-01-04 09:21:51+00:00,1,0.0,1.5,,1.5,19.37301,-158.25881,19.37301,-158.25881,0.0,,0,18.534166666666668,1,,,,,,,,证据缺失_无吃水数据
941004472_2,941004472,R 03 12.2V,,2017-01-05 03:53:54+00:00,2017-01-05 03:53:54+00:00,1,0.0,1.9,,1.9,19.38394,-158.19218,19.38394,-158.19218,0.0,,0,18.432777777777776,1,,,,,,,,证据缺失_无吃水数据
941004472_3,941004472,R 03 12.2V,,2017-01-05 22:19:52+00:00,2017-01-06 02:55:51+00:00,5,4.599722222222222,0.6,0.4472135954999579,1.2,19.45167,-158.08233,19.43986,-158.05634,0.4,4.000833246545862,0,28.584444444444443,2,,,,,,,,证据缺失_无吃水数据
941004472_4,941004472,R 03 12.2V,,2017-01-07 07:30:55+00:00,2017-01-07 10:42:56+00:00,2,3.200277777777778,1.0,0.565685424949238,1.4,19.42102,-157.98764,19.41864,-157.971,0.0,,0,10.465555555555556,2,,,,,,,,证据缺失_无吃水数据
941004472_5,941004472,R 03 12.2V,,2017-01-07 21:10:52+00:00,2017-01-08 11:52:55+00:00,171,14.700833333333334,0.9467836257309942,0.5436571746008805,1.9,19.61078,-157.87519,19.56904,-157.75946,0.23391812865497075,66.4356704413839,0,10.416944444444445,2,,,,,,,,证据缺失_无吃水数据
941004472_6,941004472,R 03 12.2V,,2017-01-08 22:17:56+00:00,2017-01-09 13:08:55+00:00,106,14.849722222222223,1.1358490566037736,0.5239390512073461,1.9,19.63598,-158.00115,19.57911,-157.84406,0.10377358490566038,74.45564765034932,0,0.85,3,,,,,,,,证据缺失_无吃水数据
941004767_1,941004767,R 05 12.2V,,2017-01-08 10:43:07+00:00,2017-01-08 11:43:07+00:00,4,1.0,0.55,0.23804761428476168,0.8,19.38426,-157.99356,19.3839,-157.98835,0.5,103.60720695653046,0,11.500277777777777,1,,,,,,,,证据缺失_无吃水数据
941004767_2,941004767,R 05 12.2V,,2017-01-08 23:13:08+00:00,2017-01-09 04:28:07+00:00,13,5.249722222222222,0.8769230769230769,0.5134099176971005,1.6,19.40684,-157.91171,19.40109,-157.88199,0.23076923076923078,90.21764928451773,0,1.3997222222222223,4,,,,,,,,证据缺失_无吃水数据
941004775_1,941004775,R 06 12.0V,,2017-01-05 03:27:35+00:00,2017-01-05 04:21:35+00:00,2,0.9,1.5499999999999998,0.49497474683058335,1.9,19.34999,-158.33093,19.35041,-158.32497,0.0,,0,68.90055555555556,2,,,,,,,,证据缺失_无吃水数据
941004775_2,941004775,R 06 12.0V,,2017-01-08 01:15:37+00:00,2017-01-08 15:24:36+00:00,43,14.149722222222222,1.1906976744186046,0.5290665425284747,1.9,19.49723,-157.93209,19.45187,-157.83457,0.06976744186046512,103.20830522924345,0,8.216666666666667,9,,,,,,,,证据缺失_无吃水数据
941004775_3,941004775,R 06 12.0V,,2017-01-08 23:37:36+00:00,2017-01-09 09:46:36+00:00,43,10.15,1.3325581395348836,0.5423585750407802,1.9,19.52236,-157.93545,19.48392,-157.85133,0.09302325581395349,91.47200177110993,0,0.8502777777777778,8,,,,,,,,证据缺失_无吃水数据
941005239_1,941005239,LU03 11.4V,,2017-01-28 03:45:26+00:00,2017-01-28 11:30:26+00:00,121,7.75,1.9330578512396692,0.11059568236905855,2.3,22.18395,-158.36895,21.44499,-158.29971,0.0,27.881648834613323,0,,0,,,,,,,,证据缺失_无吃水数据
941005264_1,941005264,MAJA 2 BUOY 2 7.9V,,2017-01-28 03:43:22+00:00,2017-01-28 11:25:23+00:00,95,7.700277777777778,1.9252631578947366,0.09781487187608218,2.3,22.18744,-158.36935,21.45416,-158.30481,0.0,16.89368010798536,0,,0,,,,,,,,证据缺失_无吃水数据
941005333_1,941005333,MAJA 2 BUO,Other,2017-01-28 02:47:32+00:00,2017-01-28 11:23:32+00:00,123,8.6,1.9195121951219511,0.08651592915527727,2.3,22.2808,-158.37724,21.45254,-158.30364,0.0,28.726485833607672,0,0.55,1,,,,,,,,证据缺失_无吃水数据
941200022_1,941200022,SUN 2 11.6V,,2017-01-21 01:05:28+00:00,2017-01-21 01:10:28+00:00,3,0.08333333333333333,0.3333333333333333,0.11547005383792516,0.4,21.31364,-157.86627,21.31363,-157.86607,1.0,89.16616510762366,0,,0,,,,,,,,证据缺失_无吃水数据
972692843_1,972692843,,,2017-01-08 07:22:40+00:00,2017-01-08 07:59:04+00:00,3,0.6066666666666667,0.06666666666666667,0.11547005383792516,0.2,21.29262,-157.83935,21.29198,-157.83982,1.0,52.25519112968585,0,0.5061111111111111,1,,,,,,,,证据缺失_无吃水数据
982441281_1,982441281,T/T WESTERDAM 11,Port tender,2017-01-21 17:18:26+00:00,2017-01-22 02:54:28+00:00,188,9.600555555555555,3.2026595744680852,3.107046218572608,10.7,19.62953,-156.00389,19.63155,-156.00365,0.30319148936170215,81.40957421276404,1,62.38444444444445,2,,,,,,,,证据缺失_无吃水数据
982441281_2,982441281,T/T WESTERDAM 11,Port tender,2017-01-24 17:17:32+00:00,2017-01-25 07:16:51+00:00,288,13.988611111111112,3.5142361111111113,3.341665815860937,11.4,20.85087,-156.68789,20.85984,-156.68823,0.2986111111111111,68.57208081673868,1,1.008888888888889,2,,,,,,,,证据缺失_无吃水数据
982441282_1,982441282,T/T WESTERDAM 12,Port tender,2017-01-24 17:40:56+00:00,2017-01-25 04:06:31+00:00,65,10.426388888888889,1.8707692307692307,2.643430718127196,8.3,20.85702,-156.68461,20.85491,-156.6866,0.5538461538461539,83.76290968968628,3,2.466388888888889,6,,,,,,,,证据缺失_无吃水数据
982441283_1,982441283,T/T WESTERDAM 13,Port tender,2017-01-21 17:21:27+00:00,2017-01-22 02:58:57+00:00,147,9.625,3.4585034013605442,3.120674398868852,15.0,19.63004,-156.0037,19.63171,-156.00364,0.272108843537415,84.05454637423578,0,62.31333333333333,1,,,,,,,,证据缺失_无吃水数据
982441283_2,982441283,T/T WESTERDAM 13,Port tender,2017-01-24 17:17:45+00:00,2017-01-25 04:05:46+00:00,187,10.800277777777778,3.477005347593583,2.948784261055871,10.2,20.85044,-156.68748,20.87041,-156.68087,0.22994652406417113,65.88851924518536,1,1.9997222222222222,1,,,,,,,,证据缺失_无吃水数据
982441284_1,982441284,T/T WESTERDAM 14,Port tender,2017-01-21 17:53:45+00:00,2017-01-21 20:21:16+00:00,36,2.4586111111111113,1.8861111111111113,1.6165488420490608,6.6,19.62962,-156.00442,19.62981,-156.0048,0.16666666666666666,92.85840056032544,1,0.5916666666666667,1,,,,,,,,证据缺失_无吃水数据
982441285_1,982441285,T/T WESTERDAM 15,Port tender,2017-01-21 17:26:54+00:00,2017-01-22 01:34:46+00:00,154,8.13111111111111,3.201948051948052,3.044280414008182,9.5,19.6296,-156.00388,19.63084,-156.00205,0.3181818181818182,68.6910726600793,0,64.39194444444445,1,,,,,,,,证据缺失_无吃水数据
982441285_2,982441285,T/T WESTERDAM 15,Port tender,2017-01-24 17:58:17+00:00,2017-01-24 23:28:18+00:00,89,5.500277777777778,2.859550561797753,3.4361288703847714,9.7,20.86425,-156.68377,20.8585,-156.68167,0.43820224719101125,68.39938586094652,1,0.7827777777777778,2,,,,,,,,证据缺失_无吃水数据
982441286_1,982441286,T/T WESTERDAM 16,Port tender,2017-01-21 17:17:29+00:00,2017-01-22 00:13:58+00:00,120,6.941388888888889,3.430833333333333,2.8691870963458506,8.7,19.62923,-156.00465,19.63552,-155.99902,0.24166666666666667,81.15386070277138,1,65.37722222222222,2,,,,,,,,证据缺失_无吃水数据
982441286_2,982441286,T/T WESTERDAM 16,Port tender,2017-01-24 17:36:36+00:00,2017-01-25 05:19:11+00:00,183,11.709722222222222,3.8224043715846996,3.175920859862956,9.2,20.85707,-156.68591,20.85778,-156.6871,0.2786885245901639,59.20911208008343,0,2.5877777777777777,1,,,,,,,,证据缺失_无吃水数据
983103612_1,983103612,STAR PRINCESS RBP,Search and Rescue Vessel,2017-01-31 16:32:04+00:00,2017-01-31 18:59:34+00:00,3,2.4583333333333335,0.8666666666666667,0.8144527815247078,1.8,20.85504,-156.68673,20.85549,-156.68562,0.3333333333333333,157.47268017024416,0,1.9077777777777778,2,,,,,,,,证据缺失_无吃水数据
983103614_1,983103614,T/T STAR PRINCESS 19,Other,2017-01-12 18:12:42+00:00,2017-01-13 00:57:42+00:00,6,6.75,1.1666666666666667,1.8532853710820325,4.8,20.85898,-156.68669,20.85807,-156.68551,0.5,58.62729739634943,0,403.805,4,,,,,,,,证据缺失_无吃水数据
983103614_2,983103614,T/T STAR PRINCESS 19,Other,2017-01-29 20:46:00+00:00,2017-01-29 20:47:31+00:00,2,0.025277777777777777,0.0,0.0,0.0,21.3008,-157.86586,21.30076,-157.86573,1.0,,0,44.1875,1,,,,,,,,证据缺失_无吃水数据
983103614_3,983103614,T/T STAR PRINCESS 19,Other,2017-01-31 16:58:46+00:00,2017-01-31 23:59:44+00:00,89,7.016111111111111,1.1808988764044943,2.0121718481471693,8.7,20.85465,-156.68538,20.86007,-156.68379,0.5955056179775281,76.85167762626097,1,1.1580555555555556,3,,,,,,,,证据缺失_无吃水数据
983103615_1,983103615,T/T STAR PRINCESS 20,Other,2017-01-12 19:45:09+00:00,2017-01-13 03:11:41+00:00,30,7.442222222222222,3.396666666666667,3.233497448139775,9.0,20.85981,-156.68734,20.85881,-156.68636,0.4,89.23745209912067,6,0.9016666666666666,7,,,,,,,,证据缺失_无吃水数据
983103616_1,983103616,T/T STAR PRINCESS 21,Other,2017-01-31 17:08:40+00:00,2017-01-31 23:16:14+00:00,72,6.126111111111111,2.709722222222222,3.367205541868414,9.3,20.85508,-156.68476,20.86334,-156.68641,0.4444444444444444,76.28818848428162,5,0.7583333333333333,5,,,,,,,,证据缺失_无吃水数据
983103617_1,983103617,T/T STAR PRINCESS 16,Other,2017-01-12 22:51:09+00:00,2017-01-13 02:35:06+00:00,11,3.7325,5.336363636363637,2.259324114540774,7.4,20.86584,-156.6833,20.85923,-156.68657,0.09090909090909091,66.04615305476415,3,1.8836111111111111,3,,,,,,,,证据缺失_无吃水数据
983103618_1,983103618,T/T STAR PRINCESS 23,Other,2017-01-12 17:43:43+00:00,2017-01-13 05:45:15+00:00,42,12.025555555555556,4.978571428571429,3.5937978901520498,9.6,20.85835,-156.68703,20.86642,-156.68519,0.2619047619047619,109.36117410872575,6,428.96722222222223,8,,,,,,,,证据缺失_无吃水数据
983103618_2,983103618,T/T STAR PRINCESS 23,Other,2017-01-31 02:43:17+00:00,2017-01-31 02:43:17+00:00,1,0.0,0.2,,0.2,21.95355,-159.35682,21.95355,-159.35682,1.0,,0,14.238055555555556,1,,,,,,,,证据缺失_无吃水数据
983103618_3,983103618,T/T STAR PRINCESS 23,Other,2017-01-31 16:57:34+00:00,2017-01-31 23:57:36+00:00,123,7.000555555555556,3.3089430894308944,3.257777783535668,9.5,20.85474,-156.68531,20.86973,-156.68107,0.2764227642276423,67.1359017790175,0,,0,,,,,,,,证据缺失_无吃水数据
983191003_1,983191003,ATREYU,Pleasure Craft/Sailing,2017-01-20 18:22:36+00:00,2017-01-20 18:55:32+00:00,14,0.5488888888888889,0.0,0.0,0.0,21.31585,-157.87708,21.31588,-157.87703,1.0,26.256789109846885,0,48.189166666666665,1,,,,,,,,证据缺失_无吃水数据
983191003_2,983191003,ATREYU,Pleasure Craft/Sailing,2017-01-22 19:06:53+00:00,2017-01-23 02:25:20+00:00,63,7.3075,1.3428571428571427,1.6967439677705942,6.6,21.31591,-157.87712,21.31591,-157.8771,0.5079365079365079,99.64060081634283,0,20.74111111111111,3,,,,,,,,证据缺失_无吃水数据
983191003_3,983191003,ATREYU,Pleasure Craft/Sailing,2017-01-23 23:09:48+00:00,2017-01-23 23:10:49+00:00,2,0.016944444444444446,0.05,0.07071067811865477,0.1,21.31588,-157.87704,21.31587,-157.87705,1.0,,0,19.6325,1,,,,,,,,证据缺失_无吃水数据
983191003_4,983191003,ATREYU,Pleasure Craft/Sailing,2017-01-24 18:48:46+00:00,2017-01-24 19:43:32+00:00,27,0.9127777777777778,0.9259259259259259,1.0040658086739873,3.3,21.31586,-157.87706,21.31586,-157.87701,0.48148148148148145,110.17777746058343,0,,0,,,,,,,,证据缺失_无吃水数据
983542771_1,983542771,CARNIVAL MIRACLE RB1,Military,2017-01-23 04:21:30+00:00,2017-01-23 04:31:32+00:00,10,0.16722222222222222,3.69,5.033763778503892,17.6,19.63018,-156.00272,19.63113,-156.00234,0.0,104.11657862436915,1,19.184722222222224,1,,,,,,,,证据缺失_无吃水数据
983542771_2,983542771,CARNIVAL MIRACLE RB1,Military,2017-01-23 23:42:37+00:00,2017-01-24 00:49:41+00:00,13,1.1177777777777778,2.1153846153846154,3.194486435993052,8.9,19.62842,-156.00228,19.63057,-156.00406,0.5384615384615384,88.13195126248671,1,0.8336111111111111,1,,,,,,,,证据缺失_无吃水数据
983542772_1,983542772,CARNIVAL MIRACLE RB2,Military,2017-01-22 17:34:05+00:00,2017-01-22 19:46:40+00:00,93,2.209722222222222,2.229032258064516,5.028215619299306,23.1,19.6304,-156.00313,19.63075,-156.00289,0.5376344086021505,84.48106336268285,0,20.87472222222222,1,,,,,,,,证据缺失_无吃水数据
983542772_2,983542772,CARNIVAL MIRACLE RB2,Military,2017-01-23 16:39:09+00:00,2017-01-24 08:06:56+00:00,660,15.463055555555556,8.762272727272729,9.123325554969314,24.6,19.62905,-156.00378,20.74393,-154.70537,0.4696969696969697,59.02406406529858,1,0.5955555555555555,2,,,,,,,,证据缺失_无吃水数据
